1,37.6,0.18,82.0,363.59,4.36,29.2,0.24,0.22
2,24.73,0.23,77.0,342.44,10.01,21.41,0.15,0.24
3,37.77,0.15,85.0,435.49,8.07,25.45,0.08,0.22
4,27.86,0.2,80.0,472.72,7.06,31.32,0.13,0.27
5,24.58,0.18,82.0,482.79,10.83,17.13,0.28,0.23
6,31.86,0.21,79.0,338.68,6.98,24.38,0.25,0.25
7,12.29,0.29,71.0,495.54,6.98,24.79,0.21,0.42
8,38.56,0.21,79.0,293.28,2.8,34.02,0.18,0.21
9,25.98,0.2,80.0,444.88,8.95,26.8,0.2,0.25
10,34.0,0.21,79.0,373.59,4.72,32.53,0.05,0.22
11,37.36,0.15,85.0,400.32,7.4,28.17,0.19,0.23
12,37.56,0.21,79.0,328.28,2.53,33.74,0.12,0.24
13,20.9,0.23,77.0,455.73,8.01,22.3,0.28,0.23
14,48.17,0.16,84.0,206.34,7.51,20.58,0.1,0.18
15,36.45,0.2,80.0,350.47,4.42,29.14,0.18,0.27
16,38.01,0.17,83.0,408.79,4.89,31.17,0.14,0.24
17,39.71,0.17,83.0,358.36,5.63,26.7,0.23,0.19
18,34.92,0.2,80.0,280.6,8.58,21.32,0.21,0.29
19,28.31,0.19,81.0,386.48,10.96,17.47,0.16,0.21
20,41.62,0.18,82.0,261.77,6.95,29.82,0.15,0.27
21,24.08,0.2,80.0,397.14,13.1,12.32,0.17,0.29
22,27.61,0.22,78.0,318.85,10.2,21.65,0.19,0.29
23,16.47,0.24,76.0,385.51,14.34,11.91,0.28,0.23
24,38.38,0.17,83.0,423.62,3.69,35.59,0.13,0.27
25,31.61,0.15,85.0,447.74,10.1,17.28,0.23,0.25
26,38.68,0.19,81.0,175.72,11.01,19.86,0.17,0.22
27,34.01,0.22,78.0,397.23,1.59,39.47,0.18,0.2
28,40.67,0.18,82.0,291.16,6.78,22.16,0.14,0.27
29,29.82,0.18,82.0,455.86,8.64,27.23,0.2,0.24
30,22.14,0.22,78.0,394.84,10.04,17.75,0.36,0.18
31,25.0,0.24,76.0,384.36,8.03,25.97,0.15,0.21
32,38.17,0.13,87.0,344.67,12.53,13.86,0.26,0.23
33,41.29,0.17,83.0,393.32,3.04,34.29,0.12,0.21
34,28.34,0.24,76.0,298.07,6.88,22.04,0.2,0.26
35,22.51,0.24,76.0,395.09,7.07,27.23,0.28,0.28
36,33.05,0.2,80.0,306.39,8.31,23.02,0.23,0.23
37,47.44,0.16,84.0,309.14,2.69,35.94,0.14,0.27
38,36.22,0.2,80.0,187.07,12.05,17.86,0.13,0.25
39,24.65,0.27,73.0,321.17,5.37,29.8,0.13,0.24
40,21.88,0.25,75.0,385.6,8.95,24.51,0.13,0.21
41,39.11,0.17,83.0,205.86,10.17,21.23,0.35,0.23
42,6.39,0.31,69.0,425.17,9.58,20.82,0.41,0.27
43,39.49,0.24,76.0,219.69,1.34,34.78,0.2,0.22
44,35.96,0.17,83.0,479.75,2.96,39.8,0.05,0.2
45,20.67,0.21,79.0,524.21,7.9,24.65,0.29,0.19
46,23.44,0.19,81.0,499.67,9.37,17.65,0.27,0.23
47,48.31,0.15,85.0,267.11,4.89,33.11,0.15,0.23
48,47.36,0.16,84.0,201.59,8.03,23.71,0.16,0.2
49,32.53,0.18,82.0,384.73,8.33,21.35,0.24,0.22
50,44.5,0.13,87.0,252.57,9.66,18.18,0.38,0.26
51,19.39,0.26,74.0,338.92,9.85,17.71,0.34,0.26
52,33.46,0.22,78.0,290.91,7.46,29.2,0.1,0.26
53,25.78,0.23,77.0,300.89,11.06,20.02,0.21,0.25
54,29.61,0.2,80.0,366.82,7.87,24.95,0.27,0.23
55,15.58,0.25,75.0,507.86,9.34,23.21,0.22,0.27
56,31.68,0.22,78.0,206.42,10.06,18.42,0.33,0.27
57,36.83,0.17,83.0,298.72,9.98,21.47,0.23,0.23
58,31.43,0.22,78.0,420.14,3.35,41.6,0.12,0.27
59,34.85,0.18,82.0,461.36,3.03,30.37,0.22,0.22
60,25.53,0.23,77.0,271.42,11.94,17.46,0.27,0.22
61,33.49,0.22,78.0,283.51,6.23,26.53,0.22,0.2
62,32.63,0.23,77.0,296.54,4.61,32.0,0.21,0.24
63,29.39,0.19,81.0,365.28,9.71,16.26,0.23,0.22
64,28.81,0.22,78.0,358.83,4.91,29.18,0.31,0.19
65,26.3,0.18,82.0,550.61,8.01,27.04,0.13,0.21
66,33.61,0.2,80.0,389.76,5.49,33.3,0.18,0.18
67,39.92,0.2,80.0,298.52,1.53,35.84,0.36,0.36
68,37.63,0.15,85.0,471.76,4.06,30.7,0.26,0.43
69,25.7,0.22,78.0,498.09,5.12,29.58,0.09,0.22
70,27.51,0.2,80.0,365.63,10.13,19.5,0.32,0.28
71,40.54,0.14,86.0,304.14,10.1,18.34,0.19,0.22
72,45.94,0.15,85.0,284.36,4.52,30.99,0.18,0.27
73,30.78,0.24,76.0,212.0,6.74,20.7,0.29,0.3
74,45.06,0.16,84.0,315.27,2.38,33.08,0.28,0.27
75,34.37,0.14,86.0,441.5,9.36,20.5,0.29,0.27
76,32.24,0.18,82.0,392.0,7.56,26.05,0.24,0.24
77,20.9,0.29,71.0,293.31,6.17,23.54,0.23,0.28
78,37.62,0.19,81.0,280.69,7.63,22.63,0.12,0.25
79,41.92,0.18,82.0,260.5,4.38,32.02,0.32,0.26
80,34.18,0.17,83.0,468.04,5.48,27.86,0.11,0.2
81,41.91,0.17,83.0,319.61,3.09,34.78,0.32,0.22
82,29.74,0.19,81.0,489.25,4.36,25.45,0.27,0.21
83,28.4,0.22,78.0,299.32,8.66,26.18,0.26,0.29
84,32.19,0.2,80.0,443.3,3.97,30.93,0.19,0.23
85,40.44,0.16,84.0,259.76,8.14,21.21,0.34,0.25
86,28.65,0.17,83.0,487.74,7.42,27.48,0.21,0.26
87,41.46,0.21,79.0,346.1,1.56,37.76,0.15,0.28
88,28.65,0.24,76.0,340.97,4.79,30.31,0.24,0.23
89,44.29,0.12,88.0,419.26,6.32,25.83,0.11,0.34
90,35.1,0.2,80.0,359.8,4.57,28.15,0.17,0.25
91,47.02,0.13,87.0,363.14,4.8,31.46,0.17,0.23
92,22.02,0.21,79.0,412.62,13.34,14.11,0.22,0.2
93,21.67,0.2,80.0,473.21,13.0,16.99,0.1,0.26
94,42.16,0.14,86.0,404.99,5.63,23.51,0.22,0.24
95,26.79,0.23,77.0,390.51,5.81,22.62,0.3,0.27
96,40.33,0.18,82.0,331.29,4.91,28.1,0.21,0.22
97,67.56,0.27,73.0,253.49,1.0,25.47,0.1,0.22
98,58.0,0.08,92.0,314.2,4.5,28.28,0.21,0.27
99,24.17,0.26,74.0,391.99,2.65,41.42,0.28,0.26
100,23.96,0.25,75.0,296.16,10.36,19.39,0.19,0.2
101,36.58,0.23,77.0,218.64,2.97,33.77,0.25,0.62
102,17.42,0.21,79.0,444.2,13.39,13.87,0.38,0.36
103,19.08,0.21,79.0,498.88,11.41,16.68,0.32,0.44
104,34.03,0.19,81.0,358.77,5.8,22.86,0.22,0.39
105,22.53,0.21,79.0,430.16,11.39,15.75,0.2,0.4
106,34.19,0.11,89.0,506.71,10.97,19.6,0.23,0.38
107,45.16,0.13,87.0,239.07,9.51,24.91,0.35,0.5
108,53.71,0.17,83.0,238.37,1.76,34.3,0.17,0.45
109,30.74,0.18,82.0,465.99,5.9,22.76,0.22,0.38
110,36.97,0.17,83.0,413.73,4.82,26.33,0.27,0.38
111,42.45,0.11,89.0,270.43,13.12,13.53,0.35,0.49
112,22.86,0.17,83.0,576.7,10.72,18.92,0.17,0.51
113,39.45,0.15,85.0,355.23,6.4,21.79,0.33,0.26
114,32.29,0.18,82.0,366.05,9.46,21.64,0.23,0.25
115,31.23,0.18,82.0,376.67,8.94,23.98,0.28,0.27
116,30.51,0.17,83.0,400.47,9.15,24.68,0.36,0.31
117,34.81,0.18,82.0,430.68,5.39,26.33,0.16,0.35
118,26.33,0.2,80.0,436.93,9.26,22.56,0.25,0.35
119,26.47,0.18,82.0,482.83,8.54,25.01,0.22,0.47
120,38.22,0.16,84.0,426.94,3.52,38.98,0.22,0.44
121,29.21,0.18,82.0,501.15,6.06,22.21,0.23,0.46
122,33.43,0.23,77.0,415.08,1.44,29.5,0.27,0.45
123,19.9,0.24,76.0,435.89,9.43,23.4,0.22,0.59
124,33.07,0.19,81.0,264.95,10.8,17.87,0.24,0.42
125,22.23,0.21,79.0,491.13,8.58,24.33,0.26,0.25
126,26.73,0.24,76.0,190.69,13.06,15.25,0.24,0.28
127,30.52,0.2,80.0,368.56,8.7,22.42,0.26,0.26
128,33.47,0.22,78.0,251.5,4.73,27.36,0.24,0.46
129,22.85,0.22,78.0,481.05,6.02,23.78,0.28,0.45
130,29.4,0.2,80.0,420.02,6.55,25.36,0.25,0.48
131,41.56,0.2,80.0,239.41,4.14,26.89,0.23,0.42
132,21.66,0.26,74.0,398.76,7.29,23.2,0.13,0.41
133,17.04,0.28,72.0,340.38,8.98,19.66,0.26,0.38
134,38.29,0.2,80.0,357.84,1.7,30.49,0.12,0.39
135,25.39,0.2,80.0,436.24,9.23,20.01,0.27,0.35
136,46.3,0.16,84.0,264.29,4.63,28.75,0.28,0.38
137,35.88,0.19,81.0,404.27,3.61,34.81,0.22,0.43
138,35.7,0.15,85.0,334.54,12.0,19.8,0.22,0.42
139,50.42,0.16,84.0,257.47,2.77,41.59,0.11,0.34
140,23.48,0.16,84.0,487.64,13.62,13.97,0.22,0.42
141,30.17,0.16,84.0,465.55,8.27,23.54,0.25,0.36
142,40.67,0.17,83.0,229.19,8.7,24.91,0.26,0.38
143,33.44,0.16,84.0,404.14,9.0,24.43,0.19,0.43
144,27.72,0.2,80.0,354.19,8.87,23.58,0.3,0.39
145,38.17,0.15,85.0,543.24,2.0,38.06,0.14,0.45
146,40.63,0.15,85.0,362.37,8.53,22.72,0.11,0.37
147,28.5,0.18,82.0,389.97,11.54,19.44,0.22,0.53
148,21.68,0.22,78.0,397.65,9.25,18.91,0.4,0.45
149,31.88,0.18,82.0,388.67,8.31,27.37,0.29,0.43
150,39.84,0.14,86.0,362.86,7.91,26.32,0.27,0.38
151,31.62,0.18,82.0,324.41,10.41,19.76,0.3,0.38
152,41.48,0.21,79.0,190.57,2.88,40.03,0.25,0.42
153,39.92,0.12,88.0,370.55,11.64,21.95,0.14,0.55
154,52.93,0.13,87.0,192.46,5.85,25.52,0.3,0.56
155,46.39,0.12,88.0,222.09,11.57,15.52,0.31,0.55
156,38.63,0.19,81.0,309.77,4.74,29.62,0.22,0.43
157,37.28,0.14,86.0,486.77,5.91,22.88,0.26,0.51
158,28.17,0.22,78.0,376.3,5.38,25.84,0.25,0.46
159,29.7,0.17,83.0,438.68,10.01,16.89,0.25,0.5
160,32.08,0.15,85.0,496.99,7.89,27.08,0.19,0.46
161,42.6,0.11,89.0,315.36,12.49,13.92,0.31,0.57
162,46.11,0.12,88.0,330.76,6.95,24.06,0.34,0.52
163,26.22,0.22,78.0,380.21,7.98,17.4,0.34,0.57
164,25.4,0.21,79.0,385.05,11.27,17.18,0.22,0.45
165,28.27,0.18,82.0,295.44,14.93,10.01,0.34,0.52
166,42.34,0.17,83.0,280.55,7.62,30.39,0.08,0.46
167,41.61,0.09,91.0,546.47,5.56,25.83,0.22,0.49
168,35.03,0.2,80.0,325.93,5.22,30.66,0.34,0.6
169,43.45,0.18,82.0,268.2,4.53,32.83,0.15,0.49
170,54.4,0.08,92.0,336.64,5.53,24.45,0.32,0.52
171,29.68,0.18,82.0,403.63,10.88,15.67,0.21,0.43
172,54.37,0.14,86.0,313.1,1.71,36.79,0.24,0.38
173,31.28,0.17,83.0,429.74,9.15,27.66,0.2,0.51
174,36.33,0.16,84.0,387.64,7.33,21.07,0.25,0.6
175,51.12,0.13,87.0,296.14,4.6,33.42,0.05,0.49
176,29.87,0.19,81.0,306.37,12.25,15.25,0.34,0.52
177,28.16,0.17,83.0,501.35,8.92,18.76,0.18,0.41
178,34.79,0.2,80.0,410.44,3.15,37.18,0.2,0.53
179,30.22,0.15,85.0,579.1,6.05,30.52,0.17,0.36
180,40.27,0.13,87.0,291.37,11.48,17.31,0.28,0.46
181,46.23,0.14,86.0,213.75,9.59,19.96,0.31,0.55
182,28.6,0.16,84.0,439.6,12.48,17.6,0.19,0.62
183,24.92,0.19,81.0,520.93,9.36,23.67,0.08,0.48
184,31.52,0.18,82.0,346.21,10.05,22.35,0.3,0.53
185,27.83,0.19,81.0,490.31,7.56,24.61,0.2,0.57
186,30.02,0.18,82.0,456.14,7.62,28.72,0.19,0.52
187,63.07,0.11,89.0,195.53,2.22,33.44,0.16,0.52
188,46.97,0.14,86.0,259.1,6.23,21.54,0.32,0.47
189,26.34,0.16,84.0,592.91,7.43,20.63,0.17,0.49
190,40.69,0.13,87.0,401.99,7.37,27.99,0.23,0.48
191,40.04,0.12,88.0,346.01,10.94,16.1,0.27,0.47
192,29.52,0.18,82.0,501.07,4.69,30.42,0.25,0.59
193,37.34,0.19,81.0,299.64,6.44,24.97,0.21,0.59
194,27.95,0.18,82.0,388.51,9.54,23.21,0.43,0.61
195,47.08,0.13,87.0,404.3,3.14,30.6,0.26,0.57
196,30.58,0.19,81.0,426.75,8.02,23.55,0.19,0.55
197,31.54,0.17,83.0,383.9,11.26,12.99,0.22,0.6
198,26.44,0.22,78.0,464.1,3.22,34.03,0.36,0.6
199,28.84,0.23,77.0,396.65,4.29,30.8,0.26,0.28
200,34.23,0.17,83.0,425.29,6.12,27.24,0.23,0.29
201,23.37,0.18,82.0,573.62,7.66,20.38,0.27,0.26
202,46.54,0.16,84.0,196.9,4.57,24.33,0.38,0.48
203,40.66,0.14,86.0,319.83,9.71,20.33,0.27,0.49
204,46.77,0.12,88.0,330.66,7.65,26.64,0.19,0.46
205,25.8,0.17,83.0,534.39,9.92,20.43,0.17,0.39
206,40.65,0.12,88.0,359.11,11.25,18.6,0.06,0.47
207,38.24,0.13,87.0,434.4,6.56,24.24,0.33,0.49
208,28.81,0.2,80.0,498.22,3.85,30.09,0.16,0.58
209,38.39,0.13,87.0,281.41,13.01,15.71,0.34,0.43
210,55.08,0.12,88.0,289.57,1.78,37.4,0.17,0.49
211,32.26,0.19,81.0,394.13,5.75,19.9,0.29,0.47
212,41.76,0.12,88.0,316.19,10.04,20.47,0.34,0.48
213,53.86,0.06,94.0,289.38,10.78,16.28,0.26,0.54
214,28.02,0.25,75.0,370.82,3.33,30.1,0.18,0.58
215,26.31,0.2,80.0,439.27,8.13,25.97,0.27,0.44
216,38.19,0.14,86.0,355.81,8.69,25.36,0.33,0.56
217,23.03,0.17,83.0,605.83,7.9,27.34,0.19,0.5
218,38.42,0.16,84.0,294.33,10.33,19.27,0.34,0.44
219,38.52,0.15,85.0,385.69,7.73,20.1,0.19,0.45
220,39.51,0.15,85.0,465.48,2.56,39.83,0.24,0.68
221,22.49,0.21,79.0,562.24,5.87,26.21,0.18,0.47
222,38.72,0.15,85.0,453.85,3.19,44.86,0.23,0.35
223,36.32,0.14,86.0,422.5,9.15,23.31,0.26,0.33
224,29.9,0.18,82.0,356.26,10.18,17.26,0.35,0.36
225,29.56,0.22,78.0,416.45,3.05,31.44,0.33,0.47
226,41.09,0.15,85.0,316.24,8.49,21.69,0.3,0.53
227,48.61,0.1,90.0,255.44,10.2,21.5,0.29,0.35
228,38.11,0.2,80.0,342.1,2.13,40.74,0.21,0.45
229,35.38,0.14,86.0,409.79,9.19,23.56,0.29,0.3
230,42.15,0.13,87.0,269.68,11.75,15.28,0.37,0.35
231,43.54,0.15,85.0,213.13,10.28,17.95,0.31,0.36
232,42.34,0.14,86.0,387.24,6.3,33.67,0.12,0.71
233,50.66,0.14,86.0,146.34,8.91,18.35,0.25,0.32
234,32.42,0.16,84.0,530.87,4.23,29.42,0.26,0.29
235,30.57,0.17,83.0,333.38,12.85,13.02,0.34,0.29
236,30.75,0.24,76.0,265.73,5.76,27.04,0.28,0.33
237,37.58,0.15,85.0,241.64,11.99,19.65,0.49,0.37
238,40.32,0.14,86.0,483.58,2.48,42.73,0.18,0.28
239,35.17,0.16,84.0,388.47,8.85,23.71,0.21,0.37
240,31.09,0.15,85.0,399.51,13.18,11.23,0.25,0.34
241,35.78,0.14,86.0,303.6,11.27,17.5,0.42,0.44
242,30.51,0.2,80.0,356.22,9.63,23.97,0.25,0.47
243,36.75,0.18,82.0,348.3,6.62,24.59,0.06,0.35
244,38.28,0.18,82.0,252.26,9.43,24.14,0.29,0.51
245,38.93,0.12,88.0,415.04,9.62,18.54,0.22,0.39
246,41.5,0.14,86.0,346.33,7.43,25.8,0.24,0.38
247,34.6,0.12,88.0,597.9,4.17,36.31,0.17,0.56
248,52.27,0.11,89.0,214.65,8.38,26.25,0.3,0.46
249,34.2,0.16,84.0,390.1,9.38,26.81,0.27,0.43
250,32.56,0.18,82.0,456.43,5.34,28.99,0.25,0.31
251,37.49,0.17,83.0,285.05,8.86,23.16,0.29,0.62
252,28.33,0.2,80.0,389.72,9.9,21.59,0.24,0.4
253,53.37,0.12,88.0,274.2,5.25,31.72,0.1,0.4
254,26.78,0.22,78.0,374.33,8.14,24.99,0.27,0.31
255,34.82,0.23,77.0,321.18,1.71,36.55,0.33,0.67
256,43.26,0.12,88.0,263.95,11.7,18.72,0.31,0.5
257,50.06,0.12,88.0,297.7,6.66,31.75,0.19,0.38
258,31.49,0.22,78.0,291.86,6.39,27.36,0.25,0.34
259,46.34,0.08,92.0,446.96,7.19,31.59,0.18,0.51
260,55.34,0.13,87.0,202.65,5.64,28.93,0.11,0.49
261,53.65,0.1,90.0,310.44,5.65,28.39,0.17,0.55
262,39.79,0.15,85.0,345.54,8.01,21.38,0.2,0.55
263,47.42,0.12,88.0,394.94,4.24,35.65,0.24,0.53
264,40.15,0.12,88.0,388.07,12.18,15.75,0.09,0.41
265,36.18,0.2,80.0,349.13,4.57,29.62,0.2,0.61
266,34.47,0.16,84.0,443.24,6.83,23.91,0.28,0.46
267,42.31,0.15,85.0,390.9,4.54,34.13,0.14,0.36
268,41.93,0.13,87.0,427.77,7.03,26.18,0.08,0.34
269,50.72,0.11,89.0,313.59,6.62,25.74,0.17,0.36
270,47.07,0.14,86.0,325.46,4.57,29.93,0.22,0.51
271,18.25,0.21,79.0,415.36,13.52,14.25,0.4,0.61
272,43.49,0.13,87.0,342.42,6.52,26.11,0.36,0.63
273,50.96,0.11,89.0,407.19,3.5,27.33,0.12,0.52
274,31.94,0.17,83.0,256.45,15.1,10.07,0.3,0.56
275,39.49,0.15,85.0,292.14,9.61,25.08,0.28,0.5
276,30.33,0.16,84.0,560.07,5.33,30.16,0.27,0.45
277,39.52,0.11,89.0,345.98,13.57,12.62,0.2,0.51
278,29.37,0.19,81.0,430.87,4.75,34.34,0.32,0.56
279,32.74,0.22,78.0,359.52,1.34,31.11,0.27,0.48
280,43.0,0.17,83.0,272.84,4.59,28.33,0.31,0.55
281,34.55,0.15,85.0,491.59,7.11,25.29,0.16,0.62
282,36.79,0.18,82.0,370.65,4.44,32.09,0.38,0.56
283,42.88,0.18,82.0,328.21,1.86,37.93,0.2,0.57
284,36.64,0.16,84.0,275.39,12.02,19.93,0.23,0.54
285,56.0,0.11,89.0,151.66,9.02,25.12,0.23,0.61
286,31.22,0.16,84.0,509.24,7.42,22.65,0.26,0.61
287,32.33,0.17,83.0,315.35,12.67,15.27,0.34,0.48
288,37.15,0.12,88.0,399.88,12.55,14.77,0.24,0.48
289,49.39,0.12,88.0,354.2,2.49,39.07,0.28,0.56
290,32.66,0.18,82.0,223.72,12.16,15.61,0.55,0.59
291,49.52,0.15,85.0,273.93,1.85,34.36,0.33,0.61
292,36.64,0.15,85.0,519.05,3.33,26.57,0.15,0.6
293,33.59,0.17,83.0,357.36,11.23,22.84,0.24,0.48
294,26.85,0.19,81.0,383.81,12.08,15.62,0.24,0.32
295,30.33,0.17,83.0,500.22,6.05,22.0,0.18,0.6
296,46.44,0.1,90.0,395.54,8.51,19.52,0.15,0.49
297,35.81,0.2,80.0,156.66,9.82,20.7,0.42,0.49
298,49.73,0.15,85.0,326.89,2.28,35.49,0.06,0.48
299,39.04,0.21,79.0,216.42,2.13,36.05,0.35,0.53
300,44.61,0.15,85.0,403.03,2.06,36.71,0.2,0.62
301,57.02,0.08,92.0,320.01,5.31,33.17,0.25,0.66
302,64.08,0.08,92.0,253.35,2.27,33.88,0.23,0.57
303,52.37,0.11,89.0,357.17,3.76,27.98,0.12,0.5
304,45.18,0.14,86.0,350.25,4.18,36.98,0.23,0.56
305,42.07,0.15,85.0,332.11,6.58,32.61,0.15,0.53
306,48.21,0.12,88.0,169.63,12.34,16.17,0.26,0.44
307,48.53,0.08,92.0,341.17,11.57,17.1,0.26,0.63
308,35.08,0.17,83.0,358.86,7.23,23.85,0.28,0.38
309,39.55,0.17,83.0,314.88,7.9,26.88,0.07,0.61
310,47.13,0.11,89.0,317.94,8.03,27.51,0.21,0.61
311,45.1,0.14,86.0,343.11,5.23,33.17,0.2,0.55
312,47.35,0.12,88.0,339.97,6.52,24.82,0.29,0.61
313,45.72,0.15,85.0,329.63,4.15,36.23,0.11,0.59
314,42.2,0.13,87.0,383.08,8.5,20.66,0.13,0.57
315,40.3,0.07,93.0,570.97,8.32,24.15,0.22,0.83
316,39.14,0.15,85.0,406.32,5.89,34.6,0.26,0.28
317,48.5,0.16,84.0,232.17,5.07,36.39,0.18,0.27
318,49.72,0.11,89.0,343.12,6.97,30.4,0.17,0.28
319,40.52,0.13,87.0,485.98,3.57,34.49,0.23,0.32
320,42.5,0.15,85.0,385.3,4.96,33.6,0.18,0.32
321,18.36,0.21,79.0,597.59,8.82,23.56,0.12,0.39
322,48.24,0.13,87.0,244.72,6.53,31.79,0.33,0.62
323,28.48,0.21,79.0,406.14,7.69,22.68,0.16,0.57
324,30.76,0.17,83.0,429.33,9.3,26.89,0.2,0.43
325,58.2,0.09,91.0,390.76,1.47,36.67,0.06,0.42
326,38.26,0.14,86.0,398.8,9.16,20.52,0.22,0.47
327,42.34,0.14,86.0,411.63,4.97,33.89,0.25,0.55
328,35.27,0.19,81.0,269.69,10.2,18.1,0.3,0.54
329,35.57,0.14,86.0,515.14,5.75,27.17,0.22,0.59
330,34.84,0.18,82.0,379.2,7.63,27.93,0.18,0.48
331,44.97,0.17,83.0,240.78,5.61,27.39,0.23,0.49
332,56.6,0.1,90.0,323.26,2.19,34.52,0.23,0.35
333,59.8,0.09,91.0,283.53,2.73,32.19,0.19,0.41
334,50.71,0.12,88.0,233.68,8.65,21.37,0.26,0.42
335,42.08,0.14,86.0,460.42,3.16,32.77,0.1,0.47
336,42.81,0.15,85.0,397.08,4.4,33.34,0.18,0.5
337,40.86,0.18,82.0,349.61,3.21,35.49,0.17,0.55
338,43.69,0.1,90.0,455.93,6.64,31.85,0.34,0.47
339,38.72,0.19,81.0,324.29,4.86,28.63,0.19,0.61
340,53.46,0.08,92.0,439.68,2.2,36.06,0.16,0.7
341,39.14,0.15,85.0,311.55,11.05,20.67,0.2,0.48
342,46.36,0.17,83.0,222.78,4.08,27.17,0.3,0.53
343,38.22,0.13,87.0,537.97,4.55,33.09,0.16,0.62
344,41.9,0.12,88.0,442.74,5.84,32.96,0.18,0.56
345,49.86,0.1,90.0,333.98,8.45,28.53,0.08,0.56
346,59.44,0.13,87.0,182.37,3.37,29.79,0.11,0.5
347,43.3,0.16,84.0,351.4,4.45,33.12,0.14,0.44
348,21.4,0.2,80.0,381.26,13.75,12.65,0.27,0.47
349,48.67,0.1,90.0,335.97,7.1,22.43,0.25,0.48
350,49.96,0.11,89.0,307.02,6.97,29.2,0.19,0.62
351,34.48,0.17,83.0,452.89,4.83,25.76,0.23,0.56
352,38.07,0.2,80.0,293.43,5.39,34.48,0.27,0.48
353,42.22,0.14,86.0,376.69,3.19,36.64,0.39,0.53
354,32.35,0.17,83.0,404.7,7.51,22.01,0.38,0.52
355,47.23,0.11,89.0,371.98,6.34,27.7,0.16,0.36
356,47.13,0.12,88.0,344.08,7.41,22.65,0.12,0.43
357,32.91,0.21,79.0,295.12,7.46,27.87,0.22,0.42
358,60.23,0.13,87.0,167.53,2.69,39.16,0.14,0.32
359,31.61,0.14,86.0,568.46,6.97,28.11,0.25,0.54
360,20.86,0.18,82.0,493.87,12.98,12.79,0.26,0.54
361,48.97,0.1,90.0,389.44,5.88,32.57,0.19,0.38
362,36.76,0.15,85.0,526.01,3.07,38.59,0.22,0.33
363,38.7,0.13,87.0,296.41,13.01,14.95,0.22,0.28
364,51.64,0.09,91.0,346.1,5.29,30.78,0.32,0.3
365,37.54,0.12,88.0,504.14,7.21,32.06,0.16,0.29
366,34.82,0.16,84.0,459.1,6.5,29.82,0.19,0.33
367,37.84,0.18,82.0,258.45,7.89,21.57,0.36,0.58
368,45.9,0.11,89.0,480.29,3.94,36.13,0.1,0.58
369,49.99,0.11,89.0,355.43,5.16,30.53,0.17,0.66
370,31.56,0.2,80.0,341.25,7.4,22.18,0.27,0.56
371,43.4,0.1,90.0,421.75,8.0,28.72,0.32,0.62
372,39.2,0.14,86.0,383.7,7.07,34.15,0.36,0.52
373,57.85,0.09,91.0,268.11,6.55,28.65,0.13,0.62
374,47.57,0.1,90.0,355.25,8.15,26.7,0.19,0.6
375,37.22,0.17,83.0,386.73,6.58,29.83,0.16,0.49
376,41.22,0.16,84.0,359.73,3.83,27.39,0.26,0.5
377,30.22,0.17,83.0,511.87,8.24,24.74,0.08,0.61
378,57.59,0.07,93.0,372.12,3.27,29.99,0.12,0.58
379,56.82,0.07,93.0,342.98,6.99,23.19,0.07,0.62
380,41.26,0.15,85.0,408.96,5.23,32.84,0.22,0.54
381,46.63,0.11,89.0,481.01,2.67,36.63,0.14,0.46
382,41.56,0.14,86.0,432.83,4.02,35.59,0.17,0.62
383,23.34,0.17,83.0,414.8,16.0,10.36,0.36,0.64
384,31.68,0.16,84.0,503.09,7.27,26.35,0.24,0.54
385,48.22,0.19,81.0,157.49,3.52,33.32,0.1,0.63
386,45.6,0.07,93.0,464.06,7.86,32.53,0.28,0.45
387,40.7,0.13,87.0,408.47,7.6,17.47,0.18,0.31
388,39.11,0.18,82.0,408.81,2.36,37.71,0.11,0.27
389,40.82,0.13,87.0,398.61,7.25,27.28,0.31,0.3
390,35.03,0.16,84.0,277.84,11.81,14.88,0.3,0.42
391,41.44,0.12,88.0,486.54,4.26,36.54,0.11,0.63
392,45.31,0.11,89.0,338.85,9.05,21.81,0.12,0.73
393,49.71,0.07,93.0,346.56,11.76,17.27,0.18,0.7
394,60.95,0.05,95.0,369.11,2.39,36.14,0.28,0.73
395,38.11,0.14,86.0,530.66,3.31,28.47,0.28,0.59
396,38.83,0.15,85.0,484.44,3.62,35.23,0.15,0.54
397,33.6,0.18,82.0,376.36,7.55,17.67,0.22,0.7
398,46.36,0.1,90.0,438.96,4.59,33.27,0.12,0.74
399,55.03,0.06,94.0,218.77,11.98,19.66,0.24,0.49
400,40.19,0.11,89.0,497.11,8.61,22.2,0.08,0.45
401,47.32,0.09,91.0,399.57,9.32,19.54,0.11,0.56
402,53.85,0.16,84.0,254.21,1.31,32.08,0.19,0.45
403,42.39,0.08,92.0,491.11,7.65,27.66,0.27,0.43
404,48.47,0.1,90.0,438.56,4.92,28.95,0.08,0.37
405,45.89,0.1,90.0,450.16,3.35,31.08,0.33,0.66
406,26.87,0.17,83.0,529.92,7.98,27.83,0.26,0.64
407,48.21,0.1,90.0,355.52,7.2,27.42,0.22,0.72
408,44.07,0.15,85.0,390.14,3.18,29.06,0.17,0.56
409,46.27,0.19,81.0,235.56,3.03,37.13,0.07,0.5
410,37.33,0.12,88.0,412.01,9.66,18.36,0.29,0.47
411,42.63,0.15,85.0,417.76,3.16,36.94,0.22,0.67
412,27.89,0.15,85.0,550.0,10.28,19.76,0.12,0.61
413,25.73,0.16,84.0,460.05,11.98,15.64,0.35,0.74
414,46.18,0.1,90.0,342.64,9.45,24.6,0.26,0.44
415,28.66,0.21,79.0,348.77,8.61,19.6,0.17,0.62
416,55.95,0.08,92.0,399.86,3.46,25.15,0.14,0.75
417,59.1,0.05,95.0,233.79,11.74,18.19,0.09,0.85
418,49.02,0.06,94.0,447.98,7.55,25.73,0.3,1.0
419,37.78,0.14,86.0,395.66,9.85,15.41,0.22,0.77
420,48.16,0.06,94.0,362.45,12.43,12.48,0.23,0.9
421,40.54,0.15,85.0,349.74,7.7,28.29,0.12,0.61
422,45.58,0.1,90.0,501.83,4.02,32.47,0.18,0.33
423,52.12,0.11,89.0,329.05,5.37,29.12,0.15,0.33
424,62.1,0.21,79.0,168.52,1.0,25.33,0.24,0.6
425,50.43,0.09,91.0,354.16,5.74,29.49,0.26,0.75
426,51.94,0.1,90.0,314.27,7.84,22.33,0.05,0.64
427,46.71,0.15,85.0,355.71,3.12,34.26,0.05,0.84
428,28.74,0.2,80.0,423.39,7.36,27.59,0.18,0.75
429,36.88,0.18,82.0,314.12,5.31,28.33,0.34,0.56
430,40.32,0.1,90.0,426.62,8.82,18.65,0.37,0.34
431,44.19,0.11,89.0,443.63,6.25,23.61,0.12,0.36
432,29.77,0.17,83.0,476.35,9.76,24.15,0.14,0.39
433,67.69,0.06,94.0,219.21,3.64,40.38,0.14,0.46
434,41.61,0.13,87.0,404.94,6.68,25.46,0.2,0.82
435,53.73,0.11,89.0,229.78,5.33,32.91,0.32,0.58
436,52.94,0.1,90.0,237.77,7.13,20.9,0.4,0.37
437,34.44,0.17,83.0,509.33,3.19,30.61,0.11,0.53
438,60.76,0.08,92.0,336.1,2.38,35.51,0.12,0.72
439,60.35,0.09,91.0,255.59,3.72,34.73,0.14,0.68
440,50.38,0.12,88.0,350.25,4.23,24.76,0.1,1.14
441,35.72,0.15,85.0,575.27,2.18,38.53,0.16,0.88
442,53.94,0.12,88.0,277.83,4.61,31.25,0.21,0.66
443,39.07,0.16,84.0,415.34,4.67,33.99,0.2,0.36
444,46.88,0.12,88.0,385.72,6.2,33.84,0.15,0.35
445,48.27,0.1,90.0,412.43,6.17,28.32,0.1,0.33
446,53.63,0.1,90.0,281.2,7.41,25.88,0.11,0.34
447,52.5,0.08,92.0,351.83,6.91,32.19,0.25,0.36
448,48.92,0.11,89.0,323.31,6.51,23.4,0.22,0.37
449,56.65,0.07,93.0,247.72,10.0,17.47,0.26,0.35
450,46.86,0.14,86.0,291.77,6.59,22.74,0.18,0.32
451,50.78,0.1,90.0,245.98,10.66,22.33,0.32,0.33
452,44.46,0.14,86.0,378.05,5.16,34.75,0.1,0.35
453,48.88,0.12,88.0,326.61,6.23,27.39,0.12,0.33
454,60.26,0.07,93.0,329.23,3.05,38.68,0.34,0.35
455,53.0,0.1,90.0,314.56,5.01,30.01,0.18,0.33
456,45.2,0.14,86.0,386.49,2.25,34.33,0.3,0.34
457,49.78,0.1,90.0,359.61,4.07,30.5,0.4,0.32
458,50.99,0.11,89.0,337.97,3.76,30.63,0.26,0.34
459,49.65,0.14,86.0,330.05,3.44,33.5,0.12,0.34
460,44.13,0.07,93.0,457.19,7.74,29.5,0.36,0.33
461,59.18,0.07,93.0,352.26,4.6,32.96,0.07,0.4
462,48.42,0.1,90.0,336.47,6.13,33.15,0.32,0.4
463,53.52,0.11,89.0,252.69,6.11,34.05,0.31,0.55
464,42.69,0.14,86.0,429.75,2.36,39.6,0.37,0.6
465,35.0,0.17,83.0,402.08,6.13,23.97,0.28,0.45
466,33.78,0.15,85.0,430.28,7.72,20.02,0.37,0.35
467,54.28,0.08,92.0,305.65,7.48,30.92,0.38,0.45
468,38.91,0.14,86.0,390.73,8.0,18.13,0.28,0.38
469,46.39,0.11,89.0,358.93,7.9,24.18,0.2,0.45
470,46.14,0.07,93.0,404.36,8.3,22.13,0.35,0.45
471,58.56,0.07,93.0,286.25,5.75,32.02,0.16,0.36
472,36.79,0.15,85.0,352.29,8.59,25.99,0.27,0.35
473,36.99,0.14,86.0,515.26,5.5,24.49,0.09,0.33
474,46.14,0.12,88.0,372.82,6.75,19.62,0.16,0.34
475,34.56,0.14,86.0,506.16,5.09,37.57,0.34,0.35
476,52.06,0.09,91.0,375.37,3.83,36.39,0.28,0.32
477,49.91,0.1,90.0,408.83,4.26,36.02,0.18,0.4
478,41.12,0.12,88.0,480.02,4.62,31.28,0.16,0.41
479,53.8,0.07,93.0,238.84,9.69,21.35,0.4,0.4
480,54.95,0.06,94.0,425.72,3.73,34.32,0.25,0.45
481,53.77,0.11,89.0,311.05,3.62,28.44,0.24,0.35
482,60.84,0.06,94.0,282.48,6.31,34.38,0.15,0.41
483,53.27,0.1,90.0,323.87,5.36,25.66,0.16,0.37
484,43.18,0.06,94.0,551.91,8.89,24.37,0.24,0.39
485,38.32,0.08,92.0,557.21,9.29,20.64,0.34,0.34
486,49.18,0.13,87.0,317.32,4.4,33.52,0.08,0.34
487,46.41,0.06,94.0,536.01,5.51,33.2,0.36,0.36
488,32.63,0.15,85.0,479.12,9.67,23.44,0.12,0.82
489,38.83,0.14,86.0,479.72,4.95,31.02,0.15,0.48
490,29.21,0.12,88.0,526.21,11.64,14.49,0.25,0.31
491,24.82,0.14,86.0,537.68,13.49,13.11,0.2,0.31
492,36.49,0.14,86.0,427.64,7.08,27.5,0.35,0.72
493,34.17,0.11,89.0,534.09,7.21,32.99,0.33,0.65
494,43.08,0.11,89.0,366.15,9.38,18.94,0.24,0.74
495,51.56,0.07,93.0,471.26,3.79,37.5,0.25,0.35
496,41.38,0.12,88.0,409.6,6.34,40.21,0.38,0.31
497,41.74,0.15,85.0,388.57,5.12,32.6,0.22,0.36
498,46.05,0.13,87.0,260.86,8.28,20.3,0.38,0.56
499,32.31,0.18,82.0,315.79,9.41,18.1,0.36,0.63
500,48.16,0.12,88.0,311.24,4.96,29.36,0.28,0.52
501,51.67,0.1,90.0,301.66,5.68,30.51,0.21,0.63
502,56.96,0.06,94.0,354.53,6.16,23.86,0.25,0.76
503,46.16,0.07,93.0,454.16,9.63,18.92,0.16,0.59
504,34.29,0.11,89.0,576.8,5.59,32.55,0.35,0.66
505,38.07,0.16,84.0,347.5,6.71,23.09,0.34,0.69
506,64.05,0.06,94.0,262.39,3.01,31.37,0.36,0.61
507,46.91,0.06,94.0,406.34,10.04,17.3,0.32,0.62
508,40.3,0.11,89.0,479.27,4.91,36.98,0.44,0.53
509,49.31,0.07,93.0,457.49,7.49,29.92,0.1,0.57
510,51.19,0.07,93.0,445.78,4.34,35.61,0.23,0.6
511,38.54,0.12,88.0,386.83,7.64,22.52,0.41,0.55
512,46.49,0.12,88.0,357.87,4.48,33.29,0.34,0.57
513,53.12,0.1,90.0,266.99,6.75,26.11,0.22,0.81
514,49.12,0.1,90.0,348.15,6.31,27.23,0.28,0.66
515,47.06,0.11,89.0,375.93,7.93,21.79,0.07,0.61
516,48.32,0.08,92.0,444.98,4.97,36.31,0.36,0.82
517,38.26,0.15,85.0,420.92,5.69,27.1,0.24,0.63
518,40.31,0.11,89.0,522.86,4.04,33.77,0.26,0.83
519,65.89,0.07,93.0,212.53,4.62,37.84,0.32,0.78
520,50.07,0.12,88.0,351.05,4.34,31.82,0.11,0.47
521,36.2,0.14,86.0,510.55,5.63,32.14,0.06,0.49
522,39.85,0.08,92.0,536.07,8.59,22.6,0.3,0.65
523,52.98,0.11,89.0,331.49,3.95,32.85,0.15,0.75
524,64.39,0.05,95.0,308.09,4.06,35.14,0.22,0.72
525,49.68,0.16,84.0,192.48,4.58,26.92,0.23,0.79
526,33.75,0.14,86.0,408.2,12.31,16.27,0.23,0.57
527,70.91,0.04,96.0,229.69,5.06,35.76,0.08,0.55
528,35.32,0.14,86.0,429.04,5.88,29.27,0.5,0.53
529,44.15,0.16,84.0,334.4,3.72,32.57,0.1,0.66
530,38.95,0.16,84.0,350.37,5.03,33.25,0.32,0.31
531,56.74,0.07,93.0,294.99,6.67,24.28,0.36,0.34
532,51.15,0.09,91.0,316.73,7.0,25.47,0.33,0.42
533,44.28,0.11,89.0,465.06,5.51,26.86,0.16,0.87
534,45.67,0.11,89.0,386.17,4.97,24.69,0.32,0.87
535,62.2,0.05,95.0,257.46,6.75,25.71,0.28,0.62
536,32.53,0.14,86.0,554.65,6.2,31.47,0.1,0.86
537,52.89,0.07,93.0,406.83,3.33,35.59,0.38,0.99
538,45.44,0.08,92.0,502.66,3.35,31.21,0.38,0.84
539,46.68,0.08,92.0,475.53,4.77,24.13,0.25,0.82
540,46.08,0.08,92.0,401.34,7.35,29.39,0.37,1.01
541,45.58,0.09,91.0,455.5,4.62,23.41,0.32,0.95
542,45.68,0.08,92.0,483.94,6.02,30.67,0.34,0.69
543,66.12,0.09,91.0,252.86,1.66,31.58,0.07,0.39
544,55.31,0.05,95.0,343.49,5.39,35.25,0.45,0.38
545,46.78,0.09,91.0,419.12,5.36,28.14,0.37,0.34
546,45.76,0.09,91.0,498.55,2.71,35.35,0.38,0.74
547,59.1,0.1,90.0,372.47,1.76,37.59,0.21,0.57
548,34.08,0.16,84.0,519.33,3.98,34.52,0.22,0.35
549,47.99,0.08,92.0,449.52,5.65,29.89,0.13,0.39
550,47.07,0.11,89.0,309.35,8.05,30.09,0.33,0.41
551,56.83,0.09,91.0,368.97,1.86,37.93,0.32,0.36
552,37.8,0.12,88.0,485.93,4.68,31.22,0.39,0.57
553,40.27,0.08,92.0,526.82,7.48,19.06,0.33,0.55
554,52.01,0.12,88.0,310.51,3.24,31.37,0.16,0.67
555,41.68,0.15,85.0,341.77,5.15,29.5,0.35,0.85
556,48.51,0.1,90.0,353.68,6.51,26.6,0.37,0.57
557,66.24,0.08,92.0,196.92,2.78,34.96,0.21,0.32
558,51.0,0.06,94.0,404.25,6.94,25.74,0.15,0.33
559,46.41,0.09,91.0,390.91,6.9,35.54,0.4,0.33
560,49.69,0.09,91.0,197.36,13.27,14.89,0.37,0.39
561,48.9,0.09,91.0,388.36,4.78,32.45,0.31,0.51
562,50.61,0.11,89.0,336.79,5.89,29.2,0.11,0.53
563,57.18,0.06,94.0,193.65,11.98,18.3,0.36,0.83
564,42.36,0.11,89.0,463.01,6.53,26.62,0.15,0.32
565,45.69,0.12,88.0,483.48,2.03,39.84,0.17,0.58
566,54.58,0.06,94.0,387.63,6.07,26.72,0.16,0.59
567,30.78,0.11,89.0,628.0,6.56,37.85,0.36,1.04
568,42.82,0.12,88.0,208.99,12.31,12.58,0.45,0.35
569,47.42,0.04,96.0,444.76,9.92,17.4,0.37,0.41
570,53.42,0.13,87.0,268.67,3.52,34.11,0.14,0.69
571,51.5,0.08,92.0,420.19,3.04,33.03,0.33,0.78
572,51.44,0.1,90.0,298.45,6.77,26.31,0.25,0.69
573,52.32,0.06,94.0,430.8,5.02,23.91,0.23,0.61
574,63.72,0.07,93.0,292.5,2.63,41.09,0.15,0.65
575,62.83,0.06,94.0,219.85,4.58,37.92,0.35,0.6
576,50.28,0.09,91.0,374.93,6.91,24.52,0.11,0.43
577,40.59,0.11,89.0,421.4,6.76,31.69,0.42,0.32
578,65.3,0.05,95.0,226.65,6.69,29.6,0.12,0.31
579,45.18,0.09,91.0,503.09,5.66,31.27,0.0,0.51
580,47.12,0.1,90.0,369.11,6.76,28.15,0.41,0.61
581,49.8,0.05,95.0,528.32,4.75,35.15,0.31,0.59
582,40.68,0.11,89.0,462.47,6.74,25.03,0.29,0.76
583,33.86,0.1,90.0,497.08,10.53,26.81,0.3,0.44
584,55.11,0.08,92.0,352.56,4.5,32.34,0.19,0.36
585,44.53,0.11,89.0,350.71,7.62,32.84,0.2,0.35
586,48.34,0.1,90.0,385.38,6.49,26.94,0.18,0.39
587,45.04,0.12,88.0,439.85,4.71,33.39,0.15,0.44
588,37.53,0.12,88.0,446.74,8.96,20.49,0.2,0.4
589,45.63,0.1,90.0,360.17,9.48,16.92,0.23,0.41
590,41.92,0.12,88.0,503.02,2.95,31.9,0.24,0.38
591,52.23,0.07,93.0,407.9,4.25,38.53,0.33,0.39
592,71.52,0.04,96.0,262.31,3.31,37.92,0.1,0.5
593,52.44,0.05,95.0,485.62,5.48,25.22,0.16,0.62
594,71.88,0.07,93.0,132.73,2.42,31.77,0.15,0.56
595,45.13,0.09,91.0,440.84,7.05,26.01,0.09,0.53
596,44.15,0.05,95.0,451.75,11.68,17.96,0.29,0.54
597,41.29,0.11,89.0,456.6,3.03,39.43,0.51,0.46
598,50.38,0.09,91.0,386.57,4.23,38.15,0.37,0.47
599,34.86,0.12,88.0,516.92,7.68,25.87,0.28,0.47
600,55.24,0.07,93.0,303.85,6.74,29.04,0.26,0.55
601,41.59,0.11,89.0,423.04,6.67,31.89,0.36,0.55
602,62.93,0.08,92.0,210.99,2.49,34.52,0.39,0.58
603,50.05,0.11,89.0,348.25,3.03,36.66,0.36,0.47
604,55.17,0.02,98.0,404.62,6.61,33.33,0.42,0.61
605,52.71,0.14,86.0,320.39,1.22,32.58,0.11,0.94
606,50.83,0.11,89.0,365.32,2.59,35.84,0.26,0.35
607,58.98,0.06,94.0,335.83,2.74,41.86,0.36,0.38
608,47.67,0.06,94.0,378.71,11.77,17.41,0.33,0.64
609,53.84,0.06,94.0,321.47,8.34,27.0,0.28,0.79
610,42.42,0.06,94.0,577.02,6.2,30.02,0.37,0.62
611,50.72,0.06,94.0,389.9,7.15,23.64,0.29,0.63
612,57.36,0.06,94.0,362.38,6.03,30.21,0.19,0.61
613,49.16,0.05,95.0,369.14,12.72,14.78,0.25,0.65
614,61.93,0.04,96.0,342.88,4.14,37.52,0.23,0.65
615,59.67,0.06,94.0,348.5,5.66,29.62,0.13,0.63
616,50.64,0.12,88.0,399.86,2.03,33.43,0.06,0.7
617,53.04,0.06,94.0,460.89,5.33,36.97,0.17,0.64
618,45.91,0.11,89.0,359.21,5.57,34.16,0.29,0.52
619,47.8,0.12,88.0,339.53,5.36,31.07,0.3,0.62
620,55.96,0.07,93.0,369.78,6.67,21.27,0.09,0.59
621,55.38,0.09,91.0,324.46,4.87,33.68,0.25,0.62
622,41.25,0.13,87.0,443.89,5.19,26.83,0.21,0.63
623,69.91,0.04,96.0,151.05,5.42,37.32,0.45,0.76
624,45.62,0.08,92.0,436.74,7.82,22.6,0.29,0.49
625,57.27,0.02,98.0,406.85,5.78,35.03,0.4,0.75
626,46.55,0.11,89.0,329.95,6.11,23.93,0.37,0.53
627,45.43,0.09,91.0,281.53,12.57,14.86,0.39,0.7
628,50.11,0.1,90.0,408.86,2.76,36.57,0.29,0.72
629,48.56,0.08,92.0,370.38,8.77,20.06,0.29,0.49
630,55.62,0.04,96.0,405.17,3.57,34.02,0.43,0.54
631,43.57,0.11,89.0,371.32,9.98,21.74,0.14,0.38
632,40.82,0.1,90.0,391.58,12.42,18.39,0.24,0.49
633,55.02,0.03,97.0,396.67,10.08,23.62,0.19,0.68
634,38.8,0.14,86.0,463.36,4.64,33.84,0.25,0.48
635,46.58,0.07,93.0,462.42,4.46,38.03,0.46,0.62
636,53.65,0.09,91.0,350.42,5.38,28.71,0.11,0.53
637,45.41,0.08,92.0,449.97,9.32,20.18,0.1,0.75
638,59.27,0.08,92.0,203.62,5.92,37.06,0.35,0.64
639,50.81,0.11,89.0,328.17,3.88,34.49,0.37,0.8
640,57.0,0.06,94.0,348.66,4.47,34.41,0.37,0.6
641,47.27,0.1,90.0,311.27,8.87,22.62,0.26,0.64
642,51.38,0.08,92.0,427.35,1.98,36.94,0.37,0.64
643,44.6,0.12,88.0,505.16,2.44,40.12,0.1,0.58
644,48.86,0.09,91.0,414.45,5.71,31.83,0.3,0.81
645,61.35,0.1,90.0,179.83,5.7,31.97,0.16,0.88
646,50.01,0.1,90.0,452.58,2.26,36.78,0.28,0.55
647,51.99,0.11,89.0,294.23,5.39,32.19,0.14,0.5
648,47.53,0.04,96.0,516.58,6.42,26.2,0.34,0.6
649,49.55,0.09,91.0,403.65,4.63,37.48,0.29,0.9
650,59.93,0.05,95.0,371.75,4.89,35.54,0.26,0.58
651,44.83,0.09,91.0,429.61,6.75,23.05,0.34,0.45
652,63.43,0.06,94.0,344.57,1.58,35.14,0.22,0.63
653,54.44,0.12,88.0,173.15,5.74,34.02,0.46,0.45
654,50.29,0.11,89.0,317.73,6.24,26.04,0.23,0.72
655,50.53,0.1,90.0,350.19,6.76,33.26,0.15,0.59
656,56.81,0.08,92.0,339.17,2.29,38.56,0.27,0.69
657,51.99,0.05,95.0,388.09,9.07,22.31,0.39,0.51
658,50.79,0.11,89.0,361.37,2.81,41.47,0.31,0.43
659,61.27,0.04,96.0,269.8,8.25,24.08,0.19,0.64
660,45.65,0.06,94.0,466.15,6.51,23.54,0.46,0.44
661,52.9,0.07,93.0,356.1,8.72,21.07,0.2,0.54
662,66.78,0.06,94.0,227.7,2.97,38.81,0.26,0.51
663,57.59,0.03,97.0,401.92,4.78,34.33,0.36,0.5
664,54.73,0.08,92.0,334.25,4.07,34.77,0.28,0.64
665,37.33,0.1,90.0,585.7,5.7,26.73,0.21,0.73
666,62.52,0.11,89.0,166.41,3.61,30.31,0.11,0.56
667,54.33,0.09,91.0,374.08,3.78,34.44,0.22,0.63
668,54.68,0.08,92.0,366.23,4.84,37.79,0.17,0.75
669,58.26,0.04,96.0,432.24,3.53,32.93,0.21,0.69
670,47.81,0.09,91.0,326.48,8.45,21.08,0.43,0.42
671,51.86,0.09,91.0,415.71,1.81,36.97,0.33,0.47
672,57.97,0.06,94.0,315.57,4.82,33.54,0.43,0.49
673,43.81,0.11,89.0,398.83,6.74,26.73,0.31,0.34
674,57.1,0.01,99.0,445.83,8.13,22.3,0.29,0.61
675,53.84,0.07,93.0,389.23,2.92,33.06,0.32,0.74
676,58.52,0.05,95.0,349.42,3.78,34.34,0.41,0.52
677,37.65,0.07,93.0,555.41,7.66,29.19,0.49,0.43
678,45.51,0.1,90.0,472.67,3.49,28.19,0.31,0.34
679,66.07,0.04,96.0,231.71,3.83,43.88,0.45,0.72
680,58.78,0.03,97.0,407.09,4.06,24.84,0.28,0.51
681,45.38,0.11,89.0,490.05,1.89,36.19,0.34,0.66
682,42.77,0.1,90.0,482.38,4.29,37.36,0.42,0.72
683,56.72,0.06,94.0,351.72,6.9,23.42,0.18,0.84
684,60.6,0.03,97.0,346.55,7.44,24.48,0.25,0.67
685,52.35,0.1,90.0,283.41,6.2,24.01,0.35,0.56
686,45.58,0.08,92.0,494.65,5.29,29.09,0.29,0.73
687,51.17,0.1,90.0,386.92,1.98,40.4,0.26,1.01
688,40.85,0.09,91.0,486.61,6.77,31.42,0.41,0.95
689,54.48,0.07,93.0,418.48,4.38,27.68,0.2,0.87
690,55.49,0.09,91.0,320.43,4.86,33.06,0.25,0.85
691,55.76,0.08,92.0,275.31,8.99,26.54,0.19,0.75
692,56.59,0.06,94.0,434.76,2.45,40.98,0.32,0.86
693,51.78,0.07,93.0,425.41,2.79,36.8,0.42,0.85
694,60.89,0.04,96.0,355.96,5.18,32.64,0.24,0.88
695,45.12,0.06,94.0,575.41,4.68,28.97,0.3,0.69
696,48.36,0.05,95.0,461.95,6.7,27.35,0.38,0.61
697,45.03,0.06,94.0,548.02,5.49,29.18,0.3,0.37
698,46.45,0.09,91.0,553.54,1.83,36.68,0.13,0.67
699,56.06,0.04,96.0,403.9,3.85,38.58,0.43,0.87
700,54.7,0.04,96.0,463.24,5.66,29.43,0.23,1.01
701,48.77,0.06,94.0,536.3,3.99,42.03,0.24,1.04
702,62.22,0.07,93.0,325.9,1.61,38.85,0.19,0.73
703,43.22,0.05,95.0,639.92,3.29,37.68,0.45,0.48
704,33.0,0.11,89.0,547.56,9.72,17.03,0.26,0.35
705,60.7,0.1,90.0,287.55,2.07,36.18,0.1,0.33
706,26.5,0.12,88.0,531.3,14.1,14.66,0.37,0.37
707,42.91,0.09,91.0,438.1,4.31,30.07,0.6,0.39
708,39.1,0.08,92.0,642.06,4.04,40.45,0.29,0.36
709,29.42,0.09,91.0,606.14,11.05,17.93,0.28,0.35
710,47.32,0.08,92.0,347.0,10.66,17.72,0.26,0.35
711,51.57,0.04,96.0,508.81,4.14,32.35,0.27,0.34
712,49.52,0.07,93.0,406.44,8.0,28.74,0.12,0.35
713,57.2,0.04,96.0,366.94,7.12,27.85,0.4,0.4
714,47.15,0.06,94.0,515.04,4.89,32.68,0.34,0.43
715,61.59,0.04,96.0,410.06,2.99,36.99,0.2,0.35
716,54.25,0.05,95.0,380.83,5.68,38.71,0.33,0.36
717,41.25,0.08,92.0,622.35,5.17,26.82,0.04,0.39
718,47.29,0.09,91.0,375.18,5.85,26.56,0.31,0.4
719,53.37,0.08,92.0,410.15,2.95,39.49,0.27,0.33
720,45.47,0.06,94.0,414.2,8.72,30.67,0.46,0.35
721,48.28,0.08,92.0,515.26,2.79,35.05,0.15,0.39
722,65.59,0.04,96.0,244.98,4.69,26.74,0.33,0.49
723,54.83,0.08,92.0,439.99,2.2,38.69,0.19,0.72
724,50.32,0.03,97.0,465.14,7.2,29.53,0.39,0.79
725,48.05,0.07,93.0,544.28,2.04,36.24,0.28,0.56
726,36.67,0.04,96.0,537.24,12.5,14.96,0.43,0.56
727,53.58,0.03,97.0,278.05,14.35,12.96,0.41,0.82
728,53.32,0.05,95.0,408.06,4.99,28.96,0.43,0.43
729,55.72,0.07,93.0,334.29,3.96,42.55,0.39,0.57
730,43.02,0.07,93.0,610.74,2.64,37.28,0.22,0.41
731,53.77,0.06,94.0,450.72,4.92,34.12,0.31,0.4
732,38.24,0.05,95.0,536.79,9.68,17.4,0.52,0.42
733,56.39,0.06,94.0,349.91,7.05,27.3,0.21,0.48
734,63.06,0.06,94.0,234.64,5.56,26.35,0.26,0.43
735,52.14,0.05,95.0,342.65,11.35,15.72,0.32,0.4
736,45.75,0.07,93.0,543.38,6.14,31.85,0.23,0.34
737,53.16,0.03,97.0,495.24,2.56,37.75,0.46,0.66
738,62.22,0.02,98.0,379.4,5.15,33.3,0.22,0.63
739,46.88,0.06,94.0,414.55,8.05,20.87,0.44,0.88
740,47.62,0.02,98.0,367.99,13.55,13.13,0.5,0.43
741,53.82,0.06,94.0,391.97,5.31,35.31,0.3,0.35
742,43.65,0.14,86.0,308.06,3.44,37.84,0.52,0.77
743,68.25,0.02,98.0,291.73,2.11,40.91,0.45,0.79
744,52.46,0.09,91.0,374.05,3.58,34.88,0.25,0.85
745,58.6,0.03,97.0,320.1,6.59,28.46,0.47,0.86
746,52.36,0.11,89.0,365.63,1.59,39.11,0.3,0.55
747,60.68,0.06,94.0,338.84,2.76,35.75,0.18,1.03
748,60.64,0.05,95.0,350.56,3.99,35.16,0.21,0.92
749,46.79,0.05,95.0,566.02,2.79,36.66,0.49,0.41
750,55.68,0.05,95.0,400.12,3.5,34.92,0.28,0.38
751,50.51,0.07,93.0,453.1,3.11,28.61,0.37,0.65
752,50.12,0.06,94.0,480.63,4.54,39.37,0.33,0.91
753,59.24,0.08,92.0,318.61,3.22,33.0,0.17,1.12
754,41.98,0.07,93.0,571.69,5.41,35.28,0.42,0.98
755,48.99,0.05,95.0,535.11,3.9,40.24,0.39,0.78
756,53.49,0.06,94.0,399.47,2.13,37.52,0.41,0.7
757,60.2,0.04,96.0,387.89,4.69,28.85,0.22,0.35
758,54.73,0.03,97.0,321.07,9.81,20.71,0.31,0.39
759,63.03,0.05,95.0,333.01,4.03,33.07,0.14,0.5
760,49.38,0.07,93.0,403.09,4.25,38.15,0.47,0.47
761,49.22,0.07,93.0,459.22,3.24,34.56,0.37,0.36
762,47.02,0.05,95.0,561.41,3.27,42.76,0.51,0.35
763,69.24,0.04,96.0,182.71,6.78,26.94,0.22,0.53
764,48.95,0.08,92.0,499.68,4.12,37.05,0.23,0.42
765,45.43,0.03,97.0,524.43,8.71,18.31,0.42,0.55
766,51.39,0.04,96.0,457.58,6.25,29.19,0.33,0.35
767,51.64,0.04,96.0,583.59,2.09,34.48,0.19,0.44
768,56.18,0.07,93.0,279.76,7.62,23.99,0.31,0.38
769,51.41,0.05,95.0,331.9,9.7,22.7,0.3,0.34
770,67.22,0.03,97.0,290.01,3.79,38.47,0.34,0.4
771,50.21,0.03,97.0,537.76,4.94,34.47,0.42,0.34
772,64.37,0.02,98.0,392.59,2.31,40.69,0.38,0.37
773,49.51,0.07,93.0,425.76,4.19,34.1,0.41,0.33
774,46.72,0.07,93.0,597.11,2.07,38.6,0.19,0.39
775,56.56,0.07,93.0,443.16,2.35,36.36,0.07,0.41
776,57.0,0.05,95.0,370.42,5.31,26.87,0.46,0.44
777,53.22,0.03,97.0,466.82,5.94,32.25,0.35,0.34
778,43.08,0.06,94.0,488.84,9.53,19.31,0.41,1.02
779,53.11,0.03,97.0,434.35,5.61,42.83,0.45,0.79
780,56.49,0.07,93.0,375.59,2.63,36.26,0.35,0.79
781,65.26,0.04,96.0,272.64,2.43,39.65,0.45,0.75
782,57.99,0.05,95.0,390.61,2.81,32.22,0.39,0.45
783,61.05,0.05,95.0,193.23,8.35,21.99,0.43,0.4
784,63.37,0.01,99.0,312.4,4.55,32.74,0.51,0.71
785,58.18,0.07,93.0,165.4,9.78,18.53,0.46,1.14
786,55.13,0.04,96.0,450.36,2.95,42.05,0.39,0.89
787,57.75,0.04,96.0,412.82,2.84,43.63,0.48,0.81
788,55.89,0.04,96.0,447.53,3.53,40.06,0.38,0.53
789,58.66,0.04,96.0,269.02,5.99,35.32,0.56,0.46
790,52.45,0.06,94.0,379.79,5.91,33.84,0.46,0.41
791,66.3,0.02,98.0,208.89,7.6,21.58,0.41,0.52
792,59.83,0.05,95.0,311.94,4.59,39.11,0.29,0.36
793,64.15,0.03,97.0,371.2,2.26,44.06,0.34,0.49
794,66.67,0.02,98.0,350.99,4.65,31.56,0.19,0.49
795,53.01,0.08,92.0,350.2,3.33,34.18,0.44,0.49
796,48.99,0.13,87.0,234.29,6.05,21.32,0.27,0.43
797,52.28,0.08,92.0,391.17,2.48,42.4,0.41,0.45
798,71.04,0.01,99.0,271.66,6.36,25.19,0.06,0.43
799,64.71,0.01,99.0,192.67,10.45,20.75,0.47,0.49
800,48.76,0.07,93.0,248.95,13.63,11.16,0.49,0.45
801,55.43,0.04,96.0,442.94,3.08,39.65,0.43,0.42
802,62.02,0.02,98.0,426.76,2.55,39.81,0.36,0.44
803,56.14,0.06,94.0,375.7,4.49,30.74,0.21,0.42
804,71.41,0.03,97.0,165.47,4.68,34.17,0.47,0.39
805,62.8,0.03,97.0,295.57,8.37,24.29,0.19,0.39
806,52.4,0.08,92.0,414.75,2.55,37.99,0.35,0.39
807,54.39,0.0,100.0,553.32,4.28,28.09,0.36,0.39
808,42.47,0.09,91.0,499.79,2.74,33.57,0.56,0.41
809,54.73,0.06,94.0,377.3,6.13,25.27,0.26,0.41
810,53.35,0.08,92.0,401.56,4.84,31.39,0.18,0.36
811,65.74,0.04,96.0,244.19,3.12,33.54,0.39,0.38
812,50.51,0.07,93.0,459.9,3.36,36.12,0.3,0.49
813,47.38,0.04,96.0,503.69,4.65,36.01,0.51,0.59
814,47.16,0.04,96.0,522.66,4.97,35.35,0.5,0.45
815,60.68,0.04,96.0,332.13,4.34,36.31,0.4,0.55
816,63.95,0.04,96.0,301.29,2.74,37.18,0.45,0.55
817,48.15,0.06,94.0,497.48,2.15,38.23,0.54,0.52
818,61.37,0.04,96.0,286.51,3.43,36.89,0.56,0.55
819,55.59,0.05,95.0,429.41,2.82,39.99,0.44,0.64
820,60.73,0.04,96.0,432.29,2.88,36.75,0.08,0.69
821,66.84,0.02,98.0,307.78,5.95,27.91,0.18,0.43
822,63.56,0.02,98.0,374.31,1.62,41.23,0.4,0.44
823,61.23,0.01,99.0,325.62,5.23,39.91,0.6,0.51
824,63.69,0.04,96.0,365.67,2.18,36.44,0.32,0.51
825,60.95,0.04,96.0,384.35,3.01,34.98,0.28,0.44
826,65.28,0.05,95.0,219.19,5.72,32.04,0.23,0.46
827,59.99,0.03,97.0,420.56,2.33,38.52,0.36,0.6
828,56.9,0.05,95.0,410.0,2.11,36.58,0.38,0.65
829,63.32,0.03,97.0,438.76,1.28,30.44,0.18,0.43
830,55.2,0.05,95.0,403.33,3.74,37.7,0.35,0.37
831,51.83,0.06,94.0,397.66,6.85,30.2,0.27,0.7
832,60.55,0.04,96.0,314.94,7.83,24.53,0.22,0.54
833,53.71,0.06,94.0,293.68,7.17,24.46,0.59,0.53
834,58.0,0.05,95.0,289.14,5.46,24.18,0.47,0.54
835,50.46,0.05,95.0,380.45,6.61,35.25,0.48,0.34
836,56.25,0.04,96.0,354.52,6.25,38.36,0.35,0.38
837,52.73,0.05,95.0,417.49,5.79,40.27,0.46,0.69
838,53.19,0.06,94.0,471.77,1.91,41.71,0.39,0.73
839,57.81,0.07,93.0,180.57,8.92,16.52,0.51,0.54
840,59.55,0.05,95.0,322.55,2.87,39.29,0.5,0.37
841,50.13,0.09,91.0,386.31,3.36,36.75,0.3,0.4
842,46.86,0.05,95.0,396.88,11.28,16.98,0.42,0.6
843,42.52,0.09,91.0,337.5,10.46,23.5,0.44,0.38
844,60.64,0.06,94.0,342.23,2.49,41.94,0.17,0.48
845,62.26,0.07,93.0,231.42,4.85,30.61,0.27,0.49
846,52.72,0.07,93.0,420.98,3.23,41.08,0.4,0.39
847,48.46,0.03,97.0,454.36,9.01,18.07,0.42,0.44
848,46.63,0.04,96.0,490.4,5.63,30.02,0.49,0.36
849,58.07,0.03,97.0,484.14,2.08,35.87,0.2,0.36
850,59.14,0.07,93.0,362.29,2.89,36.51,0.24,0.48
851,51.35,0.04,96.0,229.49,15.5,9.25,0.36,0.43
852,43.38,0.05,95.0,297.33,15.58,10.75,0.51,0.62
853,51.94,0.04,96.0,407.18,3.75,40.04,0.62,0.35
854,63.37,0.02,98.0,347.31,2.51,40.8,0.47,0.38
855,68.35,0.03,97.0,204.96,4.24,39.25,0.42,0.46
856,54.46,0.06,94.0,374.05,4.76,34.8,0.34,0.48
857,64.78,0.03,97.0,389.15,3.29,32.48,0.23,0.48
858,41.9,0.05,95.0,604.13,2.09,37.82,0.67,0.39
859,56.25,0.03,97.0,457.07,3.46,35.72,0.31,0.42
860,60.26,0.04,96.0,381.51,4.28,35.19,0.23,0.33
861,51.73,0.04,96.0,403.22,10.22,20.3,0.33,0.37
862,64.11,0.06,94.0,216.12,3.74,35.17,0.22,0.4
863,56.08,0.03,97.0,308.57,10.36,17.06,0.23,0.32
864,44.58,0.05,95.0,523.16,6.36,28.77,0.45,0.49
865,56.72,0.05,95.0,312.3,5.71,34.09,0.47,0.43
866,63.8,0.05,95.0,211.02,3.9,41.5,0.56,0.36
867,49.82,0.05,95.0,464.09,3.05,33.6,0.56,0.38
868,60.98,0.07,93.0,227.41,5.13,31.81,0.22,0.45
869,42.8,0.04,96.0,407.74,12.88,11.25,0.61,0.38
870,49.95,0.08,92.0,326.06,9.02,23.5,0.37,0.45
871,52.0,0.05,95.0,399.47,6.6,25.75,0.34,0.43
872,47.56,0.02,98.0,641.35,1.8,40.81,0.35,0.58
873,50.02,0.04,96.0,424.92,6.67,33.09,0.5,0.57
874,53.83,0.05,95.0,432.16,4.83,29.65,0.19,0.42
875,53.59,0.03,97.0,442.49,5.59,28.56,0.38,0.36
876,62.27,0.03,97.0,286.79,5.67,38.15,0.41,0.48
877,55.6,0.04,96.0,449.97,3.53,44.37,0.44,0.57
878,51.88,0.04,96.0,546.33,2.1,43.12,0.24,0.64
879,56.51,0.02,98.0,437.06,2.7,35.54,0.54,0.46
880,52.91,0.03,97.0,537.59,2.8,38.32,0.38,0.48
881,56.95,0.02,98.0,444.84,4.83,27.15,0.42,0.48
882,53.2,0.04,96.0,515.55,1.51,38.47,0.4,0.4
883,44.58,0.05,95.0,458.46,9.55,23.86,0.35,0.32
884,53.46,0.03,97.0,551.03,1.6,37.26,0.38,0.34
885,60.25,0.1,90.0,219.63,3.0,31.37,0.4,0.52
886,62.56,0.05,95.0,260.2,4.33,30.72,0.5,0.45
887,58.39,0.01,99.0,523.86,3.03,34.22,0.24,0.56
888,50.93,0.04,96.0,572.64,2.29,33.41,0.32,0.44
889,49.81,0.03,97.0,374.25,9.36,20.5,0.49,0.42
890,53.94,0.02,98.0,452.71,6.61,20.99,0.34,0.63
891,51.03,0.06,94.0,221.08,13.87,13.33,0.43,0.42
892,54.66,0.09,91.0,276.35,7.09,30.34,0.09,0.52
893,49.76,0.03,97.0,564.32,7.29,29.45,0.2,0.64
894,55.82,0.0,100.0,352.59,12.28,19.25,0.41,0.43
895,47.89,0.07,93.0,553.65,2.13,40.68,0.26,0.41
896,63.19,0.07,93.0,165.8,2.78,35.88,0.59,0.36
897,64.54,0.03,97.0,265.51,4.24,36.0,0.56,0.41
898,54.95,0.04,96.0,326.29,7.01,25.75,0.55,0.36
899,47.9,0.06,94.0,431.66,4.94,35.87,0.57,0.36
900,70.64,0.02,98.0,294.57,2.0,38.63,0.39,0.36
901,58.19,0.03,97.0,346.32,7.71,32.38,0.3,0.36
902,67.73,0.02,98.0,368.7,1.85,41.62,0.16,0.36
903,58.41,0.01,99.0,408.45,3.71,33.78,0.52,0.33
904,62.93,0.05,95.0,285.77,5.48,30.52,0.08,0.38
905,59.39,0.02,98.0,425.18,6.08,27.95,0.28,0.32
906,52.91,0.03,97.0,403.06,9.91,22.45,0.4,0.37
907,61.55,0.02,98.0,217.99,8.19,21.42,0.59,0.43
908,50.7,0.02,98.0,411.62,13.2,14.98,0.25,0.42
909,66.48,0.01,99.0,321.85,6.42,34.63,0.28,0.43
910,53.55,0.03,97.0,291.16,12.05,17.9,0.48,0.41
911,44.59,0.05,95.0,357.56,12.95,15.78,0.52,0.4
912,66.49,0.01,99.0,397.11,4.23,24.86,0.12,0.46
913,63.45,0.02,98.0,387.34,4.79,26.02,0.21,0.63
914,60.78,0.04,96.0,316.69,3.0,42.3,0.61,0.42
915,51.49,0.06,94.0,316.06,7.1,27.28,0.42,0.39
916,45.69,0.0,100.0,591.73,4.09,43.61,0.7,0.5
917,59.65,0.05,95.0,346.5,5.55,32.76,0.11,0.41
918,66.46,0.02,98.0,316.31,3.89,34.07,0.23,0.45
919,54.95,0.02,98.0,490.6,2.81,33.96,0.53,0.42
920,58.69,0.02,98.0,509.05,2.14,33.89,0.23,0.4
921,54.95,0.06,94.0,384.99,3.69,40.09,0.32,0.38
922,55.6,0.04,96.0,305.3,8.75,27.33,0.36,0.55
923,73.15,0.0,100.0,179.57,7.44,22.5,0.42,0.47
924,51.12,0.04,96.0,327.53,11.0,20.46,0.49,0.44
925,60.74,0.02,98.0,314.92,4.77,41.64,0.63,0.44
926,54.06,0.03,97.0,349.21,8.87,21.43,0.48,0.39
927,48.51,0.05,95.0,415.53,8.11,22.44,0.47,0.42
928,47.92,0.01,99.0,421.2,14.02,15.8,0.41,0.4
929,56.45,0.03,97.0,393.25,4.65,28.57,0.47,0.49
930,58.47,0.03,97.0,352.23,5.2,32.4,0.51,0.53
931,68.77,0.03,97.0,196.4,2.02,39.56,0.61,0.36
932,47.29,0.03,97.0,470.83,10.14,16.41,0.37,0.48
933,61.08,0.05,95.0,339.34,3.05,39.21,0.36,0.56
934,72.79,0.02,98.0,173.14,3.89,25.31,0.5,0.37
935,58.35,0.02,98.0,410.28,7.36,25.42,0.22,0.36
936,58.72,0.01,99.0,333.5,8.61,25.44,0.46,0.54
937,52.36,0.02,98.0,382.6,10.39,21.92,0.34,0.5
938,47.84,0.02,98.0,493.89,8.65,27.7,0.49,0.54
939,44.72,0.01,99.0,603.58,7.25,23.85,0.38,0.47
940,54.72,0.0,100.0,467.58,5.9,32.51,0.47,0.59
941,50.78,0.05,95.0,500.3,4.17,28.96,0.38,0.49
942,71.08,0.02,98.0,268.18,4.62,25.98,0.19,0.41
943,49.06,0.01,99.0,307.65,14.47,14.38,0.66,0.37
944,60.22,0.06,94.0,238.99,4.52,31.57,0.59,0.41
945,69.29,0.0,100.0,279.01,5.25,36.84,0.48,0.42
946,52.58,0.03,97.0,299.86,12.75,13.83,0.5,0.49
947,46.05,0.04,96.0,398.05,13.19,13.92,0.28,0.36
948,66.99,0.02,98.0,248.93,5.21,38.42,0.57,0.36
949,65.21,0.02,98.0,371.25,2.0,41.36,0.37,0.6
950,38.77,0.0,100.0,507.57,15.28,12.27,0.56,0.44
951,58.26,0.06,94.0,196.85,7.36,22.13,0.64,0.48
952,60.84,0.0,100.0,348.43,5.08,36.57,0.61,0.55
953,59.05,0.04,96.0,342.74,6.5,33.44,0.39,0.43
954,55.18,0.04,96.0,371.36,5.37,27.29,0.47,0.66
955,51.4,0.02,98.0,496.95,7.5,30.06,0.41,0.51
956,58.38,0.04,96.0,309.45,4.62,30.92,0.57,0.4
957,78.56,0.0,100.0,183.88,2.24,41.55,0.41,0.4
958,51.53,0.04,96.0,330.32,8.91,21.51,0.42,0.41
959,67.41,0.01,99.0,286.36,6.49,29.47,0.26,0.37
960,49.48,0.01,99.0,332.42,14.18,12.6,0.67,0.44
961,56.55,0.01,99.0,318.13,9.8,20.6,0.57,0.51
962,60.61,0.03,97.0,241.8,8.39,28.65,0.43,0.43
963,61.98,0.02,98.0,200.99,9.32,17.67,0.59,0.59
964,55.24,0.01,99.0,361.84,8.12,33.86,0.52,0.45
965,52.05,0.03,97.0,431.63,8.9,23.33,0.16,0.42
966,50.22,0.03,97.0,484.32,5.38,28.86,0.32,0.5
967,63.21,0.01,99.0,487.3,2.3,37.39,0.13,0.45
968,63.95,0.05,95.0,193.57,6.95,22.15,0.45,0.4
969,52.54,0.03,97.0,311.26,12.16,14.06,0.41,0.58
970,63.69,0.01,99.0,317.42,5.11,32.16,0.52,0.4
971,65.61,0.0,100.0,422.72,2.23,42.0,0.43,0.71
972,68.63,0.0,100.0,354.6,2.01,39.85,0.39,0.57
973,47.92,0.0,100.0,638.02,3.59,40.1,0.51,0.35
974,54.77,0.0,100.0,478.54,6.22,24.36,0.49,0.55
975,62.43,0.02,98.0,332.07,5.27,36.41,0.49,0.63
976,64.15,0.01,99.0,296.74,8.89,24.53,0.36,0.42
977,55.11,0.02,98.0,415.39,4.5,28.18,0.55,0.5
978,58.29,0.03,97.0,430.45,2.43,43.51,0.53,0.36
979,61.03,0.02,98.0,445.97,2.32,39.83,0.35,0.53
980,62.01,0.0,100.0,298.86,7.6,33.59,0.59,0.54
981,68.52,0.0,100.0,352.39,4.76,31.37,0.27,0.43
982,56.09,0.01,99.0,482.14,3.2,38.98,0.53,0.45
983,59.47,0.02,98.0,417.49,2.35,37.54,0.41,0.39
984,58.32,0.02,98.0,280.31,9.27,28.16,0.53,0.6
985,54.23,0.02,98.0,473.02,6.41,23.14,0.33,0.42
986,62.64,0.0,100.0,305.31,8.0,19.22,0.52,0.46
987,64.77,0.02,98.0,386.46,4.74,28.71,0.11,0.42
988,64.97,0.0,100.0,407.51,4.84,29.0,0.3,0.42
989,61.49,0.02,98.0,301.18,4.29,41.04,0.6,0.55
990,57.6,0.02,98.0,308.02,11.09,17.24,0.31,0.4
991,46.05,0.02,98.0,609.14,3.29,39.89,0.55,0.55
992,59.96,0.01,99.0,466.9,4.61,31.96,0.27,0.45
993,64.6,0.0,100.0,388.37,2.14,38.04,0.57,0.46
994,58.95,0.01,99.0,315.27,10.42,29.85,0.38,0.55
995,67.57,0.0,100.0,248.32,4.28,38.45,0.66,0.46
996,56.56,0.03,97.0,411.34,3.56,38.05,0.56,0.5
997,58.88,0.0,100.0,519.58,1.79,38.43,0.45,0.36
998,64.34,0.01,99.0,450.36,2.33,41.97,0.22,0.48
999,75.22,0.01,99.0,160.83,6.27,26.2,0.34,0.45
1000,45.96,0.06,94.0,345.36,13.02,12.22,0.34,0.52
1001,70.66,0.0,100.0,319.13,2.89,35.39,0.42,0.36
1002,59.4,0.0,100.0,384.89,6.6,31.92,0.46,0.44
1003,55.01,0.0,100.0,452.36,6.43,26.22,0.52,0.49
1004,63.46,0.02,98.0,432.59,1.89,38.21,0.26,0.49
1005,46.96,0.0,100.0,491.99,11.6,14.2,0.45,0.5
1006,63.25,0.06,94.0,158.99,5.96,28.99,0.36,0.47
1007,49.54,0.03,97.0,340.1,12.62,14.79,0.31,0.58
1008,57.4,0.03,97.0,529.95,1.6,36.81,0.25,0.41
1009,55.1,0.02,98.0,500.71,4.29,35.44,0.35,0.45
1010,56.12,0.0,100.0,521.72,3.06,39.12,0.45,0.53
1011,58.95,0.0,100.0,448.79,3.26,35.78,0.6,0.41
1012,55.51,0.02,98.0,405.74,7.71,28.34,0.42,0.52
1013,57.12,0.01,99.0,494.38,1.48,39.68,0.52,0.4
1014,62.99,0.01,99.0,446.07,3.53,37.59,0.1,0.56
1015,42.7,0.07,93.0,577.12,2.17,42.78,0.47,0.37
1016,62.76,0.04,96.0,318.26,2.59,36.93,0.3,0.46
1017,68.86,0.01,99.0,308.65,3.81,36.0,0.25,0.53
1018,44.13,0.01,99.0,672.83,4.43,36.87,0.41,0.37
1019,80.64,0.01,99.0,62.11,2.39,33.78,0.57,0.62
1020,65.66,0.01,99.0,377.8,3.09,40.73,0.34,0.54
1021,68.63,0.01,99.0,368.64,2.98,40.92,0.17,0.48
1022,47.37,0.03,97.0,592.44,6.08,26.08,0.27,0.54
1023,48.69,0.01,99.0,524.7,7.26,31.59,0.41,0.42
1024,56.4,0.04,96.0,397.59,3.0,35.91,0.53,0.64
1025,56.77,0.09,91.0,257.81,4.21,29.41,0.31,0.44
1026,61.47,0.02,98.0,411.27,3.8,31.35,0.32,0.45
1027,51.61,0.03,97.0,509.12,5.07,29.38,0.33,0.43
1028,64.94,0.0,100.0,331.68,2.7,38.4,0.61,0.36
1029,53.9,0.0,100.0,602.06,4.12,27.36,0.27,0.54
1030,69.32,0.0,100.0,320.81,4.07,28.6,0.29,0.47
1031,71.77,0.02,98.0,202.97,3.12,30.37,0.46,0.5
1032,61.4,0.01,99.0,223.59,8.65,19.17,0.67,0.53
1033,56.44,0.03,97.0,483.07,3.18,36.26,0.38,0.36
1034,44.67,0.03,97.0,518.71,8.12,29.31,0.39,0.55
1035,69.86,0.02,98.0,264.85,2.4,36.58,0.45,0.43
1036,48.57,0.02,98.0,600.19,3.25,33.36,0.46,0.61
1037,68.99,0.02,98.0,205.1,3.32,37.73,0.67,0.61
1038,53.22,0.01,99.0,445.63,6.45,22.72,0.59,0.4
1039,58.96,0.01,99.0,430.52,4.86,37.27,0.33,0.51
1040,48.78,0.04,96.0,531.43,3.58,39.28,0.4,0.42
1041,53.67,0.03,97.0,228.17,15.11,11.49,0.49,0.45
1042,60.99,0.01,99.0,321.93,7.42,23.25,0.6,0.43
1043,73.51,0.01,99.0,141.27,3.98,43.38,0.66,0.45
1044,65.73,0.01,99.0,289.05,3.32,33.42,0.64,0.58
1045,57.03,0.01,99.0,288.19,7.94,20.77,0.75,0.4
1046,73.9,0.01,99.0,324.47,2.05,41.27,0.15,0.61
1047,50.94,0.01,99.0,601.48,2.7,41.94,0.45,0.77
1048,59.79,0.01,99.0,335.33,4.4,32.43,0.65,0.64
1049,57.36,0.01,99.0,474.97,3.1,39.47,0.46,0.41
1050,68.02,0.01,99.0,298.23,2.43,37.66,0.49,0.6
1051,63.14,0.0,100.0,411.58,3.66,33.5,0.43,0.42
1052,50.09,0.0,100.0,602.32,3.35,39.26,0.43,0.36
1053,45.78,0.0,100.0,330.98,15.72,11.46,0.72,0.47
1054,66.5,0.01,99.0,319.05,2.39,40.09,0.5,0.45
1055,59.58,0.03,97.0,221.8,8.0,19.96,0.67,0.46
1056,57.91,0.02,98.0,512.93,1.94,40.12,0.35,0.46
1057,56.35,0.01,99.0,364.39,8.49,19.27,0.44,0.44
1058,70.0,0.02,98.0,264.89,2.58,37.72,0.48,0.46
1059,64.14,0.01,99.0,337.98,2.99,38.06,0.56,0.43
1060,55.92,0.03,97.0,267.84,8.19,18.46,0.71,0.48
1061,48.97,0.01,99.0,596.68,3.71,39.53,0.47,0.39
1062,59.03,0.05,95.0,280.91,5.28,29.91,0.45,0.58
1063,60.0,0.01,99.0,373.55,3.84,32.12,0.62,0.52
1064,59.68,0.05,95.0,392.04,2.07,34.88,0.36,0.42
1065,56.01,0.01,99.0,327.48,9.61,19.21,0.59,0.43
1066,63.66,0.0,100.0,353.59,2.71,36.42,0.67,0.6
1067,60.34,0.03,97.0,313.06,2.37,42.25,0.69,0.51
1068,58.09,0.04,96.0,327.37,6.51,27.27,0.42,0.49
1069,66.46,0.01,99.0,300.92,3.83,27.53,0.48,0.38
1070,65.69,0.0,100.0,306.53,5.61,34.64,0.56,0.56
1071,56.56,0.0,100.0,374.71,6.19,33.05,0.54,0.56
1072,53.47,0.0,100.0,449.6,7.88,20.86,0.55,0.39
1073,55.0,0.01,99.0,362.66,10.83,17.42,0.49,0.45
1074,56.8,0.04,96.0,343.77,8.13,22.82,0.23,0.71
1075,60.52,0.01,99.0,352.7,3.03,40.64,0.66,0.74
1076,61.64,0.01,99.0,293.62,4.85,42.57,0.69,0.72
1077,61.96,0.02,98.0,222.16,8.39,18.76,0.56,0.74
1078,54.3,0.01,99.0,479.95,5.33,34.3,0.48,0.72
1079,63.4,0.03,97.0,258.47,4.63,27.43,0.5,0.61
1080,76.84,0.01,99.0,159.02,2.18,38.53,0.48,0.38
1081,62.57,0.01,99.0,372.81,4.57,29.87,0.25,0.38
1082,62.58,0.0,100.0,311.09,6.96,26.62,0.55,0.59
1083,62.09,0.01,99.0,448.0,2.85,33.18,0.42,0.57
1084,71.33,0.0,100.0,238.19,2.92,44.28,0.48,0.68
1085,52.21,0.1,90.0,112.8,9.53,17.12,0.6,0.84
1086,72.19,0.01,99.0,264.1,3.33,42.48,0.32,0.65
1087,59.48,0.07,93.0,174.96,5.69,29.78,0.63,0.46
1088,53.7,0.01,99.0,244.62,13.88,14.34,0.67,0.57
1089,69.2,0.01,99.0,279.68,1.95,42.64,0.51,0.87
1090,44.25,0.02,98.0,484.96,8.41,18.96,0.64,0.55
1091,64.09,0.02,98.0,375.0,1.6,35.23,0.52,0.6
1092,68.42,0.02,98.0,222.22,2.74,36.33,0.66,0.53
1093,61.02,0.01,99.0,344.52,8.95,28.06,0.32,0.6
1094,77.36,0.02,98.0,55.45,3.07,33.58,0.67,0.56
1095,49.44,0.09,91.0,217.56,9.12,18.96,0.63,0.4
1096,55.75,0.05,95.0,281.59,4.43,42.29,0.7,0.54
1097,65.51,0.02,98.0,271.18,4.0,43.49,0.61,0.55
1098,64.74,0.01,99.0,237.19,7.46,22.01,0.59,0.66
1099,72.04,0.0,100.0,207.83,2.02,44.39,0.67,0.74
1100,66.45,0.0,100.0,189.23,7.96,18.51,0.6,0.61
1101,57.89,0.03,97.0,426.29,3.79,35.9,0.36,0.59
1102,68.1,0.0,100.0,249.45,3.03,37.1,0.65,0.62
1103,55.03,0.01,99.0,566.66,2.44,37.58,0.35,0.52
1104,55.03,0.0,100.0,361.89,9.17,19.43,0.4,0.72
1105,59.91,0.02,98.0,369.65,5.07,24.61,0.3,0.72
1106,61.01,0.03,97.0,264.72,5.27,37.24,0.62,0.37
1107,58.93,0.01,99.0,417.74,2.32,39.14,0.62,0.44
1108,54.83,0.0,100.0,442.24,7.12,23.34,0.58,0.61
1109,56.52,0.01,99.0,340.0,7.2,21.41,0.65,0.49
1110,71.16,0.0,100.0,356.54,2.8,33.0,0.27,0.8
1111,64.99,0.0,100.0,287.73,8.32,19.47,0.47,0.66
1112,76.49,0.01,99.0,158.95,2.51,43.62,0.49,0.57
1113,66.64,0.0,100.0,163.53,13.71,13.62,0.43,0.61
1114,50.56,0.03,97.0,263.33,14.61,13.15,0.54,0.5
1115,74.16,0.02,98.0,127.08,2.23,43.09,0.5,0.37
1116,52.66,0.03,97.0,391.39,8.58,30.12,0.28,0.43
1117,60.92,0.01,99.0,464.43,2.46,42.07,0.28,0.58
1118,46.21,0.0,100.0,647.6,3.96,38.59,0.62,0.51
1119,55.81,0.02,98.0,397.39,4.18,40.29,0.61,0.39
1120,67.37,0.0,100.0,319.74,2.72,36.74,0.59,0.36
1121,55.03,0.04,96.0,364.69,9.6,19.64,0.23,0.41
1122,62.79,0.02,98.0,325.8,2.74,37.92,0.6,0.41
1123,52.45,0.0,100.0,646.98,1.31,39.46,0.37,0.59
1124,71.07,0.0,100.0,286.32,4.72,37.51,0.25,0.63
1125,51.44,0.0,100.0,585.58,4.87,37.63,0.39,0.7
1126,58.97,0.01,99.0,457.14,2.12,43.67,0.42,0.49
1127,66.47,0.01,99.0,396.48,2.86,38.55,0.4,0.37
1128,71.13,0.01,99.0,257.2,2.42,47.64,0.42,0.5
1129,63.43,0.02,98.0,275.47,3.79,38.22,0.67,0.68
1130,60.74,0.0,100.0,358.16,4.19,39.43,0.7,0.67
1131,57.43,0.01,99.0,382.85,8.28,23.24,0.43,0.53
1132,66.45,0.01,99.0,298.22,4.64,25.65,0.49,0.37
1133,51.97,0.0,100.0,399.52,10.78,16.98,0.47,0.51
1134,78.66,0.01,99.0,238.95,2.52,40.36,0.12,0.73
1135,68.62,0.01,99.0,327.0,2.27,38.27,0.44,0.75
1136,45.52,0.01,99.0,438.54,12.77,16.51,0.61,0.58
1137,63.83,0.0,100.0,172.17,13.45,14.82,0.5,0.54
1138,57.91,0.01,99.0,336.05,7.36,21.66,0.64,0.53
1139,59.54,0.01,99.0,243.93,8.49,19.48,0.7,0.34
1140,55.16,0.0,100.0,413.38,6.52,35.22,0.6,0.45
1141,58.63,0.02,98.0,365.24,3.71,41.66,0.65,0.8
1142,70.44,0.0,100.0,333.55,1.82,37.69,0.47,0.5
1143,59.92,0.01,99.0,337.0,5.96,36.1,0.47,0.47
1144,55.02,0.01,99.0,207.33,15.21,11.46,0.66,0.88
1145,62.48,0.01,99.0,364.22,2.21,40.81,0.56,0.72
1146,62.11,0.0,100.0,354.9,3.32,34.65,0.62,0.64
1147,57.15,0.01,99.0,473.61,3.42,42.99,0.56,0.65
1148,63.76,0.04,96.0,200.22,6.09,29.99,0.46,0.66
1149,63.35,0.02,98.0,274.57,4.29,41.32,0.55,0.6
1150,44.6,0.02,98.0,338.88,14.84,12.45,0.67,0.54
1151,46.95,0.05,95.0,394.76,10.34,20.64,0.45,0.46
1152,66.1,0.0,100.0,332.45,2.44,41.31,0.65,0.63
1153,60.28,0.01,99.0,348.08,6.76,23.57,0.4,0.59
1154,58.3,0.01,99.0,404.83,2.77,43.59,0.67,0.68
1155,66.71,0.01,99.0,239.01,4.37,38.93,0.65,0.67
1156,63.83,0.03,97.0,353.79,1.77,38.92,0.42,0.74
1157,61.23,0.02,98.0,283.91,5.59,35.99,0.58,0.63
1158,31.04,0.03,97.0,633.02,13.88,15.8,0.58,0.47
1159,62.03,0.02,98.0,298.23,5.93,24.03,0.54,0.48
1160,70.07,0.01,99.0,277.09,2.06,38.64,0.55,0.5
1161,70.94,0.0,100.0,240.18,2.66,38.09,0.57,0.4
1162,59.23,0.0,100.0,340.41,6.78,24.76,0.56,0.38
1163,63.84,0.01,99.0,368.62,4.44,30.39,0.34,0.46
1164,49.46,0.01,99.0,307.37,14.38,13.83,0.66,0.77
1165,62.9,0.03,97.0,177.62,12.6,17.28,0.39,0.68
1166,57.7,0.0,100.0,306.38,8.0,21.27,0.72,0.56
1167,62.65,0.02,98.0,323.46,8.25,22.61,0.16,0.6
1168,61.53,0.02,98.0,380.87,2.44,40.24,0.5,0.62
1169,62.48,0.0,100.0,258.33,11.64,18.88,0.35,0.47
1170,60.88,0.01,99.0,219.31,12.24,23.14,0.45,0.69
1171,64.8,0.0,100.0,326.89,4.11,33.25,0.62,0.58
1172,61.77,0.0,100.0,469.57,1.69,40.85,0.48,0.56
1173,46.12,0.01,99.0,327.05,15.76,9.24,0.71,0.65
1174,64.64,0.0,100.0,217.4,11.06,18.11,0.42,0.79
1175,68.75,0.0,100.0,207.7,6.9,27.05,0.42,0.6
1176,62.0,0.02,98.0,201.5,7.6,24.77,0.61,0.61
1177,64.83,0.0,100.0,231.24,11.8,17.95,0.36,0.61
1178,69.79,0.0,100.0,160.72,7.12,21.15,0.59,0.5
1179,55.25,0.02,98.0,515.49,1.72,41.1,0.39,0.43
1180,64.87,0.04,96.0,204.62,10.26,20.63,0.13,0.66
1181,72.47,0.0,100.0,226.34,2.98,42.13,0.6,0.55
1182,54.18,0.0,100.0,567.24,2.93,40.79,0.48,0.67
1183,52.31,0.01,99.0,546.33,4.73,25.74,0.42,0.47
1184,48.86,0.01,99.0,606.78,3.37,43.68,0.41,0.57
1185,70.34,0.01,99.0,199.67,3.37,42.59,0.6,0.73
1186,54.65,0.01,99.0,497.77,4.79,25.28,0.29,0.7
1187,58.18,0.01,99.0,485.13,4.02,30.56,0.34,0.57
1188,69.86,0.0,100.0,315.81,2.79,38.27,0.38,0.43
1189,49.16,0.02,98.0,613.35,3.02,36.7,0.42,0.41
1190,60.79,0.0,100.0,445.34,4.22,36.02,0.45,0.67
1191,42.83,0.01,99.0,618.46,9.13,17.65,0.38,0.64
1192,51.87,0.01,99.0,565.93,5.23,28.8,0.31,0.51
1193,52.33,0.04,96.0,474.6,5.78,27.49,0.2,0.46
1194,64.79,0.0,100.0,382.89,5.04,30.69,0.38,0.47
1195,53.56,0.0,100.0,585.16,3.85,36.07,0.38,0.63
1196,30.77,0.03,97.0,683.71,13.68,13.09,0.36,0.62
1197,57.58,0.02,98.0,431.65,4.7,34.15,0.33,0.69
1198,51.75,0.01,99.0,509.74,3.66,41.75,0.6,0.56
1199,57.19,0.01,99.0,391.55,7.88,29.22,0.3,0.65
1200,66.33,0.01,99.0,255.1,5.66,26.2,0.59,0.61
1201,55.07,0.01,99.0,414.77,3.83,42.81,0.7,0.43
1202,63.93,0.06,94.0,114.27,9.23,17.79,0.36,0.43
1203,54.05,0.01,99.0,487.04,3.79,39.46,0.62,0.38
1204,60.76,0.0,100.0,461.94,4.78,34.3,0.23,0.7
1205,53.09,0.02,98.0,364.51,13.06,12.05,0.15,0.59
1206,58.35,0.03,97.0,485.06,1.75,36.81,0.29,0.59
1207,68.89,0.01,99.0,313.89,3.07,30.72,0.38,0.47
1208,67.63,0.02,98.0,138.5,11.01,16.75,0.42,0.6
1209,57.12,0.0,100.0,511.91,3.49,26.77,0.4,0.78
1210,58.98,0.01,99.0,469.89,3.05,41.02,0.4,0.7
1211,64.77,0.02,98.0,337.08,2.63,41.06,0.53,0.57
1212,62.21,0.02,98.0,210.59,7.47,22.23,0.64,0.62
1213,69.24,0.0,100.0,353.34,3.46,36.84,0.25,0.67
1214,50.76,0.01,99.0,571.9,1.73,37.15,0.6,0.34
1215,44.63,0.02,98.0,640.92,3.18,35.17,0.63,0.4
1216,51.32,0.01,99.0,578.53,3.21,43.66,0.53,0.54
1217,58.75,0.02,98.0,465.7,2.11,39.22,0.3,0.46
1218,51.79,0.01,99.0,590.7,2.24,41.95,0.51,0.35
1219,58.4,0.01,99.0,499.0,2.39,39.29,0.37,0.4
1220,68.52,0.0,100.0,312.57,2.93,42.05,0.44,0.7
1221,47.77,0.02,98.0,497.68,10.86,24.2,0.33,0.69
1222,70.77,0.0,100.0,267.85,3.41,28.14,0.46,0.7
1223,70.49,0.03,97.0,278.79,2.03,39.06,0.27,0.54
1224,69.27,0.0,100.0,278.04,4.63,37.36,0.43,0.48
1225,54.76,0.03,97.0,427.42,3.67,38.84,0.41,0.51
1226,48.56,0.01,99.0,590.74,2.4,44.51,0.63,0.44
1227,56.79,0.02,98.0,448.07,4.58,29.34,0.41,0.49
1228,46.43,0.01,99.0,619.83,2.01,41.66,0.6,0.48
1229,65.07,0.02,98.0,220.95,5.35,33.91,0.52,0.69
1230,54.49,0.01,99.0,399.48,7.49,25.52,0.59,0.54
1231,73.4,0.03,97.0,155.26,3.42,33.12,0.52,0.61
1232,57.64,0.02,98.0,348.33,7.73,23.17,0.34,0.71
1233,44.76,0.03,97.0,534.15,6.45,29.89,0.58,0.49
1234,66.94,0.0,100.0,379.35,2.37,38.04,0.4,0.43
1235,67.44,0.04,96.0,186.17,2.38,41.27,0.48,0.53
1236,44.15,0.02,98.0,640.44,6.08,32.4,0.39,0.47
1237,59.57,0.0,100.0,320.36,10.6,15.87,0.51,0.43
1238,63.26,0.01,99.0,401.17,3.63,36.95,0.42,0.52
1239,70.92,0.01,99.0,343.22,1.3,40.0,0.29,0.64
1240,54.5,0.04,96.0,462.76,4.4,30.34,0.37,0.7
1241,56.64,0.02,98.0,490.5,2.01,41.31,0.33,0.5
1242,47.69,0.02,98.0,585.09,2.53,36.38,0.63,0.55
1243,59.05,0.0,100.0,477.8,2.54,37.18,0.53,0.52
1244,52.43,0.0,100.0,526.37,2.43,38.91,0.7,0.55
1245,48.33,0.01,99.0,572.28,4.48,41.69,0.54,0.33
1246,51.95,0.0,100.0,533.75,3.81,34.55,0.56,0.4
1247,64.38,0.03,97.0,285.36,6.76,28.39,0.16,0.61
1248,64.35,0.03,97.0,265.07,7.86,26.88,0.35,0.58
1249,61.39,0.01,99.0,306.66,6.54,28.96,0.39,0.44
1250,53.7,0.01,99.0,389.97,10.42,18.74,0.5,0.52
1251,48.7,0.03,97.0,537.58,2.43,43.21,0.68,0.67
1252,58.84,0.04,96.0,424.3,3.77,27.8,0.2,0.51
1253,47.28,0.03,97.0,645.28,2.74,42.45,0.3,0.49
1254,62.74,0.05,95.0,353.15,2.89,36.24,0.3,0.56
1255,62.06,0.0,100.0,329.58,7.68,21.67,0.53,0.52
1256,59.52,0.0,100.0,419.82,2.82,44.29,0.57,0.51
1257,64.56,0.01,99.0,305.02,7.52,23.3,0.32,0.39
1258,50.64,0.0,100.0,614.83,3.79,28.76,0.43,0.52
1259,44.6,0.03,97.0,526.4,6.03,26.36,0.51,0.49
1260,67.71,0.02,98.0,294.81,3.69,33.63,0.3,0.56
1261,57.38,0.0,100.0,491.82,3.19,43.91,0.44,0.51
1262,51.74,0.01,99.0,539.47,3.46,40.25,0.43,0.44
1263,64.13,0.01,99.0,348.56,3.5,37.57,0.53,0.52
1264,59.35,0.0,100.0,421.18,2.7,41.48,0.59,0.69
1265,68.14,0.0,100.0,316.59,5.72,36.39,0.39,0.62
1266,71.99,0.02,98.0,299.88,2.55,32.63,0.1,0.66
1267,62.36,0.01,99.0,423.93,3.2,38.54,0.4,0.65
1268,56.03,0.01,99.0,424.32,4.85,34.82,0.61,0.59
1269,66.88,0.02,98.0,339.99,1.96,40.63,0.37,0.63
1270,65.19,0.0,100.0,327.57,3.82,41.82,0.55,0.42
1271,66.51,0.01,99.0,297.62,2.37,37.48,0.66,0.38
1272,55.76,0.0,100.0,494.35,2.68,39.53,0.61,0.61
1273,58.89,0.01,99.0,489.82,1.95,41.66,0.36,0.6
1274,67.57,0.03,97.0,205.28,2.87,40.82,0.67,0.55
1275,54.9,0.01,99.0,417.7,4.53,42.06,0.64,0.56
1276,55.92,0.02,98.0,488.76,2.38,38.08,0.5,0.59
1277,57.01,0.01,99.0,508.95,1.71,39.26,0.42,0.49
1278,64.74,0.0,100.0,443.93,3.21,32.08,0.19,0.63
1279,60.18,0.04,96.0,339.27,2.81,39.82,0.53,0.59
1280,68.45,0.03,97.0,317.86,1.61,35.93,0.22,0.6
1281,60.92,0.01,99.0,451.89,2.85,33.15,0.41,0.42
1282,70.1,0.0,100.0,377.59,1.86,38.29,0.28,0.42
1283,59.2,0.02,98.0,339.56,9.72,20.14,0.21,0.56
1284,57.29,0.03,97.0,450.96,2.28,35.05,0.44,0.49
1285,63.45,0.01,99.0,400.57,2.72,36.39,0.4,0.53
1286,66.99,0.0,100.0,387.33,2.0,35.28,0.46,0.43
1287,68.94,0.02,98.0,299.36,3.99,30.34,0.22,0.48
1288,67.18,0.0,100.0,333.88,2.22,44.93,0.52,0.59
1289,54.87,0.02,98.0,526.02,1.65,38.23,0.45,0.73
1290,54.3,0.0,100.0,551.71,2.5,40.4,0.53,0.68
1291,62.15,0.01,99.0,448.0,2.07,46.31,0.38,0.65
1292,62.46,0.03,97.0,377.38,1.78,40.63,0.32,0.61
1293,74.16,0.0,100.0,250.4,2.32,39.5,0.4,0.45
1294,68.95,0.0,100.0,327.8,3.8,28.07,0.28,0.52
1295,61.25,0.03,97.0,335.62,7.2,30.49,0.32,0.56
1296,73.04,0.02,98.0,136.15,3.3,34.44,0.6,0.52
1297,52.29,0.02,98.0,484.8,3.0,40.6,0.7,0.4
1298,59.5,0.03,97.0,314.48,5.05,31.74,0.5,0.59
1299,58.23,0.02,98.0,508.02,2.09,38.78,0.34,0.52
1300,41.93,0.02,98.0,592.57,4.53,35.66,0.7,0.63
1301,66.81,0.04,96.0,220.45,4.62,34.65,0.41,0.51
1302,45.58,0.01,99.0,695.72,4.48,25.66,0.24,0.59
1303,43.52,0.03,97.0,570.26,3.91,45.91,0.66,0.57
1304,65.76,0.03,97.0,321.44,2.52,37.68,0.28,0.51
1305,52.67,0.03,97.0,492.52,3.24,35.35,0.48,0.48
1306,68.67,0.01,99.0,291.55,2.91,42.12,0.5,0.6
1307,48.47,0.01,99.0,517.37,4.85,40.0,0.62,0.52
1308,68.56,0.02,98.0,305.61,2.1,37.94,0.4,0.56
1309,54.76,0.01,99.0,472.95,3.58,45.34,0.57,0.45
1310,53.55,0.01,99.0,446.21,6.75,23.87,0.54,0.35
1311,68.01,0.01,99.0,329.56,1.79,37.41,0.44,0.43
1312,63.76,0.01,99.0,366.76,2.63,37.93,0.54,0.57
1313,57.6,0.0,100.0,492.46,1.84,34.29,0.57,0.53
1314,61.0,0.02,98.0,379.43,1.83,38.43,0.58,0.56
1315,54.12,0.01,99.0,325.29,11.47,16.45,0.47,0.62
1316,59.95,0.01,99.0,332.96,4.77,39.26,0.67,0.48
1317,63.15,0.02,98.0,219.5,7.62,19.39,0.6,0.37
1318,59.8,0.01,99.0,384.27,3.39,31.5,0.54,0.36
1319,62.48,0.0,100.0,434.79,3.59,31.31,0.39,0.5
1320,67.26,0.01,99.0,354.71,2.09,43.17,0.28,0.35
1321,49.05,0.03,97.0,527.27,4.95,30.37,0.51,0.52
1322,52.95,0.01,99.0,591.15,3.02,35.9,0.41,0.57
1323,67.95,0.01,99.0,215.72,7.86,20.13,0.47,0.68
1324,75.45,0.01,99.0,216.22,1.3,37.4,0.36,0.75
1325,54.74,0.02,98.0,419.21,4.04,38.39,0.64,0.54
1326,73.58,0.01,99.0,272.0,3.26,29.66,0.32,0.52
1327,62.73,0.0,100.0,390.95,2.6,39.73,0.55,0.61
1328,59.71,0.0,100.0,446.26,3.55,33.1,0.48,0.5
1329,66.95,0.02,98.0,258.28,2.94,34.92,0.49,0.47
1330,57.94,0.0,100.0,517.15,4.55,28.0,0.41,0.61
1331,52.85,0.02,98.0,535.48,2.27,40.39,0.46,0.61
1332,64.52,0.01,99.0,378.76,3.9,32.2,0.33,0.36
1333,69.7,0.01,99.0,193.91,2.71,39.01,0.72,0.65
1334,60.77,0.01,99.0,323.91,3.94,40.86,0.71,0.72
1335,66.11,0.02,98.0,183.64,7.14,25.7,0.59,0.58
1336,48.38,0.0,100.0,574.85,6.44,39.6,0.59,0.62
1337,77.77,0.0,100.0,219.52,1.95,36.63,0.27,0.56
1338,60.74,0.0,100.0,379.06,5.64,36.36,0.57,0.45
1339,46.92,0.03,97.0,572.04,5.28,39.39,0.41,0.34
1340,50.98,0.01,99.0,592.35,5.83,23.71,0.3,0.51
1341,60.11,0.0,100.0,362.15,4.52,37.94,0.65,0.32
1342,56.32,0.03,97.0,367.21,9.65,22.35,0.13,0.51
1343,51.53,0.01,99.0,497.96,7.64,19.7,0.41,0.65
1344,67.56,0.03,97.0,310.49,1.68,39.2,0.47,0.65
1345,47.92,0.01,99.0,555.58,5.33,35.68,0.48,0.61
1346,61.41,0.0,100.0,398.41,6.33,31.22,0.43,0.65
1347,53.65,0.01,99.0,574.86,3.48,34.64,0.25,0.44
1348,71.88,0.0,100.0,355.27,2.56,39.15,0.25,0.43
1349,57.96,0.02,98.0,504.49,1.34,42.19,0.37,0.66
1350,65.94,0.02,98.0,220.57,6.66,33.62,0.31,0.62
1351,40.77,0.0,100.0,618.73,10.5,17.38,0.41,0.41
1352,49.2,0.02,98.0,439.86,8.59,22.24,0.55,0.32
1353,55.39,0.0,100.0,455.27,4.88,36.39,0.59,0.5
1354,53.23,0.02,98.0,461.82,5.1,31.02,0.41,0.65
1355,55.42,0.0,100.0,515.23,1.95,40.82,0.56,0.46
1356,48.98,0.02,98.0,438.38,10.84,21.23,0.46,0.49
1357,68.62,0.01,99.0,212.76,8.46,27.55,0.16,0.54
1358,69.91,0.02,98.0,182.8,7.8,19.97,0.27,0.5
1359,52.45,0.01,99.0,445.39,7.97,21.47,0.48,0.52
1360,55.92,0.0,100.0,556.37,2.14,44.2,0.37,0.45
1361,59.59,0.04,96.0,345.18,5.75,38.79,0.31,0.45
1362,61.47,0.01,99.0,480.03,2.19,44.99,0.31,0.58
1363,52.7,0.01,99.0,575.98,4.77,31.6,0.25,0.46
1364,78.37,0.0,100.0,99.41,6.54,17.96,0.3,0.47
1365,56.47,0.01,99.0,482.97,5.33,24.25,0.46,0.56
1366,65.52,0.02,98.0,338.36,2.15,37.22,0.47,0.46
1367,73.37,0.01,99.0,218.09,2.18,36.62,0.54,0.55
1368,63.67,0.01,99.0,235.92,9.09,23.24,0.39,0.47
1369,63.43,0.01,99.0,289.23,7.35,20.65,0.45,0.47
1370,56.54,0.05,95.0,270.96,6.84,25.15,0.49,0.41
1371,42.2,0.01,99.0,594.05,7.15,21.53,0.68,0.43
1372,40.36,0.01,99.0,609.62,7.41,22.96,0.65,0.52
1373,68.07,0.0,100.0,367.07,4.19,30.4,0.26,0.42
1374,52.31,0.0,100.0,305.31,13.82,12.79,0.65,0.47
1375,63.17,0.01,99.0,327.08,2.75,39.08,0.61,0.49
1376,53.5,0.01,99.0,379.79,8.24,20.55,0.64,0.4
1377,70.18,0.02,98.0,220.14,4.52,30.3,0.43,0.46
1378,63.49,0.0,100.0,364.68,4.09,29.11,0.49,0.65
1379,68.65,0.04,96.0,205.63,2.37,35.76,0.56,0.45
1380,71.83,0.0,100.0,216.52,4.04,39.74,0.56,0.33
1381,64.93,0.0,100.0,326.17,3.16,41.99,0.61,0.6
1382,42.61,0.04,96.0,590.75,6.62,23.84,0.47,0.66
1383,49.14,0.0,100.0,598.32,5.22,30.11,0.39,0.54
1384,65.12,0.02,98.0,340.3,4.22,33.82,0.36,0.49
1385,55.18,0.01,99.0,392.32,6.99,35.76,0.58,0.34
1386,51.08,0.01,99.0,461.85,7.76,32.67,0.57,0.33
1387,33.58,0.02,98.0,500.56,15.71,11.59,0.61,0.49
1388,59.25,0.0,100.0,445.48,5.12,26.87,0.34,0.5
1389,48.01,0.01,99.0,332.41,13.91,14.16,0.63,0.55
1390,65.72,0.01,99.0,237.87,5.52,37.52,0.55,0.39
1391,49.21,0.02,98.0,516.69,8.22,24.34,0.46,0.64
1392,54.61,0.0,100.0,456.08,4.36,40.36,0.69,0.68
1393,42.0,0.0,100.0,694.01,3.96,36.64,0.64,0.68
1394,64.66,0.03,97.0,357.19,2.05,39.97,0.32,0.63
1395,72.37,0.0,100.0,90.78,7.77,19.72,0.71,0.51
1396,69.62,0.0,100.0,326.66,5.5,27.18,0.3,0.63
1397,64.66,0.0,100.0,199.07,11.35,19.79,0.47,0.62
1398,54.35,0.01,99.0,510.87,5.92,27.15,0.36,0.33
1399,61.62,0.02,98.0,328.76,3.94,40.08,0.54,0.41
1400,64.04,0.03,97.0,309.03,1.69,43.4,0.45,0.58
1401,68.49,0.0,100.0,274.37,6.28,31.11,0.45,0.54
1402,55.26,0.01,99.0,515.07,2.08,44.26,0.52,0.5
1403,69.71,0.01,99.0,346.84,2.9,38.71,0.33,0.54
1404,56.77,0.04,96.0,286.65,11.08,21.35,0.26,0.54
1405,66.08,0.01,99.0,248.52,6.58,31.77,0.49,0.68
1406,60.55,0.0,100.0,433.54,4.55,30.11,0.32,0.73
1407,68.31,0.02,98.0,199.69,6.49,27.96,0.47,0.66
1408,51.6,0.01,99.0,569.7,4.17,34.14,0.42,0.52
1409,32.7,0.0,100.0,577.98,15.16,12.48,0.58,0.54
1410,43.22,0.01,99.0,633.86,6.83,25.04,0.35,0.63
1411,43.78,0.02,98.0,555.12,8.97,22.13,0.43,0.51
1412,56.4,0.01,99.0,570.17,2.41,37.62,0.29,0.36
1413,43.31,0.02,98.0,478.87,13.64,12.72,0.41,0.36
1414,51.49,0.0,100.0,324.75,13.16,17.85,0.62,0.5
1415,45.21,0.0,100.0,545.41,9.73,21.61,0.53,0.54
1416,37.06,0.03,97.0,581.09,9.63,16.53,0.63,0.53
1417,56.37,0.02,98.0,514.95,1.81,46.44,0.47,0.47
1418,38.87,0.02,98.0,468.26,15.56,9.43,0.52,0.46
1419,54.91,0.02,98.0,457.48,2.37,45.13,0.6,0.5
1420,52.14,0.01,99.0,491.96,8.38,24.63,0.4,0.45
1421,48.08,0.03,97.0,334.89,12.91,19.43,0.52,0.52
1422,56.38,0.01,99.0,410.4,6.42,23.22,0.42,0.52
1423,36.07,0.01,99.0,647.97,11.56,16.32,0.48,0.34
1424,37.15,0.04,96.0,478.46,12.93,14.58,0.5,0.69
1425,57.17,0.0,100.0,445.02,7.58,30.39,0.44,0.59
1426,58.42,0.01,99.0,492.54,1.93,40.53,0.37,0.75
1427,57.63,0.02,98.0,446.41,3.63,28.21,0.38,0.69
1428,59.28,0.02,98.0,271.03,10.17,21.49,0.49,0.68
1429,55.05,0.01,99.0,490.8,4.38,27.98,0.44,0.57
1430,40.89,0.0,100.0,597.5,12.14,15.56,0.4,0.7
1431,60.99,0.0,100.0,421.48,5.32,27.79,0.44,0.59
1432,39.45,0.02,98.0,497.69,13.08,13.26,0.6,0.65
1433,51.79,0.02,98.0,478.92,6.59,22.41,0.46,0.67
1434,29.67,0.01,99.0,685.62,13.03,13.55,0.59,0.62
1435,46.05,0.01,99.0,555.16,7.43,27.82,0.47,0.69
1436,83.1,0.0,100.0,130.69,1.92,35.71,0.48,0.61
1437,57.85,0.04,96.0,456.06,1.94,35.26,0.31,0.72
1438,71.12,0.01,99.0,332.63,2.39,43.03,0.3,0.68
1439,51.18,0.02,98.0,442.54,7.35,23.41,0.57,0.67
1440,68.52,0.01,99.0,288.1,4.13,41.31,0.47,0.57
1441,75.21,0.0,100.0,246.54,2.02,38.61,0.38,0.63
1442,62.44,0.02,98.0,331.94,7.73,19.58,0.28,0.67
1443,58.46,0.01,99.0,364.11,6.65,29.6,0.54,0.65
1444,72.67,0.01,99.0,218.26,5.91,30.91,0.29,0.67
1445,49.02,0.01,99.0,481.75,8.56,28.39,0.38,0.55
1446,42.74,0.01,99.0,608.33,5.21,37.55,0.69,0.65
1447,61.08,0.0,100.0,448.0,6.76,27.21,0.13,0.61
1448,61.72,0.07,93.0,311.22,1.6,31.05,0.18,0.54
1449,41.79,0.05,95.0,397.74,11.84,17.3,0.61,0.6
1450,61.06,0.05,95.0,322.03,2.55,40.18,0.48,0.51
1451,63.94,0.01,99.0,353.78,5.42,33.69,0.22,0.51
1452,73.35,0.0,100.0,200.85,5.01,30.64,0.38,0.57
1453,35.94,0.02,98.0,671.1,9.85,16.45,0.54,0.57
1454,60.41,0.01,99.0,461.94,2.29,38.49,0.25,0.59
1455,62.91,0.01,99.0,392.46,2.36,41.91,0.54,0.51
1456,63.36,0.01,99.0,433.99,1.53,36.41,0.38,0.72
1457,51.87,0.01,99.0,538.79,2.96,35.27,0.6,0.66
1458,55.24,0.0,100.0,498.16,2.7,43.92,0.64,0.44
1459,49.99,0.01,99.0,596.5,6.34,25.26,0.41,0.45
1460,48.69,0.01,99.0,521.69,6.55,31.28,0.58,0.5
1461,55.24,0.02,98.0,560.05,2.06,36.89,0.4,0.46
1462,67.73,0.03,97.0,239.24,2.6,41.21,0.56,0.42
1463,69.37,0.01,99.0,296.21,2.92,33.79,0.32,0.75
1464,53.66,0.02,98.0,374.17,7.88,19.89,0.43,0.35
1465,57.37,0.01,99.0,499.02,3.3,36.79,0.32,0.33
1466,59.11,0.02,98.0,392.6,3.82,30.13,0.51,0.5
1467,51.58,0.01,99.0,533.72,2.98,37.4,0.58,0.67
1468,59.77,0.01,99.0,454.25,3.63,34.65,0.24,0.66
1469,52.45,0.01,99.0,526.02,6.82,23.12,0.36,0.54
1470,54.06,0.03,97.0,491.99,3.91,35.48,0.41,0.54
1471,49.13,0.0,100.0,478.26,7.84,17.92,0.59,0.54
1472,46.8,0.0,100.0,514.2,10.72,15.65,0.43,0.52
1473,58.62,0.0,100.0,448.99,3.15,40.52,0.63,0.53
1474,56.32,0.13,87.0,198.03,2.28,28.13,0.34,0.7
1475,71.15,0.0,100.0,282.47,2.79,41.19,0.48,0.48
1476,60.71,0.02,98.0,323.79,6.7,22.3,0.4,0.44
1477,63.92,0.02,98.0,379.36,2.29,44.43,0.45,0.54
1478,75.74,0.0,100.0,280.4,2.82,30.63,0.18,0.51
1479,75.13,0.02,98.0,166.62,4.04,31.72,0.29,0.59
1480,65.87,0.0,100.0,341.63,3.38,33.06,0.6,0.45
1481,68.71,0.0,100.0,301.92,3.58,39.66,0.44,0.46
1482,51.8,0.0,100.0,519.96,6.1,28.26,0.45,0.55
1483,61.49,0.02,98.0,381.08,2.21,41.12,0.55,0.47
1484,62.77,0.0,100.0,380.09,3.7,44.25,0.6,0.44
1485,65.22,0.01,99.0,334.17,2.55,32.88,0.54,0.55
1486,67.65,0.03,97.0,276.12,3.9,31.15,0.41,0.54
1487,65.06,0.04,96.0,280.47,2.85,37.61,0.4,0.63
1488,59.71,0.03,97.0,384.66,2.14,38.17,0.55,0.55
1489,59.76,0.0,100.0,428.01,2.63,34.51,0.61,0.58
1490,67.51,0.05,95.0,297.72,1.5,39.5,0.14,0.57
1491,63.45,0.02,98.0,398.96,2.2,40.97,0.34,0.53
1492,64.9,0.0,100.0,415.8,2.17,43.91,0.42,0.53
1493,56.23,0.02,98.0,414.81,2.84,37.71,0.69,0.61
1494,52.03,0.04,96.0,434.38,7.18,28.01,0.34,0.58
1495,68.55,0.0,100.0,355.76,3.06,37.58,0.33,0.62
1496,53.27,0.01,99.0,464.41,3.7,38.94,0.69,0.54
1497,61.39,0.01,99.0,353.67,2.04,31.6,0.73,0.73
1498,70.09,0.01,99.0,325.03,2.17,43.05,0.29,0.74
1499,64.64,0.01,99.0,353.64,3.0,35.12,0.4,0.63
1500,72.9,0.06,94.0,125.82,1.8,31.95,0.53,0.69
1501,65.49,0.03,97.0,207.0,5.0,28.34,0.62,0.62
1502,58.16,0.0,100.0,501.6,3.63,38.06,0.4,0.56
1503,74.17,0.0,100.0,267.95,3.6,38.9,0.29,0.53
1504,58.13,0.04,96.0,260.08,8.61,18.44,0.45,0.61
1505,65.48,0.01,99.0,280.64,2.03,41.68,0.72,0.59
1506,56.63,0.0,100.0,392.99,5.92,35.96,0.65,0.63
1507,61.73,0.02,98.0,337.07,3.0,34.95,0.53,0.5
1508,60.25,0.03,97.0,385.24,2.55,34.86,0.43,0.53
1509,52.36,0.03,97.0,451.74,6.61,24.96,0.37,0.64
1510,60.74,0.1,90.0,193.57,1.8,32.25,0.49,0.67
1511,75.84,0.0,100.0,182.31,2.36,43.99,0.56,0.66
1512,55.04,0.04,96.0,468.26,1.72,38.03,0.4,0.57
1513,71.93,0.02,98.0,141.51,3.37,37.91,0.62,0.54
1514,67.25,0.0,100.0,361.78,3.52,31.42,0.29,0.61
1515,70.38,0.01,99.0,319.33,2.03,37.25,0.37,0.52
1516,56.08,0.05,95.0,321.98,6.42,21.79,0.43,0.54
1517,59.03,0.09,91.0,251.03,2.28,21.94,0.45,0.75
1518,47.98,0.01,99.0,453.64,10.1,20.41,0.54,0.75
1519,69.1,0.02,98.0,289.14,2.45,38.62,0.41,0.66
1520,50.74,0.08,92.0,346.62,3.69,30.63,0.46,0.73
1521,74.84,0.07,93.0,110.97,1.0,20.42,0.36,0.74
1522,59.55,0.01,99.0,407.43,3.93,25.47,0.48,0.72
1523,74.26,0.0,100.0,215.23,2.57,39.37,0.59,0.75
1524,69.76,0.0,100.0,318.54,2.88,36.57,0.43,0.65
1525,64.9,0.07,93.0,126.77,3.9,35.72,0.62,0.75
1526,66.36,0.01,99.0,281.74,7.66,17.79,0.35,0.66
1527,75.67,0.01,99.0,176.57,2.3,39.89,0.43,0.65
1528,75.6,0.02,98.0,130.94,2.5,34.78,0.63,0.69
1529,49.72,0.08,92.0,444.62,4.02,29.52,0.18,0.67
1530,62.42,0.02,98.0,346.75,2.46,41.63,0.32,0.56
1531,59.26,0.06,94.0,176.92,7.81,19.07,0.57,0.6
1532,63.42,0.05,95.0,186.29,3.76,43.64,0.65,0.67
1533,72.43,0.01,99.0,252.55,2.19,41.92,0.43,0.62
1534,59.9,0.01,99.0,329.06,4.06,47.3,0.72,0.61
1535,70.94,0.02,98.0,187.75,2.55,38.16,0.64,0.63
1536,58.81,0.02,98.0,239.81,11.56,14.94,0.51,0.74
1537,56.91,0.03,97.0,301.7,7.2,30.59,0.53,0.73
1538,64.78,0.0,100.0,345.42,3.88,34.87,0.53,0.72
1539,77.6,0.0,100.0,117.97,2.36,38.71,0.71,0.67
1540,45.27,0.09,91.0,328.29,9.69,16.19,0.54,0.76
1541,69.92,0.03,97.0,267.43,1.99,34.46,0.37,0.76
1542,70.36,0.01,99.0,257.17,4.4,34.79,0.22,0.61
1543,67.04,0.0,100.0,327.23,3.93,36.93,0.39,0.65
1544,70.79,0.02,98.0,178.7,3.53,29.85,0.54,0.67
1545,60.01,0.02,98.0,344.62,2.57,42.23,0.69,0.67
1546,59.17,0.04,96.0,274.25,6.95,19.5,0.59,0.72
1547,65.87,0.08,92.0,216.77,1.08,21.82,0.35,0.72
1548,68.34,0.02,98.0,285.78,1.59,42.32,0.45,0.67
1549,71.4,0.0,100.0,207.84,4.38,38.51,0.57,0.72
1550,65.03,0.0,100.0,309.98,2.31,38.16,0.74,0.67
1551,57.46,0.02,98.0,444.35,3.54,35.25,0.28,0.62
1552,63.38,0.03,97.0,176.73,7.37,21.52,0.7,0.63
1553,58.53,0.03,97.0,393.14,3.29,37.95,0.59,0.59
1554,58.06,0.0,100.0,432.91,2.32,43.09,0.71,0.62
1555,68.71,0.02,98.0,340.07,2.33,37.99,0.31,0.48
1556,63.87,0.02,98.0,361.87,3.29,41.37,0.41,0.65
1557,71.49,0.01,99.0,266.86,2.67,40.54,0.45,0.59
1558,59.67,0.01,99.0,433.89,3.54,26.17,0.44,0.56
1559,64.22,0.04,96.0,314.6,3.15,36.45,0.36,0.6
1560,67.2,0.01,99.0,266.2,3.11,39.82,0.62,0.62
1561,61.41,0.07,93.0,134.84,10.36,15.06,0.27,0.52
1562,60.44,0.02,98.0,403.94,4.27,28.84,0.34,0.62
1563,66.43,0.03,97.0,160.85,4.02,36.58,0.73,0.56
1564,64.55,0.0,100.0,330.99,3.02,40.02,0.57,0.41
1565,57.61,0.0,100.0,365.37,5.8,32.07,0.66,0.55
1566,56.96,0.02,98.0,403.64,4.07,39.6,0.62,0.66
1567,61.03,0.0,100.0,333.0,4.12,40.04,0.74,0.7
1568,66.21,0.03,97.0,160.91,6.12,29.6,0.49,0.7
1569,56.52,0.08,92.0,264.11,3.22,31.45,0.59,0.65
1570,67.18,0.05,95.0,206.97,6.31,27.1,0.28,0.63
1571,67.41,0.02,98.0,209.58,7.1,23.64,0.39,0.56
1572,65.33,0.02,98.0,314.42,1.94,36.49,0.58,0.55
1573,66.0,0.01,99.0,306.33,4.67,29.16,0.47,0.58
1574,54.8,0.02,98.0,258.47,12.2,16.86,0.57,0.63
1575,64.84,0.01,99.0,309.85,2.95,39.88,0.63,0.6
1576,67.24,0.0,100.0,308.64,2.56,40.98,0.67,0.65
1577,72.57,0.0,100.0,196.22,2.26,43.64,0.59,0.68
1578,56.98,0.02,98.0,403.96,2.32,40.19,0.69,0.63
1579,71.6,0.0,100.0,236.85,3.13,41.41,0.49,0.6
1580,66.65,0.02,98.0,337.9,2.96,36.32,0.25,0.57
1581,60.71,0.03,97.0,267.92,6.31,28.69,0.48,0.53
1582,69.02,0.01,99.0,293.33,2.77,38.6,0.47,0.56
1583,66.06,0.0,100.0,298.15,2.86,36.05,0.68,0.59
1584,70.21,0.02,98.0,216.54,2.1,36.4,0.59,0.55
1585,56.57,0.03,97.0,293.32,9.77,24.89,0.42,0.68
1586,65.06,0.03,97.0,314.39,2.81,32.74,0.24,0.68
1587,76.06,0.02,98.0,161.3,6.05,19.63,0.11,0.54
1588,65.77,0.02,98.0,307.01,2.77,44.53,0.55,0.73
1589,48.77,0.03,97.0,474.94,5.11,35.59,0.55,0.76
1590,68.05,0.03,97.0,216.85,5.64,19.04,0.47,0.75
1591,52.01,0.03,97.0,354.88,7.86,20.05,0.67,0.65
1592,60.71,0.01,99.0,452.44,4.89,26.76,0.16,0.65
1593,60.31,0.01,99.0,473.77,2.03,40.6,0.36,0.58
1594,70.6,0.02,98.0,235.34,2.31,41.23,0.48,0.47
1595,64.66,0.02,98.0,254.57,5.9,21.67,0.55,0.68
1596,50.08,0.02,98.0,491.39,4.23,38.96,0.69,0.49
1597,52.97,0.02,98.0,473.25,2.85,40.24,0.56,0.52
1598,49.14,0.09,91.0,317.59,6.64,14.63,0.55,0.76
1599,64.61,0.05,95.0,209.88,4.75,35.42,0.59,0.65
1600,53.22,0.01,99.0,461.1,4.42,40.64,0.67,0.48
1601,66.11,0.01,99.0,391.37,1.59,35.86,0.4,0.56
1602,47.23,0.01,99.0,578.86,2.99,39.42,0.63,0.48
1603,65.13,0.03,97.0,252.4,1.87,35.9,0.66,0.58
1604,34.96,0.06,94.0,628.3,8.98,25.46,0.45,0.5
1605,47.36,0.0,100.0,613.19,2.3,43.46,0.68,0.43
1606,44.25,0.01,99.0,600.3,6.87,24.97,0.49,0.7
1607,64.7,0.04,96.0,353.2,2.03,29.12,0.37,0.64
1608,57.18,0.0,100.0,439.04,3.86,36.19,0.62,0.6
1609,54.68,0.06,94.0,327.58,5.12,24.41,0.55,0.57
1610,68.78,0.03,97.0,271.16,2.24,31.32,0.36,0.57
1611,58.21,0.01,99.0,489.28,2.04,36.36,0.4,0.38
1612,51.83,0.05,95.0,471.03,2.7,31.87,0.47,0.34
1613,62.46,0.0,100.0,396.26,4.24,39.41,0.51,0.53
1614,49.04,0.01,99.0,635.71,2.49,40.74,0.47,0.5
1615,36.87,0.02,98.0,654.34,8.78,27.66,0.54,0.56
1616,63.11,0.02,98.0,398.61,2.21,38.96,0.41,0.48
1617,62.82,0.02,98.0,157.33,12.12,21.34,0.54,0.76
1618,63.05,0.01,99.0,357.94,3.08,40.42,0.54,0.58
1619,57.5,0.0,100.0,476.82,6.32,28.29,0.17,0.57
1620,69.14,0.01,99.0,351.19,3.34,34.27,0.18,0.54
1621,46.21,0.01,99.0,586.76,5.42,31.21,0.44,0.52
1622,58.82,0.01,99.0,449.63,5.1,41.03,0.29,0.62
1623,55.2,0.08,92.0,203.5,7.7,13.57,0.54,0.61
1624,68.34,0.04,96.0,137.03,5.85,25.2,0.54,0.73
1625,62.5,0.04,96.0,342.37,3.77,31.93,0.31,0.66
1626,45.98,0.11,89.0,374.5,5.55,19.32,0.39,0.74
1627,50.22,0.05,95.0,480.03,7.64,30.87,0.15,0.7
1628,57.52,0.01,99.0,507.45,2.02,35.13,0.33,0.67
1629,58.45,0.1,90.0,191.32,4.93,19.11,0.42,0.76
1630,68.69,0.0,100.0,335.07,2.7,36.59,0.45,0.71
1631,50.49,0.03,97.0,449.66,3.95,37.38,0.57,0.8
1632,68.55,0.0,100.0,283.12,3.2,38.71,0.56,0.71
1633,65.89,0.0,100.0,315.19,4.31,32.05,0.47,0.67
1634,44.87,0.1,90.0,368.69,7.33,13.38,0.45,0.81
1635,53.1,0.0,100.0,453.83,9.36,17.52,0.55,0.66
1636,59.52,0.04,96.0,290.9,4.08,33.68,0.5,0.72
1637,63.72,0.03,97.0,272.29,7.41,23.84,0.42,0.68
1638,42.81,0.04,96.0,507.92,9.04,17.69,0.35,0.68
1639,62.85,0.07,93.0,203.2,6.57,23.59,0.35,0.72
1640,54.76,0.06,94.0,275.21,6.92,17.25,0.65,0.84
1641,49.21,0.07,93.0,286.62,13.05,10.14,0.41,0.78
1642,55.52,0.05,95.0,313.1,8.54,18.62,0.24,0.68
1643,57.31,0.09,91.0,194.96,7.34,13.48,0.48,0.72
1644,58.21,0.02,98.0,394.04,4.12,33.76,0.49,0.6
1645,70.88,0.02,98.0,245.95,2.93,20.36,0.37,0.73
1646,58.87,0.09,91.0,235.35,2.56,21.72,0.41,0.67
1647,54.55,0.01,99.0,209.05,13.89,13.59,0.63,0.6
1648,50.17,0.09,91.0,359.53,4.47,16.91,0.4,0.62
1649,67.05,0.04,96.0,267.73,3.5,37.3,0.27,0.57
1650,63.01,0.03,97.0,380.41,2.06,37.73,0.37,0.55
1651,47.89,0.04,96.0,560.99,6.07,31.6,0.33,0.6
1652,56.83,0.01,99.0,514.28,1.9,40.8,0.45,0.56
1653,57.75,0.0,100.0,573.04,3.3,35.95,0.22,0.59
1654,70.39,0.01,99.0,280.03,3.51,35.57,0.32,0.56
1655,49.18,0.12,88.0,283.4,2.81,19.32,0.52,0.58
1656,75.08,0.01,99.0,269.8,2.0,37.66,0.22,0.56
1657,43.68,0.03,97.0,587.0,4.51,34.56,0.43,0.55
1658,73.14,0.03,97.0,176.91,4.52,25.91,0.38,0.64
1659,64.03,0.07,93.0,278.64,2.64,41.15,0.25,0.6
1660,55.63,0.03,97.0,453.79,3.51,29.23,0.33,0.58
1661,56.22,0.07,93.0,266.83,5.83,18.79,0.59,0.66
1662,45.42,0.12,88.0,281.15,6.29,16.19,0.52,0.68
1663,70.96,0.0,100.0,240.16,4.55,33.9,0.47,0.59
1664,52.96,0.1,90.0,329.36,3.29,25.7,0.28,0.62
1665,41.99,0.01,99.0,682.06,4.22,38.86,0.6,0.56
1666,62.36,0.0,100.0,478.07,1.66,42.16,0.41,0.53
1667,51.9,0.01,99.0,599.38,5.03,33.77,0.17,0.57
1668,56.39,0.01,99.0,538.19,4.86,32.54,0.33,0.54
1669,52.71,0.02,98.0,470.91,2.37,43.63,0.69,0.54
1670,41.74,0.18,82.0,260.65,2.07,22.28,0.46,0.64
1671,66.0,0.01,99.0,353.01,2.86,36.06,0.49,0.35
1672,57.22,0.04,96.0,416.79,2.96,30.14,0.35,0.46
1673,52.86,0.02,98.0,468.11,5.13,32.71,0.49,0.64
1674,55.25,0.02,98.0,407.2,7.16,29.15,0.46,0.58
1675,51.48,0.08,92.0,386.2,3.5,27.25,0.37,0.47
1676,49.4,0.11,89.0,250.94,6.08,11.71,0.52,0.47
1677,73.46,0.03,97.0,186.13,1.9,39.86,0.42,0.53
1678,61.15,0.02,98.0,397.88,1.98,40.53,0.53,0.55
1679,69.21,0.01,99.0,308.72,1.69,39.39,0.47,0.74
1680,59.11,0.08,92.0,258.16,4.63,20.89,0.24,0.71
1681,65.06,0.03,97.0,322.03,2.57,36.05,0.47,0.7
1682,63.08,0.02,98.0,332.07,3.89,35.14,0.41,0.6
1683,41.08,0.11,89.0,374.92,7.6,11.51,0.58,0.67
1684,79.57,0.01,99.0,172.71,1.48,22.23,0.41,0.64
1685,64.14,0.02,98.0,273.35,6.38,26.95,0.4,0.62
1686,50.15,0.02,98.0,513.5,6.3,21.29,0.48,0.6
1687,57.28,0.03,97.0,490.29,2.57,28.55,0.14,0.59
1688,63.13,0.04,96.0,195.68,6.3,18.19,0.57,0.63
1689,48.97,0.01,99.0,503.52,6.1,27.24,0.5,0.59
1690,52.54,0.01,99.0,482.02,6.18,27.84,0.41,0.61
1691,46.02,0.11,89.0,323.83,5.88,15.16,0.54,0.75
1692,45.77,0.04,96.0,521.37,6.76,30.47,0.4,0.72
1693,63.71,0.08,92.0,148.36,3.83,22.92,0.52,0.66
1694,62.99,0.06,94.0,255.75,2.36,33.41,0.43,0.68
1695,58.93,0.09,91.0,172.01,3.53,24.14,0.61,0.65
1696,58.85,0.04,96.0,385.07,4.21,32.2,0.37,0.52
1697,48.27,0.1,90.0,270.45,8.0,14.75,0.54,0.7
1698,70.46,0.0,100.0,249.59,4.2,29.77,0.45,0.72
1699,64.85,0.02,98.0,219.43,5.45,35.23,0.56,0.72
1700,45.32,0.09,91.0,485.48,5.36,27.73,0.07,0.75
1701,44.5,0.01,99.0,506.66,11.39,16.62,0.49,0.6
1702,79.98,0.01,99.0,197.51,2.32,29.36,0.29,0.74
1703,53.18,0.11,89.0,330.5,2.19,31.78,0.35,0.72
1704,64.05,0.04,96.0,323.27,1.93,40.05,0.43,0.68
1705,57.74,0.02,98.0,407.38,2.49,41.68,0.64,0.67
1706,34.77,0.02,98.0,512.15,15.1,11.14,0.7,0.58
1707,46.08,0.0,100.0,653.81,2.56,35.79,0.59,0.68
1708,61.83,0.0,100.0,435.29,2.57,39.05,0.47,0.73
1709,71.74,0.04,96.0,214.7,1.97,28.05,0.44,0.74
1710,56.78,0.01,99.0,392.9,9.7,22.69,0.22,0.62
1711,61.85,0.01,99.0,407.57,2.72,37.48,0.5,0.72
1712,58.97,0.03,97.0,323.15,6.93,21.55,0.45,0.69
1713,70.78,0.07,93.0,176.51,1.47,30.31,0.22,0.74
1714,67.46,0.01,99.0,403.43,3.14,34.67,0.22,0.74
1715,49.08,0.01,99.0,381.03,13.17,13.48,0.53,0.65
1716,54.29,0.02,98.0,417.83,6.37,30.73,0.52,0.57
1717,44.01,0.08,92.0,417.26,8.56,24.99,0.38,0.76
1718,49.62,0.0,100.0,656.5,2.15,38.9,0.47,0.68
1719,45.66,0.11,89.0,311.54,5.84,23.15,0.45,0.74
1720,42.73,0.05,95.0,500.96,6.4,32.9,0.61,0.63
1721,82.94,0.01,99.0,153.82,3.16,26.88,0.23,0.72
1722,42.29,0.08,92.0,491.26,6.47,21.47,0.43,0.73
1723,60.14,0.02,98.0,428.92,6.35,23.72,0.19,0.64
1724,59.83,0.05,95.0,260.46,7.67,22.32,0.28,0.69
1725,64.77,0.03,97.0,374.73,1.87,36.2,0.21,0.62
1726,49.05,0.11,89.0,391.42,3.72,29.98,0.2,0.76
1727,67.69,0.04,96.0,214.27,3.33,32.8,0.53,0.78
1728,51.49,0.03,97.0,466.54,4.4,28.7,0.47,0.74
1729,44.96,0.06,94.0,440.37,7.83,21.38,0.42,0.71
1730,63.56,0.01,99.0,393.01,2.4,44.49,0.47,0.55
1731,56.48,0.01,99.0,536.1,1.87,37.35,0.42,0.71
1732,51.53,0.05,95.0,460.82,3.54,35.61,0.46,0.68
1733,64.89,0.02,98.0,355.77,1.58,33.68,0.17,0.64
1734,30.89,0.11,89.0,399.0,15.53,7.57,0.5,0.73
1735,54.64,0.0,100.0,544.92,4.49,25.1,0.36,0.64
1736,45.48,0.05,95.0,382.46,12.53,12.1,0.26,0.82
1737,72.89,0.01,99.0,156.21,2.58,38.36,0.66,0.62
1738,60.96,0.03,97.0,343.84,1.65,36.61,0.52,0.74
1739,52.37,0.0,100.0,572.34,2.95,43.24,0.51,0.69
1740,65.35,0.03,97.0,355.44,2.29,36.99,0.23,0.66
1741,64.32,0.02,98.0,366.77,1.96,31.28,0.5,0.68
1742,49.47,0.0,100.0,505.49,9.55,16.44,0.42,0.66
1743,60.46,0.07,93.0,303.26,1.78,33.3,0.31,0.64
1744,72.73,0.02,98.0,247.6,2.21,40.63,0.36,0.6
1745,69.46,0.01,99.0,298.09,2.24,38.32,0.47,0.62
1746,62.66,0.0,100.0,396.75,3.94,29.76,0.45,0.68
1747,52.82,0.02,98.0,506.14,2.36,39.2,0.59,0.61
1748,72.76,0.02,98.0,228.88,2.53,29.63,0.32,0.69
1749,57.94,0.0,100.0,434.64,3.94,38.5,0.61,0.6
1750,60.14,0.0,100.0,480.52,2.56,45.68,0.52,0.68
1751,56.88,0.02,98.0,412.0,2.49,36.04,0.65,0.72
1752,56.91,0.0,100.0,470.16,2.91,36.64,0.54,0.74
1753,59.46,0.0,100.0,361.84,6.06,31.57,0.55,0.64
1754,63.51,0.01,99.0,313.52,2.87,43.7,0.68,0.6
1755,57.74,0.01,99.0,408.23,2.51,41.81,0.7,0.73
1756,63.39,0.02,98.0,294.72,3.35,42.59,0.62,0.75
1757,62.77,0.04,96.0,325.34,2.98,41.34,0.31,0.75
1758,63.89,0.02,98.0,393.82,4.79,30.83,0.15,0.69
1759,40.74,0.09,91.0,406.2,7.93,12.56,0.54,0.74
1760,70.69,0.0,100.0,298.01,2.7,34.49,0.56,0.66
1761,62.56,0.07,93.0,223.16,2.32,33.08,0.47,0.65
1762,59.51,0.01,99.0,408.22,3.36,29.39,0.56,0.58
1763,59.03,0.02,98.0,448.2,2.04,37.28,0.44,0.67
1764,52.68,0.03,97.0,509.03,2.86,37.37,0.34,0.57
1765,63.32,0.05,95.0,251.88,3.63,31.94,0.51,0.84
1766,51.25,0.0,100.0,425.74,8.05,17.95,0.69,0.64
1767,64.76,0.03,97.0,354.24,1.78,43.25,0.56,0.73
1768,75.14,0.02,98.0,193.81,2.06,38.43,0.4,0.62
1769,53.91,0.08,92.0,269.02,3.63,32.48,0.64,0.7
1770,57.74,0.02,98.0,391.3,4.0,42.97,0.53,0.65
1771,61.85,0.0,100.0,366.71,5.2,23.11,0.53,0.67
1772,72.44,0.0,100.0,275.26,3.74,36.04,0.28,0.59
1773,65.28,0.06,94.0,195.66,3.4,29.75,0.56,0.82
1774,70.51,0.0,100.0,207.25,4.24,42.25,0.68,0.66
1775,71.32,0.02,98.0,225.15,3.83,39.86,0.45,0.67
1776,55.41,0.05,95.0,330.31,5.11,34.17,0.44,0.65
1777,62.56,0.02,98.0,340.63,2.27,39.36,0.67,0.64
1778,66.19,0.02,98.0,315.59,4.23,26.9,0.38,0.71
1779,64.85,0.02,98.0,373.19,1.46,37.36,0.44,0.65
1780,59.92,0.03,97.0,387.33,4.36,30.65,0.39,0.61
1781,63.69,0.02,98.0,297.31,4.2,34.12,0.57,0.71
1782,67.13,0.01,99.0,324.72,2.48,34.87,0.49,0.66
1783,68.69,0.01,99.0,306.13,3.11,40.04,0.42,0.69
1784,78.42,0.0,100.0,156.08,2.36,41.91,0.5,0.59
1785,68.59,0.0,100.0,369.03,2.11,37.67,0.34,0.45
1786,70.8,0.02,98.0,171.72,2.39,39.69,0.67,0.44
1787,65.9,0.03,97.0,289.81,2.52,34.4,0.51,0.53
1788,62.49,0.01,99.0,392.5,2.2,36.83,0.53,0.52
1789,61.13,0.0,100.0,382.1,3.45,39.59,0.57,0.75
1790,76.42,0.0,100.0,196.37,2.51,36.35,0.48,0.65
1791,71.09,0.01,99.0,257.75,2.78,34.67,0.5,0.68
1792,49.41,0.06,94.0,329.83,8.35,18.16,0.52,0.73
1793,56.17,0.0,100.0,410.21,4.6,41.85,0.68,0.64
1794,57.37,0.05,95.0,341.55,4.97,29.37,0.41,0.77
1795,61.3,0.02,98.0,331.44,4.92,29.7,0.47,0.69
1796,52.17,0.03,97.0,446.84,4.37,47.82,0.52,0.72
1797,70.63,0.0,100.0,236.0,2.65,37.93,0.65,0.69
1798,63.95,0.01,99.0,358.85,3.38,32.25,0.57,0.69
1799,47.14,0.01,99.0,415.93,12.85,13.9,0.43,0.69
1800,61.91,0.01,99.0,391.17,2.91,41.15,0.53,0.65
1801,73.78,0.01,99.0,218.55,3.63,32.81,0.32,0.69
1802,67.56,0.0,100.0,289.48,5.98,26.61,0.45,0.6
1803,68.61,0.01,99.0,279.13,2.8,33.94,0.46,0.6
1804,52.25,0.0,100.0,545.04,5.5,25.08,0.5,0.67
1805,69.53,0.0,100.0,299.86,1.82,36.4,0.52,0.68
1806,65.8,0.01,99.0,299.81,4.13,30.94,0.49,0.68
1807,21.25,0.19,81.0,419.27,11.07,11.64,0.47,0.7
1808,44.24,0.02,98.0,479.95,8.16,20.03,0.71,0.69
1809,63.79,0.0,100.0,338.78,2.62,40.82,0.69,0.61
1810,59.37,0.05,95.0,331.75,2.67,36.15,0.43,0.71
1811,68.02,0.0,100.0,307.86,3.76,32.87,0.46,0.54
1812,54.94,0.02,98.0,496.18,2.39,34.6,0.5,0.66
1813,68.58,0.04,96.0,241.18,2.41,39.61,0.37,0.69
1814,66.34,0.01,99.0,303.06,2.64,38.57,0.59,0.65
1815,58.14,0.01,99.0,477.62,1.96,42.13,0.46,0.59
1816,56.78,0.06,94.0,347.49,3.03,31.31,0.34,0.63
1817,71.98,0.0,100.0,248.3,2.49,41.34,0.58,0.58
1818,69.01,0.03,97.0,264.84,1.54,35.0,0.45,0.68
1819,72.58,0.0,100.0,229.49,3.59,26.56,0.47,0.58
1820,75.56,0.01,99.0,236.65,1.95,38.29,0.37,0.62
1821,64.65,0.01,99.0,339.42,2.37,44.78,0.51,0.63
1822,60.98,0.02,98.0,237.3,8.16,19.11,0.65,0.55
1823,74.42,0.01,99.0,148.33,3.59,36.77,0.59,0.5
1824,70.84,0.01,99.0,195.72,2.23,34.77,0.68,0.47
1825,65.47,0.01,99.0,300.69,2.65,45.82,0.66,0.47
1826,64.13,0.0,100.0,388.54,2.53,41.57,0.5,0.52
1827,53.14,0.02,98.0,406.37,4.9,34.78,0.63,0.57
1828,69.86,0.02,98.0,317.23,3.64,27.76,0.2,0.54
1829,70.78,0.01,99.0,275.05,2.26,36.96,0.44,0.68
1830,51.55,0.01,99.0,540.71,2.77,39.73,0.66,0.57
1831,70.09,0.0,100.0,353.83,2.89,36.65,0.31,0.47
1832,61.98,0.03,97.0,383.22,3.21,28.27,0.34,0.39
1833,75.06,0.01,99.0,254.85,1.56,43.43,0.41,0.34
1834,46.29,0.01,99.0,468.14,12.97,12.26,0.44,0.55
1835,63.53,0.03,97.0,277.44,2.29,38.9,0.69,0.52
1836,62.95,0.05,95.0,287.14,2.88,36.19,0.48,0.34
1837,74.58,0.0,100.0,207.94,2.81,40.44,0.57,0.43
1838,67.7,0.0,100.0,346.78,3.16,32.68,0.46,0.39
1839,58.02,0.0,100.0,465.83,5.72,27.96,0.44,0.38
1840,64.47,0.01,99.0,328.35,3.0,28.68,0.55,0.39
1841,60.76,0.02,98.0,367.77,3.84,38.24,0.56,0.36
1842,53.35,0.05,95.0,448.07,3.14,43.25,0.57,0.38
1843,59.15,0.01,99.0,433.2,2.91,27.97,0.54,0.46
1844,69.13,0.01,99.0,241.71,2.83,39.81,0.64,0.55
1845,52.42,0.0,100.0,531.98,2.55,33.38,0.72,0.8
1846,67.54,0.02,98.0,291.5,2.74,32.25,0.49,0.61
1847,80.82,0.02,98.0,166.43,1.81,35.74,0.25,0.54
1848,65.87,0.0,100.0,329.29,5.8,23.56,0.43,0.48
1849,54.02,0.07,93.0,276.35,4.44,34.12,0.58,0.44
1850,62.59,0.04,96.0,383.61,1.82,46.2,0.33,0.37
1851,56.94,0.02,98.0,316.4,8.78,31.42,0.53,0.41
1852,67.71,0.0,100.0,356.32,1.62,41.2,0.47,0.37
1853,60.98,0.02,98.0,371.15,3.29,30.6,0.48,0.38
1854,62.19,0.0,100.0,337.82,3.82,36.2,0.67,0.38
1855,57.84,0.0,100.0,319.64,8.13,20.52,0.65,0.56
1856,70.03,0.0,100.0,290.42,2.55,30.72,0.42,0.45
1857,48.83,0.08,92.0,384.53,5.15,27.44,0.41,0.48
1858,62.07,0.0,100.0,449.04,5.91,29.02,0.26,0.39
1859,53.68,0.01,99.0,486.49,3.27,30.79,0.65,0.49
1860,57.32,0.03,97.0,346.02,4.24,37.9,0.53,0.38
1861,73.81,0.01,99.0,117.78,4.12,35.53,0.63,0.38
1862,62.63,0.07,93.0,248.57,3.59,29.4,0.33,0.48
1863,70.5,0.01,99.0,225.67,2.43,36.97,0.63,0.41
1864,58.22,0.0,100.0,445.97,5.52,29.84,0.4,0.43
1865,45.64,0.08,92.0,409.44,7.43,13.35,0.43,0.44
1866,70.99,0.01,99.0,229.09,2.54,34.92,0.62,0.44
1867,46.46,0.0,100.0,468.96,12.84,13.8,0.51,0.39
1868,56.91,0.01,99.0,374.59,4.12,41.51,0.75,0.4
1869,66.92,0.0,100.0,377.73,1.53,33.16,0.51,0.47
1870,65.4,0.02,98.0,225.92,7.79,21.04,0.34,0.51
1871,74.41,0.0,100.0,213.43,4.38,34.79,0.4,0.44
1872,70.38,0.0,100.0,303.54,3.74,37.74,0.28,0.44
1873,52.42,0.02,98.0,395.12,5.96,31.08,0.65,0.53
1874,52.99,0.02,98.0,455.65,2.59,37.87,0.7,0.56
1875,65.76,0.01,99.0,308.91,3.02,43.81,0.44,0.5
1876,63.46,0.0,100.0,315.56,4.0,36.59,0.67,0.51
1877,56.09,0.02,98.0,426.18,2.41,35.66,0.68,0.4
1878,60.55,0.0,100.0,270.98,7.98,21.25,0.54,0.5
1879,70.04,0.01,99.0,296.6,2.11,39.02,0.44,0.37
1880,62.23,0.02,98.0,365.82,2.8,30.73,0.5,0.45
1881,48.11,0.01,99.0,523.4,4.21,41.61,0.74,0.42
1882,65.05,0.0,100.0,332.59,5.65,25.66,0.37,0.49
1883,67.86,0.01,99.0,264.3,2.48,39.18,0.64,0.55
1884,67.38,0.0,100.0,347.01,2.06,40.67,0.5,0.62
1885,59.17,0.02,98.0,367.96,2.12,36.47,0.69,0.55
1886,56.32,0.01,99.0,439.06,2.33,31.59,0.72,0.47
1887,50.55,0.03,97.0,445.3,4.99,30.47,0.58,0.43
1888,56.66,0.0,100.0,353.23,8.24,21.22,0.7,0.4
1889,54.85,0.0,100.0,357.67,10.56,19.32,0.56,0.35
1890,60.3,0.02,98.0,327.72,5.64,23.8,0.57,0.39
1891,68.25,0.01,99.0,224.98,6.15,26.46,0.53,0.4
1892,63.49,0.01,99.0,289.55,4.65,38.17,0.64,0.44
1893,63.43,0.01,99.0,455.92,3.22,33.45,0.34,0.43
1894,59.19,0.02,98.0,321.0,4.33,34.61,0.69,0.47
1895,76.06,0.01,99.0,215.37,2.16,41.74,0.29,0.7
1896,56.36,0.03,97.0,389.2,5.65,26.53,0.44,0.61
1897,70.17,0.0,100.0,220.7,4.24,42.13,0.66,0.69
1898,63.25,0.01,99.0,397.2,2.64,42.95,0.49,0.65
1899,64.59,0.01,99.0,349.32,2.62,37.04,0.54,0.69
1900,53.46,0.02,98.0,449.51,3.29,39.52,0.65,0.65
1901,73.61,0.0,100.0,241.88,2.5,37.7,0.49,0.66
1902,58.87,0.02,98.0,296.28,6.87,26.03,0.55,0.66
1903,66.89,0.01,99.0,268.36,4.82,27.4,0.52,0.47
1904,59.59,0.0,100.0,372.76,4.86,33.28,0.6,0.57
1905,65.74,0.01,99.0,256.9,4.08,41.55,0.68,0.55
1906,62.15,0.0,100.0,391.21,4.73,30.33,0.5,0.58
1907,65.4,0.02,98.0,356.55,1.5,42.55,0.41,0.62
1908,58.6,0.0,100.0,456.18,2.34,43.66,0.68,0.5
1909,76.56,0.0,100.0,215.83,1.79,37.27,0.45,0.61
1910,70.01,0.0,100.0,252.89,4.5,39.69,0.48,0.53
1911,65.79,0.0,100.0,375.15,1.64,41.23,0.5,0.32
1912,60.67,0.01,99.0,444.63,1.74,35.57,0.48,0.34
1913,55.84,0.01,99.0,454.62,2.36,34.03,0.71,0.36
1914,65.98,0.02,98.0,254.33,2.48,41.81,0.66,0.32
1915,56.92,0.01,99.0,362.59,8.08,19.31,0.5,0.34
1916,59.74,0.0,100.0,462.03,2.49,42.25,0.52,0.37
1917,61.13,0.0,100.0,368.74,4.48,43.19,0.69,0.37
1918,54.44,0.0,100.0,529.6,5.2,26.18,0.41,0.34
1919,65.69,0.0,100.0,403.64,1.78,42.22,0.4,0.35
1920,67.84,0.0,100.0,346.78,3.33,33.91,0.43,0.39
1921,68.32,0.0,100.0,291.18,2.48,38.81,0.55,0.57
1922,62.18,0.0,100.0,414.6,2.63,38.8,0.6,0.69
1923,61.19,0.01,99.0,370.9,2.72,36.79,0.66,0.61
1924,56.06,0.01,99.0,437.46,2.75,42.65,0.68,0.64
1925,66.32,0.0,100.0,373.07,5.03,27.93,0.33,0.59
1926,44.7,0.03,97.0,444.86,8.35,20.91,0.7,0.41
1927,73.2,0.02,98.0,227.15,2.55,41.94,0.35,0.41
1928,64.24,0.01,99.0,337.0,2.48,41.25,0.6,0.7
1929,53.9,0.02,98.0,451.22,2.12,35.71,0.72,0.62
1930,54.79,0.02,98.0,420.36,6.51,28.03,0.46,0.7
1931,52.18,0.01,99.0,461.88,6.75,25.12,0.49,0.69
1932,63.69,0.01,99.0,381.06,1.87,38.14,0.49,0.61
1933,59.55,0.02,98.0,315.19,5.86,24.48,0.61,0.57
1934,61.86,0.0,100.0,395.38,3.16,42.21,0.52,0.59
1935,56.27,0.0,100.0,396.07,8.16,20.8,0.57,0.65
1936,56.02,0.01,99.0,323.33,8.16,19.88,0.67,0.69
1937,64.63,0.01,99.0,354.02,2.27,40.96,0.54,0.68
1938,58.93,0.0,100.0,411.83,7.75,22.46,0.38,0.67
1939,64.97,0.03,97.0,344.75,1.4,33.08,0.42,0.7
1940,63.16,0.02,98.0,324.44,3.24,40.12,0.55,0.69
1941,60.19,0.01,99.0,433.05,2.84,42.54,0.46,0.74
1942,57.27,0.02,98.0,402.01,3.02,32.99,0.6,0.68
1943,77.78,0.0,100.0,278.4,2.1,42.5,0.23,0.68
1944,74.04,0.01,99.0,170.38,3.31,38.95,0.57,0.59
1945,49.82,0.01,99.0,468.19,7.64,20.95,0.55,0.58
1946,65.31,0.01,99.0,289.45,4.08,47.49,0.56,0.58
1947,74.06,0.0,100.0,263.97,2.25,43.24,0.32,0.56
1948,70.28,0.0,100.0,270.33,3.15,44.16,0.49,0.64
1949,42.94,0.0,100.0,459.86,15.16,11.3,0.55,0.63
1950,68.18,0.01,99.0,286.7,2.48,44.83,0.52,0.67
1951,66.63,0.0,100.0,253.11,5.66,31.97,0.58,0.5
1952,73.63,0.0,100.0,294.25,1.46,40.72,0.37,0.6
1953,58.95,0.0,100.0,420.94,2.94,38.13,0.65,0.52
1954,56.03,0.01,99.0,391.45,4.13,39.8,0.72,0.4
1955,68.99,0.0,100.0,319.66,2.59,40.08,0.45,0.4
1956,64.56,0.0,100.0,336.93,3.68,39.34,0.49,0.4
1957,68.7,0.01,99.0,259.83,1.94,38.75,0.67,0.47
1958,56.71,0.01,99.0,326.6,7.6,22.37,0.7,0.44
1959,64.85,0.0,100.0,328.49,3.14,46.8,0.55,0.4
1960,70.73,0.02,98.0,278.37,1.65,43.02,0.37,0.37
1961,60.61,0.0,100.0,427.96,6.07,28.66,0.3,0.39
1962,64.36,0.01,99.0,318.3,2.81,38.68,0.63,0.35
1963,61.08,0.0,100.0,454.46,3.07,34.54,0.44,0.35
1964,53.58,0.01,99.0,483.26,4.12,40.31,0.61,0.36
1965,71.72,0.01,99.0,271.18,2.04,39.54,0.5,0.43
1966,61.08,0.0,100.0,380.3,2.06,41.62,0.73,0.36
1967,61.84,0.0,100.0,387.56,3.31,40.01,0.63,0.35
1968,58.34,0.01,99.0,444.05,3.26,30.78,0.51,0.39
1969,49.51,0.03,97.0,502.99,4.14,35.09,0.54,0.43
1970,53.71,0.03,97.0,414.86,2.56,37.28,0.72,0.38
1971,42.25,0.0,100.0,508.31,12.4,16.56,0.44,0.47
1972,56.64,0.02,98.0,381.91,4.67,40.49,0.57,0.61
1973,57.58,0.01,99.0,423.62,2.02,37.52,0.73,0.66
1974,58.11,0.0,100.0,440.6,2.36,43.81,0.7,0.48
1975,61.68,0.0,100.0,399.98,5.96,25.25,0.39,0.38
1976,62.99,0.0,100.0,367.53,4.49,28.62,0.53,0.34
1977,72.05,0.01,99.0,237.39,2.61,39.4,0.46,0.68
1978,55.56,0.0,100.0,356.87,8.92,20.3,0.6,0.68
1979,66.31,0.02,98.0,352.09,1.9,40.43,0.45,0.68
1980,69.55,0.0,100.0,279.97,3.18,33.35,0.52,0.51
1981,64.13,0.0,100.0,422.08,2.02,38.14,0.5,0.52
1982,69.33,0.01,99.0,276.34,2.61,37.27,0.49,0.65
1983,65.17,0.01,99.0,338.38,2.03,44.72,0.58,0.39
1984,52.1,0.0,100.0,478.02,6.28,37.36,0.52,0.48
1985,58.45,0.01,99.0,478.0,3.11,30.75,0.3,0.67
1986,83.33,0.01,99.0,179.81,1.0,22.35,0.21,0.7
1987,58.41,0.03,97.0,355.04,3.63,39.81,0.61,0.59
1988,57.21,0.01,99.0,462.68,4.49,31.78,0.43,0.49
1989,63.39,0.01,99.0,389.72,2.27,42.27,0.48,0.54
1990,63.05,0.01,99.0,260.14,6.67,29.33,0.57,0.35
1991,67.07,0.01,99.0,414.87,1.63,37.64,0.15,0.65
1992,56.37,0.0,100.0,327.91,8.4,19.41,0.72,0.67
1993,65.73,0.0,100.0,342.55,2.62,35.26,0.54,0.65
1994,70.15,0.0,100.0,337.04,1.88,37.19,0.39,0.48
1995,62.82,0.02,98.0,364.15,3.48,37.59,0.43,0.35
1996,63.21,0.04,96.0,321.89,2.38,40.2,0.36,0.34
1997,71.16,0.02,98.0,199.88,2.72,37.36,0.63,0.36
1998,58.45,0.0,100.0,368.31,4.5,42.42,0.72,0.37
1999,55.6,0.01,99.0,470.7,2.48,43.44,0.65,0.44
2000,74.41,0.0,100.0,231.87,5.2,28.55,0.33,0.62
