1,39.28,0.18,82.0,363.59,4.36,29.2,0.24,0.4
2,23.26,0.23,77.0,342.44,10.01,21.41,0.15,0.34
3,40.14,0.15,85.0,435.49,8.07,25.45,0.08,0.39
4,30.68,0.2,80.0,472.72,7.06,31.32,0.13,0.26
5,24.65,0.18,82.0,482.79,10.83,17.13,0.28,0.26
6,32.15,0.21,79.0,338.68,6.98,24.38,0.25,0.29
7,15.01,0.29,71.0,495.54,6.98,24.79,0.21,0.34
8,40.4,0.21,79.0,293.28,2.8,34.02,0.18,0.27
9,26.92,0.2,80.0,475.15,8.8,27.54,0.19,0.23
10,37.28,0.21,79.0,375.64,4.74,32.59,0.04,0.23
11,38.02,0.15,85.0,400.32,7.4,28.17,0.19,0.2
12,40.17,0.21,79.0,329.51,2.56,33.8,0.13,0.17
13,21.87,0.23,77.0,455.73,8.01,22.3,0.28,0.17
14,46.89,0.16,84.0,206.34,7.51,20.58,0.1,0.19
15,38.59,0.2,80.0,354.07,4.43,29.2,0.18,0.19
16,40.96,0.17,83.0,408.79,4.89,31.17,0.14,0.16
17,41.52,0.17,83.0,358.75,5.63,26.7,0.21,0.18
18,33.57,0.2,80.0,280.6,8.58,21.32,0.21,0.21
19,27.09,0.19,81.0,386.48,10.96,17.47,0.16,0.16
20,41.23,0.18,82.0,262.8,6.9,29.8,0.14,0.19
21,21.98,0.2,80.0,397.14,13.1,12.32,0.17,0.17
22,25.82,0.22,78.0,318.85,10.2,21.65,0.19,0.17
23,12.77,0.24,76.0,388.8,14.34,11.89,0.29,0.17
24,41.79,0.17,83.0,426.44,3.69,35.62,0.14,0.2
25,31.68,0.15,85.0,450.89,9.91,17.34,0.22,0.22
26,34.44,0.19,81.0,166.37,10.96,19.7,0.16,0.19
27,38.38,0.22,78.0,399.61,1.6,39.51,0.18,0.21
28,40.88,0.18,82.0,289.71,6.78,21.95,0.15,0.19
29,31.4,0.18,82.0,455.86,8.64,27.23,0.2,0.18
30,20.59,0.22,78.0,394.84,10.04,17.75,0.36,0.16
31,26.07,0.24,76.0,384.36,8.03,25.97,0.15,0.16
32,34.99,0.13,87.0,346.99,12.53,13.85,0.26,0.17
33,45.81,0.17,83.0,399.72,3.01,34.33,0.1,0.16
34,27.58,0.24,76.0,304.24,6.97,21.82,0.2,0.16
35,22.32,0.24,76.0,400.86,7.54,26.22,0.27,0.17
36,32.25,0.2,80.0,311.44,8.51,22.7,0.22,0.16
37,50.71,0.16,84.0,302.66,2.65,34.26,0.12,0.17
38,30.08,0.21,79.0,185.67,12.1,17.71,0.14,0.17
39,26.48,0.27,73.0,323.77,5.37,29.8,0.1,0.18
40,22.25,0.25,75.0,385.6,8.95,24.51,0.13,0.17
41,32.16,0.17,83.0,329.96,9.84,22.29,0.31,0.2
42,5.68,0.31,69.0,417.3,9.48,20.94,0.41,0.18
43,40.73,0.24,76.0,223.25,1.33,34.78,0.2,0.24
44,39.06,0.18,82.0,480.76,2.98,40.1,0.05,0.16
45,22.5,0.21,79.0,522.46,8.05,24.58,0.29,0.21
46,24.38,0.19,81.0,499.67,9.37,17.65,0.27,0.17
47,49.13,0.15,85.0,266.91,4.83,33.24,0.14,0.19
48,45.46,0.16,84.0,209.66,7.94,23.58,0.15,0.18
49,32.68,0.18,82.0,383.63,8.23,21.5,0.23,0.17
50,39.3,0.14,86.0,251.87,9.56,18.34,0.37,0.19
51,17.6,0.26,74.0,338.92,9.85,17.71,0.34,0.25
52,32.03,0.23,77.0,291.64,7.25,29.53,0.1,0.23
53,23.14,0.23,77.0,303.47,11.06,19.99,0.21,0.26
54,29.06,0.2,80.0,366.82,7.87,24.95,0.27,0.37
55,15.92,0.25,75.0,482.92,9.54,22.68,0.25,0.26
56,27.96,0.22,78.0,202.08,9.99,18.24,0.32,0.32
57,33.95,0.17,83.0,296.31,10.08,21.3,0.25,0.31
58,35.52,0.22,78.0,421.65,3.35,41.6,0.13,0.19
59,39.17,0.18,82.0,461.36,3.03,30.37,0.22,0.28
60,21.62,0.23,77.0,272.28,11.94,17.46,0.28,0.3
61,33.39,0.22,78.0,287.82,6.21,26.62,0.19,0.35
62,31.6,0.24,76.0,296.33,4.65,32.22,0.21,0.38
63,26.65,0.2,80.0,362.51,9.58,16.5,0.23,0.31
64,31.67,0.22,78.0,229.54,5.14,28.32,0.35,0.43
65,30.01,0.18,82.0,550.61,8.01,27.04,0.13,0.21
66,34.94,0.2,80.0,391.86,5.59,32.73,0.21,0.43
67,40.92,0.2,80.0,295.83,1.54,34.34,0.36,0.29
68,40.86,0.15,85.0,477.96,4.29,30.05,0.25,0.35
69,29.95,0.22,78.0,498.09,5.12,29.58,0.09,0.22
70,26.68,0.2,80.0,373.24,9.63,20.49,0.29,0.36
71,37.77,0.14,86.0,301.06,10.32,17.94,0.19,0.33
72,46.93,0.15,85.0,293.2,4.28,31.44,0.18,0.43
73,25.03,0.24,76.0,303.85,6.74,20.62,0.29,0.33
74,46.77,0.16,84.0,322.0,2.42,32.96,0.29,0.41
75,34.29,0.14,86.0,443.94,9.45,20.42,0.3,0.2
76,33.3,0.18,82.0,403.13,7.1,27.73,0.21,0.19
77,19.24,0.29,71.0,379.81,6.1,23.94,0.2,0.17
78,35.86,0.19,81.0,278.84,7.67,22.87,0.18,0.17
79,41.87,0.18,82.0,272.25,4.23,32.51,0.29,0.21
80,35.83,0.18,82.0,466.75,5.53,27.86,0.13,0.28
81,42.67,0.17,83.0,322.68,3.03,33.9,0.33,0.41
82,33.4,0.19,81.0,489.25,4.36,25.45,0.27,0.37
83,26.24,0.22,78.0,299.32,8.66,26.18,0.26,0.23
84,35.0,0.2,80.0,461.06,4.12,30.97,0.2,0.28
85,37.66,0.16,84.0,260.1,8.09,21.14,0.34,0.33
86,30.19,0.17,83.0,487.74,7.42,27.48,0.21,0.37
87,44.78,0.21,79.0,355.81,1.59,37.89,0.16,0.23
88,30.0,0.24,76.0,340.62,4.73,30.3,0.21,0.26
89,46.73,0.12,88.0,430.15,6.23,26.21,0.14,0.31
90,36.44,0.2,80.0,362.49,4.71,26.85,0.2,0.37
91,51.96,0.13,87.0,289.78,4.97,30.68,0.16,0.2
92,20.18,0.21,79.0,413.06,13.34,14.09,0.23,0.21
93,21.4,0.2,80.0,471.68,13.0,16.98,0.1,0.29
94,41.75,0.15,85.0,414.69,5.6,23.69,0.24,0.37
95,28.58,0.23,77.0,392.56,5.9,22.31,0.3,0.33
96,42.16,0.18,82.0,335.24,4.8,28.48,0.18,0.28
97,66.41,0.29,71.0,259.48,1.0,25.48,0.12,0.24
98,59.85,0.08,92.0,319.19,4.29,28.62,0.19,0.38
99,26.72,0.26,74.0,398.82,2.71,41.37,0.28,0.33
100,22.14,0.25,75.0,297.5,10.25,19.4,0.19,0.38
101,34.14,0.25,75.0,196.96,2.98,32.56,0.23,0.44
102,14.66,0.21,79.0,446.27,13.39,13.87,0.39,0.53
103,19.67,0.21,79.0,469.89,11.41,16.7,0.29,0.46
104,34.66,0.19,81.0,379.2,5.43,24.5,0.22,0.41
105,20.84,0.21,79.0,468.92,11.39,15.75,0.18,0.59
106,34.44,0.11,89.0,505.73,10.97,19.54,0.24,0.62
107,44.67,0.12,88.0,254.74,8.74,28.14,0.3,0.35
108,52.31,0.18,82.0,240.31,1.76,33.73,0.22,0.41
109,33.42,0.18,82.0,470.86,5.76,23.48,0.2,0.53
110,37.9,0.17,83.0,426.97,4.84,26.4,0.31,0.37
111,37.21,0.11,89.0,275.8,12.95,14.0,0.32,0.51
112,25.24,0.17,83.0,585.09,10.72,18.92,0.18,0.56
113,39.32,0.15,85.0,355.26,6.4,21.79,0.33,0.45
114,31.99,0.18,82.0,377.99,9.02,22.5,0.19,0.53
115,31.54,0.18,82.0,395.56,8.21,26.26,0.23,0.38
116,33.99,0.17,83.0,393.99,7.81,27.43,0.28,0.38
117,38.33,0.18,82.0,430.16,5.54,26.31,0.13,0.29
118,27.34,0.2,80.0,444.02,8.91,23.25,0.24,0.3
119,29.06,0.18,82.0,484.62,8.03,26.47,0.19,0.28
120,41.29,0.16,84.0,427.2,3.52,39.02,0.21,0.29
121,33.95,0.18,82.0,511.85,5.72,23.1,0.16,0.3
122,37.02,0.23,77.0,415.43,1.44,29.5,0.27,0.48
123,21.56,0.24,76.0,437.38,9.02,23.82,0.18,0.52
124,31.2,0.19,81.0,271.5,10.51,19.31,0.18,0.52
125,25.71,0.21,79.0,498.75,7.52,26.57,0.17,0.43
126,21.29,0.24,76.0,198.6,12.86,15.53,0.27,0.51
127,29.92,0.2,80.0,366.68,8.8,22.18,0.27,0.33
128,34.4,0.22,78.0,255.54,4.4,28.92,0.2,0.3
129,24.67,0.22,78.0,481.31,6.03,24.0,0.28,0.34
130,29.65,0.2,80.0,453.78,6.38,25.92,0.25,0.37
131,42.35,0.2,80.0,247.25,3.69,29.12,0.19,0.34
132,25.1,0.26,74.0,400.09,6.29,25.92,0.09,0.31
133,18.44,0.28,72.0,320.99,8.56,20.16,0.24,0.32
134,39.92,0.2,80.0,364.86,1.78,30.55,0.2,0.32
135,25.51,0.2,80.0,436.24,9.23,20.01,0.27,0.3
136,46.51,0.16,84.0,264.29,4.63,28.75,0.28,0.3
137,39.24,0.19,81.0,408.82,3.63,34.97,0.15,0.32
138,32.59,0.15,85.0,366.05,11.84,20.16,0.23,0.3
139,52.74,0.16,84.0,247.83,2.77,41.3,0.08,0.3
140,22.96,0.16,84.0,490.94,13.33,14.2,0.18,0.32
141,31.03,0.16,84.0,468.5,8.11,23.7,0.24,0.3
142,41.5,0.17,83.0,234.48,7.91,27.85,0.17,0.3
143,32.44,0.16,84.0,407.43,9.28,24.06,0.2,0.33
144,27.72,0.2,80.0,360.43,8.55,23.94,0.27,0.37
145,46.32,0.15,85.0,468.1,2.0,37.79,0.16,0.31
146,42.56,0.15,85.0,355.81,8.01,23.46,0.08,0.31
147,27.15,0.18,82.0,392.7,11.37,19.6,0.2,0.32
148,20.5,0.22,78.0,398.36,9.06,19.05,0.37,0.3
149,32.57,0.18,82.0,388.53,8.16,27.54,0.27,0.3
150,39.33,0.14,86.0,362.86,7.91,26.32,0.27,0.38
151,28.7,0.18,82.0,324.41,10.41,19.76,0.3,0.3
152,40.08,0.21,79.0,283.59,2.87,40.07,0.17,0.31
153,38.15,0.12,88.0,370.55,11.64,21.95,0.14,0.3
154,51.15,0.13,87.0,191.82,5.56,26.82,0.25,0.36
155,42.65,0.12,88.0,224.99,11.4,16.12,0.28,0.4
156,40.25,0.19,81.0,307.55,4.6,30.02,0.19,0.39
157,40.07,0.14,86.0,495.34,5.92,23.46,0.27,0.32
158,29.0,0.22,78.0,382.61,5.31,26.27,0.24,0.31
159,29.9,0.17,83.0,438.74,10.01,16.98,0.24,0.31
160,34.76,0.15,85.0,520.49,7.63,28.46,0.2,0.31
161,37.71,0.11,89.0,330.57,12.49,13.75,0.38,0.32
162,46.27,0.12,88.0,355.49,6.59,25.87,0.27,0.31
163,28.08,0.22,78.0,380.84,7.6,17.87,0.32,0.3
164,25.22,0.21,79.0,417.22,10.33,18.26,0.17,0.32
165,24.3,0.18,82.0,330.31,14.34,11.27,0.2,0.33
166,42.17,0.17,83.0,278.95,7.64,30.41,0.06,0.3
167,48.01,0.09,91.0,539.51,5.51,26.05,0.19,0.32
168,35.81,0.2,80.0,338.85,4.91,31.3,0.31,0.31
169,44.09,0.18,82.0,267.06,4.58,32.39,0.17,0.34
170,55.07,0.08,92.0,339.94,5.46,24.53,0.32,0.34
171,28.69,0.18,82.0,406.27,11.27,15.46,0.23,0.34
172,56.87,0.14,86.0,332.83,1.67,36.97,0.24,0.32
173,31.73,0.17,83.0,429.74,9.15,27.66,0.2,0.31
174,36.99,0.16,84.0,384.62,7.33,21.08,0.28,0.31
175,51.01,0.13,87.0,264.98,4.26,34.55,0.22,0.32
176,27.26,0.19,81.0,310.19,11.9,15.43,0.31,0.36
177,30.85,0.17,83.0,497.26,8.92,18.71,0.2,0.34
178,36.7,0.2,80.0,416.63,3.17,37.31,0.23,0.41
179,34.46,0.15,85.0,578.15,6.21,30.07,0.16,0.31
180,36.32,0.13,87.0,292.13,11.32,17.51,0.27,0.31
181,47.28,0.14,86.0,211.33,8.12,23.54,0.16,0.34
182,27.39,0.16,84.0,438.01,12.48,17.59,0.19,0.3
183,30.64,0.19,81.0,473.45,8.72,25.46,0.07,0.31
184,30.25,0.18,82.0,349.77,9.74,23.03,0.27,0.31
185,29.09,0.19,81.0,512.23,7.49,25.44,0.19,0.3
186,31.91,0.18,82.0,487.29,7.47,29.44,0.16,0.3
187,61.8,0.11,89.0,192.99,2.27,33.68,0.16,0.37
188,46.34,0.14,86.0,256.61,5.99,22.44,0.28,0.32
189,30.79,0.16,84.0,566.94,7.43,20.37,0.2,0.3
190,39.59,0.13,87.0,400.11,7.37,27.52,0.25,0.45
191,36.96,0.12,88.0,346.68,11.03,16.07,0.27,0.72
192,32.81,0.18,82.0,501.07,4.69,30.42,0.25,0.44
193,38.28,0.19,81.0,352.1,5.63,27.26,0.14,0.36
194,28.81,0.18,82.0,379.25,8.63,24.44,0.38,0.59
195,51.03,0.13,87.0,417.79,3.0,30.67,0.23,0.55
196,30.43,0.19,81.0,428.08,8.24,24.15,0.2,0.69
197,30.22,0.17,83.0,383.9,11.26,12.99,0.22,0.62
198,29.74,0.22,78.0,464.1,3.22,34.03,0.36,0.41
199,31.26,0.23,77.0,396.81,4.35,30.27,0.28,0.61
200,36.79,0.17,83.0,443.42,5.76,28.68,0.16,0.69
201,27.44,0.18,82.0,560.4,7.66,20.33,0.24,0.64
202,45.86,0.16,84.0,192.36,4.32,24.76,0.38,0.57
203,38.72,0.14,86.0,319.83,9.71,20.33,0.27,0.47
204,50.09,0.12,88.0,301.62,6.66,29.14,0.22,0.74
205,28.38,0.17,83.0,535.34,9.77,20.58,0.16,0.51
206,41.2,0.11,89.0,357.57,11.21,18.14,0.04,0.39
207,39.23,0.13,87.0,434.4,6.56,24.24,0.33,0.55
208,34.24,0.2,80.0,471.33,3.78,29.93,0.18,0.39
209,32.8,0.13,87.0,281.41,13.01,15.71,0.34,0.36
210,54.77,0.12,88.0,302.54,1.83,37.23,0.22,0.53
211,34.69,0.19,81.0,390.7,5.58,19.99,0.28,0.37
212,40.53,0.12,88.0,317.32,9.73,21.14,0.32,0.38
213,53.38,0.06,94.0,300.31,10.44,16.52,0.21,0.56
214,31.17,0.25,75.0,361.85,3.37,30.23,0.2,0.36
215,29.11,0.2,80.0,442.54,7.42,26.59,0.19,0.4
216,36.89,0.14,86.0,358.03,8.55,25.48,0.31,0.56
217,28.08,0.17,83.0,599.25,7.56,27.74,0.17,0.33
218,36.56,0.16,84.0,296.52,10.02,19.41,0.33,0.29
219,38.38,0.15,85.0,388.19,7.73,20.34,0.22,0.33
220,46.78,0.15,85.0,474.44,2.44,40.12,0.15,0.59
221,27.6,0.21,79.0,583.16,5.77,26.23,0.16,0.54
222,44.08,0.15,85.0,513.42,2.76,44.89,0.22,0.61
223,37.06,0.14,86.0,446.56,8.87,24.73,0.19,0.36
224,27.33,0.18,82.0,374.29,10.37,16.61,0.36,0.57
225,31.98,0.22,78.0,417.13,3.05,31.44,0.34,0.71
226,37.42,0.15,85.0,252.09,9.69,18.71,0.39,0.42
227,45.64,0.1,90.0,252.51,10.0,21.73,0.27,0.52
228,40.92,0.2,80.0,334.16,2.15,40.52,0.22,0.55
229,35.13,0.14,86.0,409.22,9.03,23.64,0.29,0.31
230,39.23,0.13,87.0,268.95,11.65,15.42,0.34,0.34
231,39.8,0.15,85.0,235.74,9.81,18.91,0.26,0.31
232,43.1,0.14,86.0,431.04,6.39,32.37,0.1,0.46
233,51.32,0.14,86.0,140.66,7.41,23.0,0.17,0.62
234,35.87,0.16,84.0,554.58,4.42,29.96,0.24,0.39
235,27.1,0.17,83.0,336.97,12.67,13.15,0.32,0.48
236,29.5,0.24,76.0,263.47,5.79,26.43,0.3,0.62
237,31.87,0.15,85.0,243.99,11.83,19.81,0.47,0.68
238,45.47,0.14,86.0,478.26,2.48,42.66,0.18,0.45
239,36.09,0.16,84.0,398.45,8.56,23.82,0.14,0.43
240,29.85,0.15,85.0,281.01,13.46,10.64,0.31,0.54
241,31.14,0.14,86.0,306.26,11.08,17.58,0.42,0.63
242,30.51,0.2,80.0,361.29,9.28,24.2,0.24,0.51
243,40.94,0.18,82.0,330.9,5.94,26.56,0.04,0.42
244,36.44,0.18,82.0,251.51,9.14,24.98,0.28,0.43
245,39.26,0.12,88.0,416.47,9.53,18.72,0.22,0.44
246,51.31,0.14,86.0,218.96,5.93,27.8,0.12,0.54
247,39.32,0.12,88.0,607.77,4.24,36.4,0.21,0.63
248,52.71,0.11,89.0,209.63,6.49,30.92,0.24,0.56
249,33.7,0.16,84.0,415.68,8.33,30.47,0.23,0.54
250,37.11,0.18,82.0,454.76,5.32,28.88,0.21,0.62
251,34.25,0.17,83.0,286.09,9.16,22.63,0.26,0.49
252,27.31,0.2,80.0,392.67,9.75,21.56,0.24,0.77
253,56.64,0.12,88.0,275.89,4.44,34.04,0.1,0.68
254,32.46,0.22,78.0,265.44,7.22,25.61,0.25,0.47
255,36.68,0.23,77.0,324.08,1.7,36.58,0.33,0.6
256,41.9,0.12,88.0,275.88,11.19,19.16,0.22,0.59
257,52.3,0.12,88.0,304.21,6.05,32.85,0.09,0.67
258,29.64,0.22,78.0,455.93,6.18,28.41,0.17,0.59
259,44.2,0.08,92.0,424.61,8.93,28.16,0.28,0.46
260,50.86,0.13,87.0,194.46,5.95,28.51,0.29,0.75
261,50.88,0.1,90.0,357.61,6.08,26.14,0.21,0.61
262,39.8,0.15,85.0,311.69,8.36,18.96,0.3,0.65
263,45.69,0.12,88.0,414.61,4.68,35.5,0.28,0.36
264,36.5,0.12,88.0,391.83,13.14,14.48,0.13,0.3
265,39.23,0.2,80.0,340.68,4.2,29.59,0.16,0.34
266,36.43,0.16,84.0,432.29,6.63,24.26,0.25,0.32
267,43.32,0.15,85.0,379.58,4.7,34.24,0.12,0.3
268,42.95,0.13,87.0,426.94,7.43,25.1,0.15,0.32
269,53.34,0.11,89.0,301.33,5.74,27.63,0.17,0.32
270,50.45,0.14,86.0,344.42,4.53,30.18,0.1,0.32
271,18.84,0.21,79.0,399.59,12.46,15.95,0.26,0.5
272,43.27,0.13,87.0,341.37,6.68,25.94,0.35,0.46
273,54.44,0.11,89.0,414.04,3.53,27.5,0.16,0.44
274,29.13,0.17,83.0,266.98,14.37,11.13,0.24,0.6
275,37.92,0.15,85.0,293.36,8.94,27.6,0.27,0.46
276,35.19,0.16,84.0,550.45,5.26,29.86,0.32,0.32
277,35.59,0.11,89.0,351.83,12.76,13.44,0.2,0.32
278,31.04,0.19,81.0,404.32,4.75,34.28,0.39,0.55
279,36.89,0.22,78.0,344.25,1.35,31.44,0.25,0.81
280,43.18,0.17,83.0,272.18,4.48,28.32,0.29,0.53
281,36.64,0.15,85.0,436.67,7.39,23.22,0.27,0.37
282,41.58,0.18,82.0,263.8,4.51,30.46,0.23,0.51
283,48.07,0.18,82.0,315.61,1.84,38.43,0.16,0.49
284,37.46,0.16,84.0,297.99,10.0,23.2,0.2,0.79
285,52.93,0.11,89.0,204.63,5.9,32.44,0.3,0.77
286,37.42,0.16,84.0,436.12,7.16,24.36,0.25,0.65
287,31.76,0.17,83.0,359.82,10.94,19.32,0.26,0.56
288,38.53,0.12,88.0,328.45,12.27,14.6,0.18,0.46
289,53.87,0.12,88.0,360.48,2.46,39.13,0.25,0.74
290,34.01,0.18,82.0,336.89,8.5,21.1,0.34,0.6
291,50.17,0.15,85.0,279.33,1.85,34.35,0.32,0.92
292,42.53,0.15,85.0,525.51,3.16,27.48,0.13,0.71
293,32.87,0.17,83.0,384.7,10.51,24.51,0.17,0.6
294,27.02,0.19,81.0,406.88,10.6,17.76,0.2,0.31
295,32.97,0.17,83.0,491.97,6.22,21.41,0.2,0.32
296,47.93,0.1,90.0,401.14,8.41,19.41,0.11,0.37
297,33.3,0.2,80.0,287.08,7.0,26.67,0.26,0.35
298,51.49,0.15,85.0,296.1,2.35,34.59,0.2,0.55
299,43.69,0.21,79.0,319.72,1.91,36.55,0.07,0.58
300,48.76,0.15,85.0,402.84,2.19,37.12,0.2,0.7
301,52.26,0.08,92.0,444.46,5.54,33.04,0.18,0.85
302,64.99,0.08,92.0,258.4,2.35,33.77,0.24,0.63
303,61.35,0.11,89.0,264.9,3.33,28.21,0.08,0.48
304,49.46,0.14,86.0,335.45,4.34,37.51,0.15,0.48
305,41.45,0.15,85.0,333.93,6.9,31.41,0.15,0.48
306,48.02,0.12,88.0,222.82,8.86,24.1,0.25,0.54
307,47.4,0.08,92.0,399.68,9.02,23.33,0.28,1.0
308,35.92,0.17,83.0,354.39,6.73,24.58,0.26,0.76
309,39.99,0.17,83.0,337.97,7.61,28.29,0.05,0.75
310,44.22,0.11,89.0,319.43,8.16,27.62,0.26,0.49
311,49.82,0.14,86.0,327.39,5.17,33.03,0.04,0.44
312,47.16,0.12,88.0,356.93,6.5,25.01,0.25,0.33
313,48.08,0.15,85.0,337.84,4.27,36.25,0.17,0.45
314,41.91,0.13,87.0,392.02,8.66,20.38,0.18,0.59
315,43.11,0.07,93.0,553.16,9.23,23.37,0.22,0.46
316,41.44,0.15,85.0,414.43,5.84,34.73,0.22,0.61
317,48.52,0.16,84.0,236.49,5.07,36.49,0.17,0.51
318,44.23,0.11,89.0,363.8,8.05,27.16,0.26,0.42
319,46.52,0.13,87.0,493.82,3.78,34.38,0.12,0.72
320,40.05,0.15,85.0,375.54,7.6,26.92,0.2,0.5
321,22.1,0.21,79.0,597.62,8.82,23.92,0.1,0.4
322,47.82,0.13,87.0,275.41,6.3,32.07,0.17,0.36
323,25.39,0.21,79.0,413.33,8.99,20.58,0.16,0.74
324,32.27,0.17,83.0,423.21,8.77,29.71,0.27,0.61
325,61.88,0.09,91.0,377.43,1.55,36.4,0.21,0.49
326,39.45,0.14,86.0,424.63,8.67,20.55,0.18,0.46
327,44.4,0.14,86.0,402.9,4.98,33.9,0.25,0.43
328,33.53,0.19,81.0,314.46,9.26,22.83,0.07,0.38
329,38.46,0.14,86.0,509.16,6.02,26.41,0.26,0.39
330,35.91,0.18,82.0,388.89,7.2,29.19,0.17,0.55
331,41.42,0.17,83.0,348.45,5.36,28.5,0.13,0.69
332,58.61,0.1,90.0,317.37,2.06,34.33,0.26,0.79
333,62.31,0.09,91.0,280.59,2.66,31.88,0.11,0.47
334,47.93,0.12,88.0,291.75,6.85,28.1,0.23,0.61
335,40.95,0.14,86.0,481.7,3.26,32.18,0.38,0.68
336,46.44,0.15,85.0,389.39,4.75,31.34,0.07,0.71
337,40.31,0.18,82.0,404.98,3.07,35.45,0.23,0.51
338,42.24,0.1,90.0,452.04,6.64,31.57,0.43,0.38
339,38.17,0.19,81.0,316.72,4.96,28.53,0.25,0.46
340,59.34,0.08,92.0,416.82,2.07,35.99,0.18,0.68
341,42.63,0.15,85.0,307.02,7.94,26.2,0.13,0.54
342,42.92,0.17,83.0,257.88,4.08,27.18,0.33,0.52
343,42.38,0.13,87.0,538.52,4.55,33.38,0.23,0.4
344,43.27,0.12,88.0,437.2,5.91,32.42,0.2,0.48
345,46.6,0.1,90.0,430.88,8.45,28.73,0.12,0.36
346,58.34,0.13,87.0,198.63,3.32,31.25,0.23,0.43
347,45.68,0.16,84.0,351.4,4.45,33.12,0.14,0.38
348,21.24,0.2,80.0,410.47,12.8,13.51,0.2,0.35
349,49.44,0.1,90.0,329.46,7.1,22.43,0.25,0.38
350,49.41,0.11,89.0,314.47,6.92,28.88,0.19,0.55
351,37.65,0.17,83.0,447.06,4.91,25.55,0.23,0.37
352,38.12,0.2,80.0,334.32,5.44,35.27,0.21,0.42
353,42.48,0.14,86.0,479.84,3.15,37.2,0.31,0.62
354,32.34,0.17,83.0,412.37,7.88,21.99,0.33,0.74
355,53.13,0.11,89.0,306.57,6.42,26.62,0.12,0.52
356,46.08,0.12,88.0,359.24,8.09,20.21,0.12,0.36
357,30.59,0.21,79.0,329.64,6.74,32.87,0.22,0.39
358,52.82,0.13,87.0,400.17,2.66,39.65,0.17,0.55
359,36.02,0.14,86.0,567.29,6.97,28.19,0.25,0.76
360,19.2,0.18,82.0,494.49,12.88,13.25,0.31,0.56
361,53.72,0.1,90.0,291.29,5.88,32.14,0.24,0.41
362,42.92,0.15,85.0,511.44,3.07,38.74,0.21,0.4
363,37.77,0.13,87.0,395.42,10.11,18.73,0.2,0.38
364,52.99,0.09,91.0,378.25,5.09,31.46,0.23,0.42
365,41.92,0.12,88.0,402.37,7.21,31.0,0.35,0.39
366,39.12,0.16,84.0,459.55,6.32,30.27,0.14,0.38
367,37.41,0.18,82.0,269.8,6.61,23.91,0.33,0.37
368,48.68,0.11,89.0,500.64,3.78,36.68,0.25,0.41
369,51.08,0.11,89.0,358.87,5.25,30.48,0.17,0.4
370,31.49,0.2,80.0,346.93,7.35,23.26,0.18,0.46
371,44.41,0.1,90.0,446.54,8.0,28.6,0.17,0.4
372,37.76,0.14,86.0,373.91,7.11,33.7,0.35,0.33
373,50.55,0.09,91.0,547.68,4.78,32.76,0.13,0.44
374,48.35,0.1,90.0,359.57,7.64,29.24,0.15,0.43
375,37.51,0.17,83.0,383.53,5.91,29.42,0.27,0.31
376,44.22,0.16,84.0,328.53,3.75,28.37,0.27,0.55
377,32.04,0.17,83.0,484.49,9.32,23.27,0.12,0.61
378,59.64,0.07,93.0,363.36,3.54,27.86,0.18,0.45
379,56.39,0.07,93.0,373.29,6.6,25.61,0.21,0.33
380,40.48,0.15,85.0,418.07,4.56,34.55,0.31,0.37
381,49.53,0.11,89.0,488.25,2.52,36.52,0.21,0.45
382,46.6,0.14,86.0,379.37,4.03,36.25,0.19,0.35
383,19.57,0.17,83.0,520.74,16.0,10.48,0.09,0.47
384,36.83,0.16,84.0,426.44,7.58,24.79,0.18,0.33
385,46.81,0.19,81.0,224.43,3.44,34.04,0.07,0.36
386,46.83,0.07,93.0,501.58,7.9,31.98,0.23,0.37
387,42.38,0.13,87.0,401.43,7.28,17.98,0.21,0.45
388,37.91,0.18,82.0,482.15,2.38,37.61,0.3,0.37
389,41.09,0.13,87.0,381.02,7.66,25.07,0.35,0.41
390,35.42,0.16,84.0,346.56,8.67,21.16,0.23,0.36
391,42.7,0.12,88.0,455.12,5.44,32.08,0.29,0.47
392,45.11,0.11,89.0,364.97,7.57,24.49,0.21,0.38
393,51.76,0.07,93.0,323.72,10.02,20.19,0.12,0.35
394,66.82,0.05,95.0,350.01,2.27,36.1,0.24,0.35
395,50.14,0.14,86.0,355.44,3.19,26.79,0.17,0.31
396,45.69,0.15,85.0,480.2,4.04,33.38,0.09,0.35
397,32.16,0.18,82.0,385.71,7.56,17.47,0.21,0.32
398,48.29,0.1,90.0,448.94,4.98,33.7,0.24,0.71
399,50.17,0.06,94.0,339.3,7.96,28.35,0.3,0.43
400,41.27,0.11,89.0,405.01,9.78,17.67,0.26,0.34
401,48.93,0.09,91.0,425.49,8.57,21.54,0.15,0.37
402,55.97,0.16,84.0,256.39,1.3,32.04,0.18,0.62
403,43.25,0.08,92.0,488.58,7.43,28.21,0.3,0.71
404,54.38,0.1,90.0,365.8,4.88,29.61,0.1,0.45
405,52.56,0.1,90.0,472.96,3.33,32.58,0.19,0.43
406,28.98,0.17,83.0,548.44,7.95,28.09,0.18,0.47
407,50.28,0.1,90.0,407.56,4.67,32.56,0.24,0.67
408,46.26,0.15,85.0,392.16,3.18,28.74,0.21,0.49
409,43.24,0.19,81.0,357.64,2.82,37.95,0.17,0.49
410,40.48,0.12,88.0,443.39,8.8,20.08,0.13,0.41
411,48.45,0.15,85.0,354.91,3.16,36.2,0.07,0.49
412,33.89,0.15,85.0,558.37,9.24,22.84,0.07,0.64
413,31.26,0.16,84.0,493.72,9.59,22.12,0.2,0.52
414,49.67,0.1,90.0,390.73,7.09,27.35,0.14,0.63
415,29.53,0.21,79.0,308.93,8.61,20.02,0.2,0.51
416,61.53,0.08,92.0,403.67,3.24,25.26,0.08,0.45
417,52.35,0.05,95.0,338.43,10.63,21.25,0.12,0.43
418,48.83,0.06,94.0,473.72,8.77,20.91,0.2,0.35
419,36.57,0.14,86.0,428.46,9.85,15.26,0.23,0.31
420,45.89,0.06,94.0,398.34,11.32,14.35,0.23,0.33
421,39.39,0.15,85.0,355.85,8.7,25.37,0.12,0.33
422,52.49,0.1,90.0,456.68,3.42,34.27,0.11,0.32
423,55.91,0.11,89.0,325.94,5.08,29.11,0.17,0.36
424,63.02,0.21,79.0,178.56,1.0,25.98,0.14,0.38
425,57.68,0.09,91.0,383.7,4.4,31.59,0.12,0.32
426,52.16,0.1,90.0,326.39,7.86,22.32,0.05,0.33
427,40.78,0.15,85.0,525.32,3.29,34.51,0.27,0.37
428,26.93,0.2,80.0,410.09,7.08,28.33,0.19,0.39
429,36.72,0.18,82.0,315.94,5.18,28.69,0.34,0.37
430,46.5,0.1,90.0,466.97,7.49,21.35,0.12,0.5
431,47.07,0.11,89.0,384.57,7.06,21.35,0.23,0.44
432,35.4,0.17,83.0,467.65,6.39,31.82,0.25,0.33
433,69.28,0.06,94.0,231.29,3.51,39.87,0.1,0.31
434,45.09,0.13,87.0,491.04,5.37,29.58,0.11,0.46
435,51.61,0.11,89.0,261.77,5.92,30.48,0.2,0.32
436,52.71,0.1,90.0,279.52,5.8,27.44,0.29,0.44
437,44.84,0.17,83.0,331.01,2.87,31.67,0.19,0.5
438,62.5,0.08,92.0,325.1,2.22,35.61,0.17,0.6
439,63.38,0.09,91.0,254.36,3.24,36.74,0.12,0.52
440,52.26,0.12,88.0,348.8,4.23,24.56,0.16,0.36
441,45.96,0.15,85.0,449.17,2.3,40.13,0.21,0.38
442,55.74,0.12,88.0,286.14,4.57,29.69,0.09,0.35
443,42.48,0.16,84.0,433.58,4.82,34.29,0.09,0.37
444,48.72,0.12,88.0,382.67,6.13,33.77,0.11,0.39
445,48.85,0.1,90.0,422.9,6.05,29.31,0.1,0.34
446,52.4,0.1,90.0,356.0,6.27,28.88,0.06,0.31
447,52.61,0.08,92.0,372.97,6.64,32.2,0.21,0.33
448,48.7,0.11,89.0,334.02,6.05,25.79,0.2,0.33
449,49.93,0.07,93.0,293.79,9.74,17.87,0.14,0.48
450,47.6,0.14,86.0,311.34,5.7,24.73,0.14,0.77
451,51.17,0.1,90.0,264.4,7.31,28.82,0.17,0.82
452,45.82,0.14,86.0,365.12,5.23,33.81,0.24,0.69
453,47.62,0.12,88.0,332.87,5.64,31.05,0.16,0.62
454,60.63,0.07,93.0,313.15,2.84,39.2,0.4,0.8
455,52.83,0.1,90.0,387.18,4.47,32.67,0.17,0.56
456,43.02,0.14,86.0,474.56,2.15,35.57,0.35,0.48
457,50.9,0.1,90.0,350.08,4.33,30.1,0.4,0.32
458,52.17,0.11,89.0,331.34,3.78,30.73,0.27,0.33
459,52.43,0.14,86.0,319.79,3.51,34.11,0.08,0.36
460,45.38,0.07,93.0,421.82,10.19,20.67,0.16,0.5
461,60.18,0.07,93.0,340.41,4.4,32.98,0.18,0.39
462,52.24,0.1,90.0,361.07,5.45,34.4,0.17,0.36
463,51.31,0.11,89.0,318.59,6.63,30.82,0.06,0.35
464,48.56,0.14,86.0,335.51,2.36,39.94,0.34,0.34
465,35.97,0.17,83.0,471.3,5.77,24.7,0.29,0.39
466,38.9,0.15,85.0,372.36,7.06,23.39,0.2,0.33
467,54.03,0.08,92.0,357.66,6.7,33.05,0.27,0.4
468,39.18,0.14,86.0,429.37,8.0,18.0,0.2,0.35
469,47.86,0.11,89.0,364.87,7.61,24.96,0.17,0.32
470,44.51,0.07,93.0,412.13,7.83,23.53,0.38,0.31
471,64.05,0.07,93.0,293.69,4.91,32.17,0.12,0.36
472,39.53,0.15,85.0,440.11,5.65,33.65,0.27,0.35
473,41.5,0.14,86.0,378.61,6.16,20.73,0.3,0.33
474,45.6,0.12,88.0,373.16,6.75,19.59,0.14,0.34
475,37.24,0.14,86.0,506.79,5.09,37.65,0.37,0.34
476,57.65,0.09,91.0,279.11,4.04,36.84,0.28,0.34
477,54.27,0.1,90.0,396.8,3.99,35.78,0.16,0.41
478,47.58,0.12,88.0,470.09,4.72,31.38,0.16,0.33
479,51.53,0.07,93.0,378.44,5.8,32.5,0.26,0.34
480,60.63,0.06,94.0,385.44,3.64,34.67,0.26,0.34
481,57.52,0.11,89.0,323.06,3.02,33.37,0.21,0.33
482,61.76,0.06,94.0,302.17,6.31,34.58,0.21,0.31
483,55.7,0.1,90.0,330.98,5.37,26.33,0.1,0.35
484,43.39,0.06,94.0,526.39,9.62,18.66,0.3,0.38
485,41.88,0.08,92.0,568.69,9.29,21.01,0.2,0.43
486,50.57,0.13,87.0,323.47,4.4,33.49,0.07,0.38
487,51.14,0.06,94.0,532.61,5.5,33.17,0.35,0.35
488,33.24,0.15,85.0,503.1,8.38,26.68,0.16,0.36
489,43.27,0.14,86.0,464.26,5.23,30.41,0.08,0.31
490,33.96,0.12,88.0,447.64,10.64,16.3,0.3,0.35
491,27.44,0.14,86.0,549.49,14.14,11.63,0.02,0.39
492,38.14,0.14,86.0,433.6,7.03,27.36,0.27,0.32
493,37.87,0.11,89.0,537.23,6.79,34.84,0.35,0.4
494,40.96,0.11,89.0,367.8,9.38,18.98,0.24,0.35
495,57.38,0.07,93.0,538.68,3.38,37.14,0.07,0.37
496,41.9,0.12,88.0,416.92,6.29,40.64,0.37,0.31
497,43.64,0.15,85.0,342.4,4.94,32.84,0.2,0.31
498,47.36,0.13,87.0,280.16,7.95,21.02,0.15,0.31
499,32.23,0.18,82.0,341.08,9.23,18.79,0.26,0.33
500,45.34,0.12,88.0,613.9,3.6,33.08,0.07,0.31
501,52.02,0.1,90.0,358.19,4.46,32.82,0.24,0.4
502,58.9,0.06,94.0,333.34,6.93,22.24,0.15,0.34
503,48.79,0.07,93.0,486.43,7.19,22.68,0.2,0.34
504,38.09,0.11,89.0,576.8,5.59,32.55,0.35,0.31
505,37.96,0.16,84.0,402.53,5.93,25.75,0.29,0.3
506,64.78,0.06,94.0,279.86,2.91,31.47,0.29,0.36
507,48.82,0.06,94.0,358.29,9.79,17.59,0.33,0.37
508,45.93,0.11,89.0,503.78,5.0,37.13,0.14,0.36
509,51.01,0.07,93.0,509.83,6.61,32.83,0.17,0.34
510,54.1,0.07,93.0,472.77,4.62,35.3,0.16,0.34
511,39.21,0.12,88.0,451.41,5.45,36.26,0.45,0.32
512,46.1,0.12,88.0,355.15,4.45,33.02,0.41,0.32
513,52.56,0.1,90.0,301.5,5.26,32.88,0.24,0.44
514,49.35,0.1,90.0,364.44,5.04,31.72,0.3,0.34
515,48.24,0.11,89.0,373.78,8.07,21.34,0.14,0.41
516,54.59,0.08,92.0,390.11,4.78,35.35,0.23,0.45
517,40.26,0.15,85.0,419.2,5.78,27.05,0.24,0.39
518,42.88,0.11,89.0,561.71,3.47,35.57,0.37,0.4
519,60.54,0.07,93.0,345.92,4.66,36.03,0.09,0.35
520,51.49,0.12,88.0,353.52,4.34,32.36,0.18,0.35
521,43.03,0.14,86.0,505.64,5.38,32.13,0.11,0.35
522,42.91,0.08,92.0,553.68,8.01,23.83,0.23,0.31
523,59.37,0.11,89.0,246.95,3.61,32.96,0.13,0.32
524,62.49,0.05,95.0,354.44,3.86,36.53,0.22,0.31
525,46.73,0.16,84.0,202.63,4.33,27.31,0.31,0.35
526,45.14,0.14,86.0,256.54,8.5,21.66,0.19,0.31
527,67.92,0.04,96.0,267.73,3.97,38.88,0.19,0.39
528,35.41,0.14,86.0,429.04,5.88,29.27,0.5,0.36
529,47.39,0.16,84.0,329.12,3.63,33.06,0.14,0.31
530,36.2,0.16,84.0,305.15,5.6,32.59,0.47,0.32
531,58.68,0.07,93.0,213.64,6.67,23.62,0.33,0.37
532,51.42,0.09,91.0,354.8,4.58,30.58,0.4,0.33
533,51.26,0.11,89.0,439.8,4.52,28.78,0.18,0.32
534,55.93,0.11,89.0,265.32,3.93,24.79,0.2,0.32
535,61.61,0.05,95.0,404.43,4.82,30.26,0.13,0.4
536,38.48,0.14,86.0,528.73,5.95,32.57,0.06,0.36
537,57.7,0.07,93.0,429.35,3.59,36.09,0.25,0.31
538,51.08,0.08,92.0,498.82,3.54,31.07,0.33,0.33
539,53.3,0.08,92.0,472.2,4.8,25.45,0.13,0.32
540,45.02,0.08,92.0,448.16,5.24,34.33,0.47,0.39
541,52.74,0.09,91.0,457.05,4.62,23.17,0.13,0.36
542,50.04,0.08,92.0,501.93,5.76,30.81,0.26,0.41
543,68.16,0.09,91.0,232.19,1.86,32.49,0.15,0.36
544,52.29,0.05,95.0,348.43,5.39,35.69,0.44,0.33
545,52.51,0.09,91.0,344.93,5.24,28.29,0.31,0.36
546,51.48,0.09,91.0,502.99,2.93,34.16,0.27,0.64
547,64.56,0.1,90.0,340.84,1.7,38.66,0.19,0.84
548,38.83,0.16,84.0,507.33,3.79,36.15,0.19,0.61
549,46.9,0.08,92.0,388.07,6.0,28.46,0.32,0.33
550,45.27,0.11,89.0,305.74,7.42,31.75,0.36,0.38
551,66.25,0.09,91.0,280.62,1.61,37.06,0.32,0.61
552,40.51,0.12,88.0,483.04,4.64,30.92,0.36,0.67
553,50.9,0.08,92.0,401.51,7.09,22.02,0.16,0.57
554,53.57,0.12,88.0,300.63,3.1,31.73,0.24,0.59
555,43.15,0.15,85.0,369.54,4.41,31.63,0.3,0.91
556,54.54,0.1,90.0,251.42,5.56,30.39,0.14,0.77
557,63.51,0.08,92.0,224.29,2.74,35.5,0.26,0.76
558,53.63,0.06,94.0,411.35,6.0,27.91,0.14,0.75
559,46.59,0.09,91.0,342.43,6.51,37.19,0.45,0.93
560,49.74,0.09,91.0,294.34,9.23,21.22,0.1,0.84
561,49.74,0.09,91.0,357.76,4.78,32.56,0.37,0.68
562,54.42,0.11,89.0,249.45,3.95,35.29,0.25,0.55
563,54.58,0.06,94.0,362.13,6.17,30.78,0.4,0.62
564,47.29,0.11,89.0,475.25,5.78,29.97,0.16,0.71
565,56.8,0.12,88.0,360.16,1.69,40.13,0.22,0.68
566,58.42,0.06,94.0,403.21,4.44,31.54,0.13,0.52
567,35.55,0.11,89.0,514.09,6.7,38.25,0.49,0.38
568,45.45,0.12,88.0,332.73,7.88,20.37,0.17,0.4
569,48.57,0.04,96.0,382.66,10.42,16.65,0.23,0.72
570,55.34,0.13,87.0,217.4,3.08,36.11,0.28,0.53
571,55.38,0.08,92.0,409.84,2.77,33.67,0.4,0.56
572,50.66,0.1,90.0,270.4,4.97,32.23,0.43,0.56
573,54.41,0.06,94.0,429.51,5.17,23.87,0.23,0.37
574,66.98,0.07,93.0,219.59,2.28,39.86,0.21,0.68
575,60.19,0.06,94.0,246.1,4.62,38.94,0.24,0.64
576,53.36,0.09,91.0,396.21,6.42,25.41,0.15,0.64
577,41.66,0.11,89.0,373.46,5.59,38.62,0.55,0.61
578,63.93,0.05,95.0,235.02,5.74,32.01,0.2,0.39
579,49.73,0.09,91.0,530.17,4.77,32.17,0.08,0.41
580,45.72,0.1,90.0,375.4,7.65,26.36,0.33,0.41
581,53.19,0.05,95.0,455.41,4.62,35.0,0.36,0.78
582,43.28,0.11,89.0,405.42,5.17,34.33,0.48,0.44
583,34.93,0.1,90.0,485.01,10.93,26.55,0.3,0.44
584,53.69,0.08,92.0,366.94,3.8,35.0,0.41,0.49
585,43.17,0.11,89.0,373.97,6.7,35.41,0.25,0.42
586,51.63,0.1,90.0,386.95,5.22,28.77,0.27,0.45
587,41.17,0.12,88.0,517.01,4.5,35.64,0.33,0.76
588,38.23,0.12,88.0,423.89,8.45,21.23,0.2,0.51
589,45.87,0.1,90.0,379.35,8.38,19.43,0.14,0.61
590,44.49,0.12,88.0,540.92,2.85,31.7,0.26,0.44
591,53.42,0.07,93.0,423.43,4.28,39.19,0.36,0.34
592,71.76,0.04,96.0,302.28,3.0,38.89,0.1,0.47
593,56.21,0.05,95.0,462.32,5.75,24.19,0.21,0.57
594,69.95,0.07,93.0,148.4,2.13,32.93,0.28,0.64
595,49.84,0.09,91.0,437.84,5.51,30.33,0.24,0.87
596,57.96,0.05,95.0,374.86,5.98,29.67,0.27,0.99
597,39.48,0.11,89.0,558.91,3.3,39.9,0.52,0.71
598,54.12,0.09,91.0,438.81,2.81,39.36,0.34,0.59
599,30.57,0.12,88.0,476.72,11.27,18.47,0.3,0.46
600,53.67,0.07,93.0,369.53,5.53,37.05,0.31,0.6
601,39.51,0.11,89.0,448.03,4.58,38.06,0.53,0.59
602,66.66,0.08,92.0,209.81,2.93,33.97,0.22,0.84
603,46.75,0.11,89.0,326.55,3.58,35.23,0.46,0.6
604,56.11,0.02,98.0,396.39,5.84,35.18,0.46,0.53
605,54.36,0.14,86.0,318.2,1.24,32.75,0.18,0.46
606,53.5,0.11,89.0,449.15,2.19,35.31,0.14,0.46
607,64.16,0.06,94.0,323.7,2.19,41.74,0.24,0.51
608,45.48,0.06,94.0,406.65,9.83,20.72,0.43,0.88
609,53.73,0.06,94.0,390.47,7.92,28.43,0.14,0.78
610,48.19,0.06,94.0,649.99,4.01,39.85,0.31,0.9
611,53.99,0.06,94.0,453.04,5.06,33.67,0.29,0.51
612,52.9,0.06,94.0,385.24,6.99,25.65,0.26,0.32
613,44.64,0.05,95.0,245.32,14.23,13.01,0.43,0.35
614,65.95,0.04,96.0,363.24,3.74,36.89,0.22,0.43
615,59.72,0.06,94.0,347.18,5.11,32.38,0.25,0.88
616,52.65,0.12,88.0,411.96,2.3,33.44,0.19,0.72
617,47.75,0.06,94.0,544.8,5.23,37.83,0.37,0.92
618,45.59,0.11,89.0,453.06,4.32,37.62,0.34,0.76
619,43.72,0.12,88.0,473.65,5.14,32.46,0.35,0.89
620,52.11,0.07,93.0,393.45,6.14,22.67,0.33,0.82
621,55.8,0.09,91.0,354.77,4.52,35.9,0.25,0.75
622,40.08,0.13,87.0,563.09,5.61,22.82,0.24,0.65
623,59.8,0.04,96.0,268.22,5.29,36.6,0.47,0.7
624,45.26,0.08,92.0,502.63,8.67,21.01,0.21,0.55
625,57.71,0.02,98.0,408.61,5.63,35.18,0.42,0.71
626,54.61,0.11,89.0,281.16,3.75,28.6,0.31,0.75
627,40.42,0.09,91.0,440.22,8.13,25.48,0.41,0.58
628,54.74,0.1,90.0,439.11,3.11,34.38,0.06,0.44
629,42.77,0.08,92.0,431.14,6.77,33.38,0.39,0.53
630,51.69,0.04,96.0,543.72,4.3,35.88,0.48,0.7
631,38.48,0.11,89.0,458.2,5.87,32.24,0.46,0.41
632,44.2,0.1,90.0,452.45,6.04,32.54,0.46,0.39
633,56.0,0.03,97.0,397.58,6.62,30.73,0.41,0.73
634,39.46,0.14,86.0,580.5,4.57,34.67,0.27,0.85
635,44.81,0.07,93.0,540.78,4.54,38.06,0.46,0.75
636,49.03,0.09,91.0,481.16,3.83,31.03,0.35,0.56
637,38.63,0.08,92.0,624.34,6.54,30.72,0.42,0.36
638,54.48,0.08,92.0,204.75,5.65,37.93,0.36,0.47
639,52.62,0.11,89.0,308.04,3.0,32.33,0.27,0.57
640,50.31,0.06,94.0,468.66,5.44,29.83,0.28,0.43
641,50.76,0.1,90.0,171.42,8.6,22.17,0.37,0.39
642,53.71,0.08,92.0,432.33,1.85,36.39,0.33,0.67
643,42.92,0.12,88.0,554.28,2.28,41.27,0.35,0.63
644,50.14,0.09,91.0,411.02,4.55,34.0,0.37,0.66
645,53.19,0.1,90.0,369.46,4.77,37.08,0.18,0.81
646,51.97,0.1,90.0,495.62,2.38,37.62,0.26,0.7
647,46.34,0.11,89.0,508.53,4.75,34.8,0.22,0.49
648,52.57,0.04,96.0,545.9,6.14,26.36,0.24,0.75
649,53.35,0.09,91.0,420.32,3.6,39.7,0.31,0.46
650,62.09,0.05,95.0,370.5,4.82,35.78,0.23,0.48
651,53.88,0.09,91.0,408.47,4.18,31.92,0.26,0.62
652,62.94,0.06,94.0,399.61,1.68,34.94,0.29,0.56
653,50.82,0.12,88.0,285.41,5.3,34.77,0.26,0.35
654,54.28,0.11,89.0,334.53,4.89,31.55,0.11,0.36
655,46.17,0.1,90.0,475.91,5.3,34.74,0.35,0.35
656,57.33,0.08,92.0,361.76,2.35,38.12,0.33,0.38
657,47.92,0.05,95.0,369.19,8.57,19.25,0.49,0.34
658,47.53,0.11,89.0,414.17,2.95,39.37,0.46,0.65
659,53.52,0.04,96.0,422.51,7.0,28.35,0.32,0.55
660,46.95,0.06,94.0,482.96,6.19,25.85,0.46,0.67
661,51.85,0.07,93.0,357.24,7.75,22.96,0.27,0.65
662,65.99,0.06,94.0,257.35,3.29,38.61,0.22,0.65
663,62.82,0.03,97.0,360.86,5.42,33.58,0.33,0.73
664,51.7,0.08,92.0,446.12,2.8,37.69,0.35,0.42
665,40.67,0.1,90.0,583.52,5.83,26.28,0.29,0.37
666,61.04,0.11,89.0,235.15,3.56,31.34,0.09,0.34
667,50.8,0.09,91.0,460.45,3.2,33.51,0.33,0.34
668,56.26,0.08,92.0,383.97,4.18,41.25,0.31,0.33
669,61.39,0.04,96.0,466.1,3.41,34.39,0.26,0.41
670,45.89,0.09,91.0,501.52,6.67,29.58,0.28,0.39
671,57.46,0.09,91.0,396.9,1.89,37.15,0.33,0.47
672,57.78,0.06,94.0,333.21,4.24,35.44,0.39,0.36
673,43.59,0.11,89.0,487.58,5.33,30.74,0.34,0.34
674,56.42,0.01,99.0,228.85,11.33,15.7,0.28,0.38
675,52.3,0.07,93.0,418.45,3.91,30.36,0.35,0.38
676,56.93,0.05,95.0,449.85,4.35,34.94,0.31,0.42
677,31.99,0.07,93.0,645.04,8.73,17.76,0.56,0.44
678,48.97,0.1,90.0,480.26,3.49,28.04,0.32,0.52
679,43.35,0.04,96.0,541.69,7.62,25.49,0.54,0.54
680,64.51,0.03,97.0,455.39,3.05,29.33,0.17,0.44
681,54.72,0.11,89.0,442.1,1.89,37.77,0.25,0.37
682,46.66,0.1,90.0,486.41,4.55,36.3,0.35,0.34
683,55.95,0.06,94.0,367.37,7.38,23.32,0.23,0.39
684,56.34,0.03,97.0,449.79,6.61,26.1,0.3,0.35
685,49.92,0.1,90.0,358.21,5.8,24.53,0.31,0.38
686,48.81,0.08,92.0,502.95,5.5,29.19,0.29,0.37
687,56.08,0.1,90.0,338.25,1.98,40.26,0.2,0.33
688,41.48,0.09,91.0,553.93,7.19,30.76,0.3,0.38
689,55.78,0.07,93.0,433.04,3.99,29.26,0.23,0.4
690,50.25,0.09,91.0,439.06,4.09,34.77,0.36,0.45
691,42.46,0.08,92.0,530.53,5.47,38.22,0.52,0.36
692,53.08,0.06,94.0,441.66,2.43,40.98,0.47,0.4
693,54.34,0.07,93.0,474.93,4.2,30.97,0.25,0.53
694,58.86,0.04,96.0,436.5,4.42,36.66,0.27,0.35
695,56.28,0.06,94.0,545.04,3.69,32.65,0.2,0.52
696,43.79,0.05,95.0,526.61,7.88,22.23,0.39,0.5
697,45.54,0.06,94.0,582.74,6.51,25.36,0.45,0.37
698,49.17,0.09,91.0,573.95,2.06,36.11,0.22,0.35
699,55.97,0.04,96.0,412.54,4.35,37.34,0.4,0.35
700,58.21,0.04,96.0,464.82,6.63,27.12,0.2,0.35
701,57.63,0.06,94.0,373.68,3.67,42.91,0.37,0.35
702,66.2,0.07,93.0,313.68,1.49,38.27,0.2,0.36
703,60.54,0.05,95.0,463.45,2.16,38.54,0.3,0.33
704,37.36,0.11,89.0,593.88,8.75,20.19,0.15,0.35
705,64.7,0.1,90.0,279.92,2.02,35.96,0.04,0.36
706,31.56,0.12,88.0,485.01,13.08,14.12,0.26,0.35
707,44.51,0.09,91.0,413.34,6.77,28.49,0.48,0.37
708,48.37,0.08,92.0,589.48,4.43,39.18,0.22,0.38
709,43.36,0.09,91.0,561.58,7.76,22.72,0.19,0.37
710,54.81,0.08,92.0,339.56,4.54,30.34,0.36,0.46
711,56.57,0.04,96.0,540.81,4.93,30.55,0.23,0.35
712,51.63,0.07,93.0,372.77,7.48,29.68,0.2,0.44
713,51.23,0.04,96.0,453.98,4.67,33.86,0.58,0.53
714,48.26,0.06,94.0,507.66,4.99,32.11,0.42,0.34
715,66.36,0.04,96.0,385.75,3.32,35.4,0.06,0.44
716,55.39,0.05,95.0,384.58,5.03,39.41,0.36,0.36
717,49.13,0.08,92.0,576.6,6.11,26.13,0.1,0.37
718,53.13,0.09,91.0,386.19,4.92,28.86,0.3,0.36
719,59.04,0.08,92.0,417.01,2.82,39.19,0.2,0.39
720,45.31,0.06,94.0,408.78,6.04,36.21,0.58,0.36
721,55.04,0.08,92.0,500.14,2.0,35.94,0.29,0.32
722,61.57,0.04,96.0,293.33,4.96,26.24,0.24,0.69
723,54.87,0.1,90.0,363.62,1.92,38.33,0.4,0.65
724,51.4,0.03,97.0,431.43,8.64,27.66,0.35,0.7
725,58.4,0.08,92.0,425.1,2.2,36.96,0.28,0.86
726,48.9,0.04,96.0,453.7,8.42,21.74,0.36,0.45
727,56.44,0.02,98.0,303.23,10.45,22.78,0.2,0.35
728,58.28,0.06,94.0,444.49,3.35,36.69,0.25,0.35
729,55.49,0.07,93.0,358.52,3.36,42.7,0.42,0.4
730,57.0,0.07,93.0,531.96,2.33,38.55,0.12,0.33
731,57.95,0.06,94.0,439.62,4.72,33.27,0.18,0.41
732,47.79,0.05,95.0,413.34,9.85,17.58,0.31,0.46
733,53.39,0.06,94.0,335.57,5.71,31.06,0.39,0.35
734,62.24,0.06,94.0,192.72,6.34,27.49,0.32,0.36
735,55.52,0.05,95.0,447.41,6.93,23.65,0.17,0.35
736,51.35,0.07,93.0,543.49,4.25,36.39,0.33,0.33
737,55.81,0.03,97.0,581.27,2.68,37.76,0.38,0.33
738,58.53,0.02,98.0,422.69,4.79,35.19,0.49,0.34
739,42.97,0.06,94.0,487.56,7.46,24.19,0.44,0.44
740,40.77,0.02,98.0,482.21,11.59,16.37,0.45,0.68
741,51.62,0.06,94.0,422.21,6.65,28.02,0.3,0.34
742,54.35,0.12,88.0,170.29,5.75,26.62,0.24,0.36
743,66.7,0.02,98.0,378.29,1.94,40.51,0.45,0.39
744,51.2,0.09,91.0,386.65,3.68,34.83,0.32,0.32
745,57.94,0.03,97.0,315.72,6.71,27.59,0.43,0.39
746,56.95,0.11,89.0,316.28,1.71,38.45,0.37,0.35
747,63.67,0.06,94.0,293.95,3.08,35.27,0.24,0.36
748,57.67,0.05,95.0,428.11,3.49,34.25,0.3,0.36
749,58.92,0.05,95.0,412.25,2.88,35.2,0.28,0.32
750,48.42,0.05,95.0,564.92,5.77,25.82,0.33,0.39
751,54.97,0.07,93.0,423.96,3.24,28.44,0.33,0.34
752,53.29,0.06,94.0,464.34,4.98,39.03,0.35,0.34
753,59.57,0.08,92.0,383.88,2.91,33.09,0.24,0.35
754,49.58,0.07,93.0,529.16,5.46,35.13,0.33,0.39
755,55.81,0.05,95.0,524.36,3.9,39.65,0.28,0.42
756,54.67,0.05,95.0,398.46,2.15,36.45,0.53,0.39
757,64.18,0.04,96.0,371.96,3.67,32.97,0.27,0.37
758,54.78,0.03,97.0,342.6,6.12,31.58,0.54,0.36
759,62.5,0.07,93.0,325.13,5.1,31.05,0.11,0.71
760,51.45,0.07,93.0,560.2,3.08,36.35,0.37,0.56
761,52.32,0.07,93.0,460.03,2.96,35.5,0.36,0.34
762,60.68,0.05,95.0,509.36,1.86,39.98,0.17,0.34
763,55.42,0.04,96.0,181.86,11.59,14.58,0.34,0.33
764,61.3,0.06,94.0,445.55,3.22,37.64,0.25,0.32
765,49.26,0.02,98.0,541.04,8.71,18.36,0.31,0.36
766,54.56,0.04,96.0,458.97,5.75,32.35,0.33,0.39
767,67.72,0.04,96.0,441.96,2.03,34.63,0.12,0.35
768,53.57,0.07,93.0,296.71,5.94,31.75,0.46,0.35
769,51.57,0.05,95.0,493.94,4.19,35.99,0.38,0.39
770,66.28,0.03,97.0,321.29,4.44,38.07,0.35,0.4
771,56.47,0.03,97.0,553.65,5.46,33.52,0.24,0.38
772,67.23,0.02,98.0,407.1,2.29,40.78,0.4,0.46
773,51.8,0.07,93.0,387.21,4.09,33.73,0.46,0.36
774,53.31,0.07,93.0,593.11,2.26,38.03,0.26,0.36
775,58.78,0.07,93.0,477.14,2.44,36.43,0.26,0.37
776,58.88,0.04,96.0,424.7,4.71,31.2,0.36,0.34
777,61.72,0.03,97.0,471.73,4.29,37.57,0.17,0.36
778,46.09,0.06,94.0,458.87,9.79,18.81,0.34,0.32
779,53.53,0.03,97.0,485.09,5.09,41.43,0.38,0.34
780,63.84,0.07,93.0,352.12,2.4,37.97,0.23,0.39
781,57.71,0.04,96.0,528.76,3.04,39.6,0.3,0.45
782,60.47,0.05,95.0,420.91,2.57,33.51,0.34,0.42
783,60.98,0.05,95.0,267.68,5.37,34.02,0.41,0.38
784,63.69,0.01,99.0,288.8,3.82,34.39,0.56,0.41
785,54.81,0.08,92.0,275.61,6.75,30.13,0.33,0.37
786,63.55,0.04,96.0,417.4,2.71,42.18,0.27,0.49
787,61.1,0.04,96.0,426.77,2.77,44.27,0.42,0.39
788,63.34,0.04,96.0,406.48,3.96,39.61,0.21,0.42
789,62.52,0.04,96.0,152.93,5.81,35.36,0.48,0.46
790,52.68,0.06,94.0,377.78,5.79,34.24,0.45,0.36
791,59.94,0.02,98.0,450.5,5.81,24.73,0.23,0.34
792,63.12,0.05,95.0,338.47,3.81,40.13,0.33,0.41
793,65.43,0.03,97.0,434.77,2.26,44.15,0.38,0.5
794,68.42,0.02,98.0,406.42,4.26,34.05,0.13,0.4
795,55.07,0.08,92.0,396.96,2.87,37.46,0.35,0.35
796,60.86,0.07,93.0,330.42,4.26,27.61,0.23,0.39
797,60.55,0.07,93.0,335.04,2.54,41.5,0.33,0.36
798,67.98,0.01,99.0,320.5,3.8,34.61,0.37,0.44
799,66.03,0.01,99.0,332.31,4.09,35.59,0.45,0.37
800,52.97,0.06,94.0,344.4,8.44,18.88,0.21,0.38
801,68.0,0.03,97.0,410.21,3.3,36.17,0.16,0.39
802,62.21,0.02,98.0,461.04,2.71,39.07,0.48,0.36
803,59.09,0.06,94.0,483.67,3.36,33.57,0.16,0.36
804,70.78,0.01,99.0,239.98,4.44,33.1,0.24,0.35
805,56.52,0.02,98.0,357.05,6.53,27.34,0.5,0.35
806,55.63,0.07,93.0,386.64,3.92,34.3,0.36,0.32
807,54.47,0.0,100.0,693.65,4.91,27.08,0.27,0.32
808,44.52,0.08,92.0,630.92,3.32,33.94,0.36,0.33
809,53.15,0.03,97.0,557.74,3.28,36.4,0.48,0.32
810,60.75,0.06,94.0,448.03,3.58,32.57,0.19,0.34
811,70.34,0.04,96.0,262.37,2.85,33.95,0.22,0.35
812,53.06,0.06,94.0,464.11,2.88,35.9,0.47,0.38
813,50.32,0.04,96.0,518.71,3.68,37.35,0.54,0.32
814,52.8,0.04,96.0,530.43,5.82,32.0,0.24,0.36
815,62.15,0.04,96.0,380.82,2.94,39.71,0.32,0.33
816,64.9,0.03,97.0,282.91,2.81,35.72,0.42,0.48
817,44.51,0.06,94.0,638.01,2.15,41.14,0.62,0.35
818,62.86,0.03,97.0,521.02,3.06,36.21,0.34,0.34
819,54.22,0.05,95.0,563.69,3.26,36.97,0.39,0.33
820,63.3,0.04,96.0,421.51,2.27,41.12,0.34,0.34
821,58.38,0.02,98.0,402.85,6.01,25.33,0.36,0.34
822,62.02,0.02,98.0,365.61,1.94,37.76,0.58,0.35
823,62.36,0.01,99.0,342.75,5.51,38.88,0.53,0.4
824,68.03,0.02,98.0,362.08,2.1,36.54,0.41,0.33
825,61.67,0.04,96.0,291.2,3.06,33.89,0.45,0.36
826,58.61,0.05,95.0,247.11,3.36,36.72,0.55,0.34
827,65.57,0.03,97.0,439.11,2.41,38.84,0.26,0.33
828,47.28,0.05,95.0,628.51,2.74,36.7,0.47,0.35
829,67.59,0.03,97.0,366.33,1.48,29.92,0.35,0.38
830,58.08,0.05,95.0,479.97,3.83,36.46,0.28,0.38
831,50.68,0.03,97.0,582.99,5.64,33.24,0.28,0.35
832,58.22,0.04,96.0,447.34,5.26,29.85,0.26,0.34
833,56.8,0.03,97.0,477.12,2.87,36.62,0.57,0.36
834,50.22,0.05,95.0,364.86,8.58,19.59,0.26,0.33
835,43.92,0.05,95.0,579.06,9.09,20.88,0.37,0.32
836,59.5,0.03,97.0,308.93,6.85,36.38,0.44,0.32
837,47.5,0.04,96.0,611.93,3.6,36.65,0.57,0.34
838,61.69,0.05,95.0,414.44,2.8,41.68,0.3,0.31
839,68.44,0.04,96.0,209.86,6.77,18.68,0.15,0.34
840,58.25,0.05,95.0,320.42,3.28,39.14,0.48,0.32
841,52.29,0.09,91.0,386.97,3.26,36.82,0.3,0.32
842,45.06,0.04,96.0,386.68,10.42,17.78,0.54,0.32
843,43.14,0.06,94.0,322.14,10.93,20.67,0.44,0.73
844,63.07,0.04,96.0,288.42,2.88,43.58,0.4,0.64
845,59.29,0.07,93.0,266.66,3.79,36.27,0.36,0.53
846,52.04,0.06,94.0,532.55,3.01,42.6,0.45,0.63
847,59.58,0.03,97.0,256.59,10.47,13.13,0.21,0.73
848,44.37,0.03,97.0,587.69,9.36,19.94,0.27,0.58
849,56.56,0.03,97.0,560.71,2.32,36.23,0.46,0.89
850,65.03,0.05,95.0,375.92,2.67,36.31,0.3,0.73
851,36.29,0.03,97.0,429.59,14.43,11.28,0.57,0.7
852,37.43,0.05,95.0,434.29,10.61,18.92,0.58,0.81
853,51.1,0.04,96.0,411.43,3.75,40.29,0.65,0.9
854,54.28,0.02,98.0,551.13,3.31,37.07,0.52,0.77
855,67.86,0.02,98.0,255.68,3.45,40.35,0.4,0.57
856,57.91,0.06,94.0,333.69,5.52,32.06,0.3,0.7
857,71.81,0.02,98.0,345.23,3.35,31.97,0.21,0.49
858,51.48,0.05,95.0,571.11,1.92,38.25,0.55,0.64
859,64.4,0.03,97.0,333.52,6.17,27.07,0.32,0.62
860,64.53,0.03,97.0,366.92,3.68,36.37,0.28,0.71
861,56.13,0.03,97.0,352.36,9.2,21.23,0.26,0.55
862,58.8,0.06,94.0,301.5,7.53,26.7,0.2,0.53
863,43.99,0.03,97.0,359.03,12.19,14.54,0.44,0.6
864,46.55,0.05,95.0,506.63,6.57,27.97,0.49,0.55
865,49.54,0.04,96.0,499.21,4.33,37.64,0.57,0.6
866,56.09,0.05,95.0,387.78,3.7,42.92,0.51,0.73
867,53.59,0.05,95.0,458.95,3.14,34.13,0.52,0.57
868,60.73,0.03,97.0,270.28,2.87,39.66,0.66,0.4
869,39.64,0.04,96.0,459.64,12.41,11.5,0.48,0.41
870,46.11,0.07,93.0,619.8,4.81,36.34,0.36,0.37
871,62.25,0.05,95.0,354.41,2.71,35.76,0.41,0.33
872,61.29,0.02,98.0,415.22,2.11,37.81,0.54,0.48
873,57.43,0.02,98.0,486.81,3.43,37.94,0.53,0.6
874,57.32,0.04,96.0,464.0,5.45,27.76,0.14,0.69
875,55.95,0.03,97.0,359.01,6.95,25.86,0.42,0.62
876,63.11,0.02,98.0,302.8,3.51,41.44,0.54,0.62
877,64.7,0.02,98.0,348.37,2.98,44.55,0.42,0.76
878,56.4,0.04,96.0,479.69,2.08,43.55,0.56,0.69
879,55.56,0.02,98.0,446.02,3.41,32.77,0.55,0.62
880,50.76,0.03,97.0,645.26,2.74,40.51,0.53,0.66
881,65.97,0.02,98.0,398.39,4.65,26.99,0.15,0.56
882,65.09,0.03,97.0,474.5,1.67,37.57,0.28,0.75
883,49.75,0.04,96.0,578.76,3.8,38.89,0.58,0.58
884,59.44,0.03,97.0,486.31,2.46,35.65,0.35,0.55
885,73.76,0.05,95.0,220.95,2.11,34.11,0.14,0.65
886,67.73,0.03,97.0,284.17,2.17,34.8,0.36,0.47
887,61.0,0.01,99.0,493.92,4.0,31.5,0.28,0.55
888,58.49,0.03,97.0,437.83,3.81,34.91,0.42,0.48
889,55.14,0.01,99.0,496.46,3.64,40.45,0.63,0.49
890,55.11,0.02,98.0,418.05,6.82,21.92,0.39,0.74
891,47.44,0.04,96.0,287.39,10.08,19.36,0.56,0.67
892,63.16,0.04,96.0,323.27,3.7,36.63,0.32,0.75
893,60.38,0.03,97.0,340.53,7.97,26.42,0.28,0.62
894,65.16,0.0,100.0,199.61,5.44,38.74,0.57,0.68
895,57.83,0.07,93.0,489.26,2.15,40.66,0.26,0.61
896,58.31,0.07,93.0,219.0,2.38,36.81,0.57,0.37
897,71.04,0.02,98.0,340.11,2.69,40.23,0.27,0.36
898,54.48,0.05,95.0,583.13,2.87,39.68,0.21,0.41
899,40.18,0.07,93.0,673.02,5.03,34.93,0.52,0.42
900,73.24,0.02,98.0,193.6,2.0,38.96,0.43,0.41
901,63.9,0.03,97.0,318.24,2.15,40.61,0.58,0.4
902,66.69,0.02,98.0,395.58,2.03,41.96,0.36,0.4
903,65.3,0.01,99.0,270.96,2.84,36.24,0.62,0.37
904,56.58,0.05,95.0,360.95,3.08,39.35,0.57,0.4
905,63.64,0.02,98.0,338.31,4.54,30.66,0.4,0.46
906,51.34,0.03,97.0,392.53,7.18,26.0,0.6,0.87
907,66.04,0.02,98.0,280.4,5.1,30.03,0.37,0.72
908,48.67,0.02,98.0,293.86,13.2,15.08,0.28,0.79
909,65.93,0.01,99.0,290.42,4.44,38.53,0.41,0.86
910,58.26,0.01,99.0,291.18,10.03,22.92,0.35,0.64
911,41.19,0.05,95.0,370.09,11.47,20.87,0.47,0.4
912,70.59,0.01,99.0,405.85,3.81,25.41,0.05,0.51
913,60.85,0.02,98.0,448.54,4.57,26.75,0.3,0.53
914,60.88,0.04,96.0,378.72,2.93,44.08,0.49,0.34
915,51.44,0.03,97.0,425.05,6.83,26.25,0.5,0.46
916,73.94,0.0,100.0,261.95,2.67,41.73,0.43,0.42
917,58.66,0.05,95.0,329.34,3.05,39.49,0.57,0.48
918,67.8,0.02,98.0,298.31,2.66,39.39,0.47,0.44
919,62.73,0.02,98.0,449.78,2.41,35.31,0.42,0.4
920,66.77,0.02,98.0,415.9,2.02,34.04,0.37,0.4
921,58.08,0.05,95.0,523.56,2.91,40.65,0.3,0.37
922,59.06,0.03,97.0,293.93,2.68,39.64,0.66,0.39
923,66.67,0.0,100.0,201.73,6.64,25.64,0.41,0.34
924,54.72,0.04,96.0,422.59,4.19,40.3,0.45,0.35
925,63.5,0.02,98.0,403.62,3.11,37.59,0.48,0.37
926,64.17,0.03,97.0,373.12,1.85,35.03,0.46,0.88
927,47.34,0.05,95.0,413.03,5.68,29.5,0.48,0.68
928,59.88,0.0,100.0,377.99,3.4,41.17,0.64,0.67
929,57.93,0.03,97.0,502.52,1.88,35.66,0.52,0.6
930,64.08,0.03,97.0,271.16,3.54,40.63,0.57,0.95
931,66.31,0.03,97.0,196.38,2.02,39.56,0.63,0.67
932,51.15,0.03,97.0,349.78,8.49,18.23,0.52,0.61
933,62.79,0.04,96.0,312.45,2.88,39.19,0.47,0.56
934,61.58,0.02,98.0,564.76,3.83,27.26,0.28,0.58
935,61.05,0.02,98.0,462.58,4.04,28.95,0.33,0.92
936,63.54,0.0,100.0,475.66,2.21,42.54,0.4,0.87
937,56.68,0.02,98.0,389.64,3.73,34.91,0.61,0.77
938,54.13,0.02,98.0,444.16,4.61,35.62,0.49,0.61
939,50.18,0.01,99.0,653.62,4.65,29.41,0.47,0.41
940,46.18,0.0,100.0,598.22,7.12,21.55,0.61,0.4
941,51.34,0.05,95.0,596.63,3.36,28.95,0.37,0.43
942,74.71,0.01,99.0,198.95,3.32,29.83,0.28,0.39
943,66.41,0.01,99.0,334.93,2.61,45.84,0.5,0.41
944,65.12,0.02,98.0,333.98,4.45,29.19,0.28,0.36
945,77.66,0.0,100.0,269.31,2.42,41.93,0.28,0.34
946,66.76,0.02,98.0,362.35,2.5,35.34,0.42,0.38
947,44.35,0.03,97.0,652.87,4.72,37.55,0.64,0.36
948,66.61,0.0,100.0,409.67,2.0,42.38,0.5,0.34
949,65.5,0.02,98.0,450.25,2.0,41.66,0.42,0.41
950,54.68,0.0,100.0,589.44,2.82,41.37,0.58,0.36
951,56.65,0.03,97.0,463.14,2.2,43.26,0.62,0.41
952,47.03,0.0,100.0,697.48,4.13,41.53,0.67,0.46
953,59.34,0.04,96.0,454.53,1.96,42.71,0.48,0.46
954,61.32,0.04,96.0,337.79,4.73,30.85,0.27,0.44
955,59.49,0.02,98.0,463.79,4.89,32.05,0.28,0.42
956,59.83,0.03,97.0,309.08,3.3,33.1,0.64,0.41
957,79.39,0.0,100.0,243.0,2.18,40.17,0.29,0.49
958,56.07,0.01,99.0,346.58,4.96,34.83,0.65,0.4
959,70.25,0.01,99.0,276.48,2.5,37.64,0.46,0.41
960,61.61,0.01,99.0,481.37,2.02,39.17,0.46,0.4
961,65.72,0.01,99.0,379.32,5.15,30.73,0.26,0.38
962,51.41,0.0,100.0,519.55,4.56,46.75,0.67,0.38
963,66.57,0.01,99.0,289.33,4.52,31.65,0.42,0.39
964,48.72,0.01,99.0,389.94,9.58,29.9,0.5,0.36
965,66.66,0.0,100.0,374.58,2.72,39.21,0.51,0.47
966,58.74,0.03,97.0,472.9,2.24,37.98,0.48,0.47
967,68.94,0.01,99.0,328.12,1.65,37.74,0.45,0.35
968,75.17,0.02,98.0,189.99,2.47,37.2,0.31,0.38
969,62.55,0.03,97.0,392.39,4.0,32.29,0.35,0.4
970,61.23,0.01,99.0,313.32,2.59,37.25,0.68,0.36
971,66.97,0.0,100.0,363.3,3.36,39.74,0.49,0.4
972,71.86,0.0,100.0,339.93,1.98,38.84,0.43,0.4
973,68.78,0.0,100.0,426.08,2.39,32.27,0.32,0.36
974,63.13,0.0,100.0,508.97,2.08,37.66,0.48,0.37
975,61.6,0.01,99.0,360.76,5.37,33.74,0.38,0.41
976,73.83,0.01,99.0,264.78,2.16,41.45,0.41,0.46
977,62.86,0.02,98.0,376.93,3.25,29.93,0.37,0.4
978,64.53,0.03,97.0,291.46,2.14,43.95,0.47,0.37
979,75.6,0.02,98.0,353.34,1.8,40.04,0.17,0.4
980,56.64,0.0,100.0,380.07,4.6,39.47,0.72,0.36
981,65.27,0.0,100.0,322.28,2.48,38.71,0.64,0.34
982,72.63,0.01,99.0,317.03,1.9,37.2,0.45,0.37
983,68.39,0.02,98.0,301.27,2.18,36.89,0.33,0.36
984,60.05,0.01,99.0,228.27,5.33,37.92,0.66,0.34
985,62.54,0.02,98.0,490.52,1.91,34.1,0.4,0.37
986,57.14,0.0,100.0,367.16,4.2,37.26,0.73,0.39
987,68.8,0.02,98.0,458.23,3.27,33.94,0.19,0.35
988,74.07,0.0,100.0,412.8,1.59,40.97,0.21,0.33
989,59.65,0.02,98.0,347.34,4.9,39.63,0.34,0.35
990,66.41,0.0,100.0,394.26,5.06,27.44,0.33,0.34
991,63.15,0.02,98.0,305.78,3.43,39.94,0.51,0.49
992,63.97,0.01,99.0,296.02,3.01,36.38,0.52,0.35
993,65.84,0.0,100.0,344.86,2.15,39.28,0.62,0.38
994,49.61,0.01,99.0,451.51,9.45,27.88,0.41,0.34
995,65.26,0.0,100.0,356.42,4.28,38.93,0.41,0.38
996,55.94,0.03,97.0,477.65,3.4,37.74,0.55,0.37
997,66.64,0.0,100.0,503.05,1.52,37.79,0.33,0.35
998,78.67,0.01,99.0,228.25,2.09,41.82,0.28,0.35
999,58.04,0.01,99.0,327.68,5.51,38.18,0.61,0.35
1000,60.24,0.0,100.0,352.01,4.24,29.52,0.63,0.35
1001,63.32,0.0,100.0,396.56,2.87,38.74,0.62,0.43
1002,48.99,0.0,100.0,592.0,7.68,29.91,0.39,0.43
1003,72.33,0.0,100.0,325.72,2.89,39.77,0.38,0.46
1004,62.9,0.02,98.0,372.64,2.24,36.22,0.59,0.43
1005,36.74,0.0,100.0,481.5,15.6,9.96,0.51,0.44
1006,65.88,0.02,98.0,154.61,4.29,37.41,0.6,0.45
1007,50.27,0.0,100.0,497.14,10.52,22.43,0.35,0.5
1008,63.4,0.03,97.0,402.96,1.6,34.79,0.5,0.55
1009,63.5,0.02,98.0,273.32,3.31,36.68,0.61,0.5
1010,65.57,0.0,100.0,342.28,2.62,39.08,0.64,0.53
1011,63.91,0.0,100.0,432.51,2.27,37.09,0.53,0.52
1012,51.85,0.0,100.0,546.3,6.12,28.36,0.49,0.45
1013,64.72,0.01,99.0,397.56,2.4,38.02,0.34,0.39
1014,65.19,0.01,99.0,391.7,4.08,36.23,0.35,0.39
1015,61.1,0.02,98.0,388.6,2.21,40.19,0.59,0.42
1016,71.29,0.03,97.0,270.13,2.87,37.96,0.23,0.36
1017,64.4,0.01,99.0,477.14,2.82,37.98,0.28,0.41
1018,56.66,0.01,99.0,575.82,3.54,36.73,0.39,0.42
1019,77.29,0.0,100.0,292.01,1.63,34.37,0.3,0.4
1020,68.38,0.01,99.0,348.41,2.18,42.92,0.45,0.39
1021,70.73,0.01,99.0,296.51,2.18,43.58,0.46,0.5
1022,58.85,0.03,97.0,479.01,3.92,31.08,0.4,0.45
1023,61.09,0.01,99.0,530.74,3.94,36.62,0.31,0.37
1024,61.1,0.04,96.0,391.92,2.31,36.33,0.44,0.35
1025,62.44,0.04,96.0,283.97,2.78,42.9,0.49,0.38
1026,54.6,0.02,98.0,318.51,6.64,23.1,0.6,0.39
1027,59.24,0.02,98.0,473.36,6.15,29.28,0.24,0.41
1028,56.3,0.0,100.0,389.34,6.62,27.04,0.54,0.33
1029,59.81,0.0,100.0,570.25,2.97,33.89,0.44,0.36
1030,58.13,0.0,100.0,535.53,6.53,22.99,0.17,0.38
1031,73.37,0.01,99.0,176.83,2.91,32.07,0.42,0.38
1032,58.21,0.0,100.0,234.84,7.72,21.71,0.63,0.37
1033,65.83,0.03,97.0,342.93,2.8,38.0,0.43,0.39
1034,50.59,0.03,97.0,558.3,4.78,37.37,0.52,0.33
1035,64.32,0.02,98.0,351.67,5.52,26.51,0.27,0.35
1036,62.18,0.01,99.0,489.63,2.17,33.28,0.5,0.35
1037,65.74,0.02,98.0,282.34,2.19,39.6,0.49,0.34
1038,59.48,0.01,99.0,400.45,5.46,27.24,0.42,0.36
1039,57.29,0.01,99.0,506.34,3.59,40.8,0.54,0.43
1040,65.16,0.03,97.0,367.22,2.42,40.93,0.3,0.34
1041,64.19,0.01,99.0,438.19,6.02,26.84,0.27,0.36
1042,62.97,0.01,99.0,447.09,5.38,26.27,0.3,0.36
1043,64.94,0.01,99.0,279.82,3.63,37.4,0.54,0.34
1044,62.63,0.01,99.0,343.99,2.9,35.45,0.58,0.39
1045,53.86,0.01,99.0,330.02,7.09,22.57,0.66,0.36
1046,72.65,0.01,99.0,192.57,2.15,39.56,0.53,0.37
1047,67.95,0.01,99.0,436.36,1.94,42.19,0.34,0.41
1048,59.04,0.01,99.0,353.87,2.85,35.98,0.71,0.44
1049,53.92,0.01,99.0,459.51,8.43,25.0,0.34,0.4
1050,67.81,0.01,99.0,347.65,2.37,37.04,0.37,0.4
1051,69.22,0.0,100.0,285.38,3.38,33.97,0.5,0.4
1052,53.76,0.0,100.0,543.28,10.01,21.57,0.17,0.37
1053,53.68,0.0,100.0,546.14,4.66,36.63,0.61,0.53
1054,68.66,0.0,100.0,385.14,2.42,39.93,0.38,0.36
1055,50.68,0.03,97.0,555.34,2.62,39.62,0.62,0.34
1056,68.75,0.02,98.0,372.26,1.85,40.16,0.41,0.36
1057,52.24,0.01,99.0,416.27,9.42,19.17,0.4,0.35
1058,70.5,0.01,99.0,257.79,2.39,38.01,0.37,0.34
1059,58.66,0.01,99.0,415.5,2.48,36.58,0.68,0.35
1060,61.47,0.03,97.0,389.76,3.2,34.76,0.4,0.38
1061,64.95,0.01,99.0,268.11,2.88,42.97,0.5,0.46
1062,55.05,0.03,97.0,434.22,5.11,25.63,0.43,0.39
1063,65.53,0.01,99.0,263.56,2.57,34.35,0.58,0.36
1064,65.82,0.05,95.0,311.06,1.78,36.77,0.4,0.36
1065,59.78,0.0,100.0,462.09,5.69,22.93,0.37,0.4
1066,62.35,0.0,100.0,345.86,2.29,37.25,0.71,0.36
1067,55.29,0.04,96.0,349.56,2.31,42.66,0.71,0.39
1068,58.18,0.01,99.0,393.82,5.31,31.87,0.49,0.36
1069,69.65,0.01,99.0,449.54,3.12,27.74,0.14,0.38
1070,63.61,0.0,100.0,489.14,5.82,29.87,0.26,0.42
1071,53.12,0.0,100.0,440.49,5.36,37.57,0.69,0.42
1072,52.02,0.0,100.0,486.65,10.0,17.06,0.35,0.39
1073,61.71,0.0,100.0,397.55,5.74,29.73,0.42,0.35
1074,67.17,0.02,98.0,282.09,5.23,31.05,0.31,0.37
1075,58.89,0.01,99.0,313.27,5.9,31.0,0.44,0.37
1076,52.51,0.0,100.0,385.99,9.04,27.31,0.38,0.33
1077,59.31,0.0,100.0,394.78,4.4,38.72,0.61,0.35
1078,59.48,0.01,99.0,435.84,3.64,40.42,0.56,0.36
1079,62.21,0.01,99.0,378.44,3.17,38.39,0.49,0.39
1080,67.46,0.01,99.0,365.98,3.17,41.11,0.45,0.38
1081,63.01,0.01,99.0,405.4,3.58,38.48,0.47,0.38
1082,45.08,0.0,100.0,467.3,11.68,21.65,0.48,0.4
1083,66.78,0.01,99.0,496.34,2.59,34.54,0.3,0.45
1084,61.12,0.0,100.0,455.35,2.7,45.08,0.51,0.4
1085,69.04,0.01,99.0,391.95,4.48,30.89,0.23,0.44
1086,68.25,0.01,99.0,298.04,5.61,34.32,0.12,0.46
1087,55.6,0.08,92.0,243.74,4.44,32.99,0.46,0.45
1088,63.19,0.0,100.0,366.43,7.15,28.0,0.36,0.38
1089,66.33,0.01,99.0,237.93,1.87,42.4,0.61,0.37
1090,43.08,0.01,99.0,492.16,8.89,18.11,0.65,0.36
1091,76.38,0.02,98.0,223.87,1.38,35.14,0.29,0.35
1092,64.86,0.02,98.0,212.41,2.18,37.02,0.71,0.39
1093,71.41,0.01,99.0,327.66,3.75,37.18,0.25,0.38
1094,76.5,0.02,98.0,220.26,3.44,39.83,0.25,0.46
1095,59.98,0.02,98.0,209.53,5.82,33.2,0.52,0.39
1096,57.47,0.02,98.0,298.38,4.33,38.1,0.53,0.48
1097,67.05,0.01,99.0,281.13,3.19,40.51,0.48,0.39
1098,68.36,0.0,100.0,363.2,2.33,40.59,0.45,0.4
1099,69.44,0.0,100.0,209.15,1.98,44.22,0.65,0.41
1100,64.0,0.0,100.0,257.84,7.28,21.46,0.54,0.42
1101,56.28,0.03,97.0,365.58,2.87,38.4,0.7,0.41
1102,66.93,0.0,100.0,261.31,2.64,40.63,0.63,0.39
1103,70.16,0.01,99.0,319.01,2.3,37.6,0.43,0.42
1104,50.38,0.0,100.0,487.62,8.61,24.17,0.39,0.33
1105,59.86,0.02,98.0,462.09,1.97,32.46,0.53,0.33
1106,66.72,0.02,98.0,274.57,3.04,40.58,0.52,0.37
1107,60.16,0.01,99.0,408.27,2.41,38.03,0.65,0.34
1108,54.34,0.0,100.0,457.25,6.95,25.61,0.48,0.38
1109,64.13,0.01,99.0,425.76,3.95,35.73,0.29,0.35
1110,67.87,0.0,100.0,501.99,2.72,33.57,0.29,0.37
1111,63.03,0.0,100.0,387.9,5.15,28.28,0.49,0.39
1112,71.71,0.03,97.0,149.4,4.72,29.6,0.29,0.4
1113,72.6,0.0,100.0,278.75,4.36,35.66,0.36,0.41
1114,64.76,0.02,98.0,327.72,6.05,28.46,0.26,0.44
1115,70.43,0.02,98.0,318.59,2.95,38.9,0.3,0.4
1116,50.11,0.03,97.0,491.57,6.23,37.11,0.59,0.39
1117,69.55,0.0,100.0,421.19,2.59,42.74,0.25,0.46
1118,63.57,0.0,100.0,411.17,2.36,40.14,0.62,0.34
1119,60.53,0.02,98.0,305.2,2.57,43.9,0.71,0.41
1120,70.22,0.0,100.0,246.11,2.12,37.41,0.64,0.35
1121,53.21,0.03,97.0,354.36,8.1,23.46,0.49,0.4
1122,65.29,0.02,98.0,350.76,2.04,38.49,0.46,0.39
1123,67.93,0.0,100.0,449.55,1.29,36.64,0.36,0.38
1124,67.04,0.0,100.0,331.63,4.5,36.08,0.41,0.41
1125,68.27,0.0,100.0,276.64,3.25,38.52,0.56,0.4
1126,70.97,0.01,99.0,374.56,2.36,43.47,0.35,0.35
1127,66.2,0.01,99.0,449.21,2.51,39.5,0.38,0.45
1128,66.94,0.01,99.0,315.41,2.12,50.63,0.62,0.35
1129,59.06,0.02,98.0,233.96,4.22,37.84,0.73,0.34
1130,58.82,0.0,100.0,360.42,4.27,39.19,0.69,0.43
1131,55.48,0.01,99.0,370.02,9.21,24.25,0.26,0.37
1132,57.83,0.01,99.0,473.09,7.67,21.09,0.32,0.35
1133,69.01,0.0,100.0,405.07,5.15,28.39,0.11,0.4
1134,73.25,0.01,99.0,248.21,2.0,39.91,0.4,0.35
1135,64.15,0.01,99.0,402.02,1.94,38.25,0.55,0.36
1136,55.61,0.01,99.0,499.92,3.29,40.5,0.65,0.34
1137,52.69,0.0,100.0,292.81,8.43,21.19,0.69,0.36
1138,49.09,0.01,99.0,442.05,8.61,26.29,0.33,0.37
1139,69.98,0.01,99.0,324.97,3.61,32.61,0.34,0.38
1140,53.73,0.0,100.0,433.97,9.9,25.29,0.37,0.39
1141,57.34,0.02,98.0,362.25,2.86,42.5,0.7,0.45
1142,72.48,0.0,100.0,304.29,1.64,37.97,0.47,0.4
1143,68.57,0.02,98.0,262.13,5.26,35.78,0.39,0.4
1144,65.14,0.0,100.0,362.44,2.95,40.86,0.54,0.35
1145,67.3,0.01,99.0,328.27,1.86,39.05,0.42,0.35
1146,59.43,0.0,100.0,380.89,3.66,33.16,0.54,0.36
1147,71.07,0.01,99.0,446.84,1.84,40.08,0.22,0.36
1148,61.96,0.02,98.0,353.26,3.29,40.03,0.58,0.34
1149,67.24,0.01,99.0,267.15,4.27,41.12,0.54,0.41
1150,64.3,0.01,99.0,347.89,2.31,44.98,0.63,0.34
1151,61.73,0.04,96.0,343.7,3.76,31.06,0.39,0.37
1152,65.69,0.0,100.0,355.93,2.61,42.14,0.6,0.33
1153,52.51,0.01,99.0,458.9,6.98,25.84,0.45,0.35
1154,55.67,0.01,99.0,464.18,3.98,44.58,0.54,0.45
1155,63.84,0.01,99.0,355.68,5.28,31.2,0.33,0.36
1156,58.87,0.04,96.0,312.33,1.95,37.93,0.68,0.34
1157,54.36,0.02,98.0,333.31,5.84,36.98,0.65,0.32
1158,53.76,0.03,97.0,494.48,3.86,38.8,0.61,0.4
1159,57.0,0.03,97.0,424.56,4.61,28.62,0.45,0.38
1160,66.45,0.01,99.0,357.28,2.16,39.6,0.54,0.36
1161,66.0,0.0,100.0,426.19,3.46,40.14,0.24,0.41
1162,63.07,0.0,100.0,418.87,5.06,35.12,0.43,0.43
1163,64.56,0.01,99.0,443.97,3.55,33.35,0.33,0.37
1164,53.39,0.01,99.0,458.32,6.83,34.67,0.47,0.42
1165,66.91,0.01,99.0,304.11,3.0,39.74,0.55,0.53
1166,57.77,0.0,100.0,399.27,5.64,33.82,0.56,0.34
1167,63.57,0.01,99.0,404.75,3.96,32.13,0.41,0.41
1168,68.02,0.02,98.0,341.26,1.95,40.09,0.39,0.45
1169,60.29,0.0,100.0,312.43,5.16,34.42,0.63,0.37
1170,56.96,0.0,100.0,356.2,4.36,44.2,0.73,0.41
1171,67.2,0.0,100.0,314.67,2.64,35.66,0.58,0.33
1172,72.09,0.0,100.0,380.94,2.0,40.47,0.29,0.35
1173,48.52,0.01,99.0,426.63,10.42,26.44,0.39,0.35
1174,64.99,0.0,100.0,310.35,4.28,35.76,0.54,0.39
1175,68.25,0.0,100.0,291.69,3.96,32.0,0.45,0.37
1176,63.04,0.02,98.0,288.7,5.31,35.41,0.45,0.39
1177,57.83,0.0,100.0,294.62,8.56,28.22,0.47,0.35
1178,72.24,0.0,100.0,273.5,2.22,35.16,0.45,0.44
1179,74.15,0.02,98.0,363.75,2.13,40.47,0.17,0.35
1180,66.77,0.01,99.0,288.81,4.42,35.29,0.37,0.34
1181,71.71,0.0,100.0,322.4,4.46,29.93,0.19,0.35
1182,57.85,0.0,100.0,555.85,2.0,38.13,0.61,0.38
1183,67.16,0.01,99.0,319.46,2.61,29.87,0.52,0.32
1184,68.63,0.01,99.0,325.1,2.57,42.84,0.47,0.34
1185,65.83,0.01,99.0,269.99,4.28,39.29,0.52,0.44
1186,60.01,0.01,99.0,521.55,4.04,30.45,0.28,0.34
1187,62.78,0.01,99.0,453.35,2.24,35.22,0.52,0.44
1188,68.98,0.0,100.0,284.68,2.33,40.19,0.62,0.44
1189,60.91,0.02,98.0,502.57,2.9,36.96,0.42,0.42
1190,66.46,0.0,100.0,437.43,3.09,33.61,0.32,0.4
1191,47.96,0.01,99.0,466.65,8.62,19.71,0.39,0.46
1192,74.07,0.01,99.0,313.94,2.23,38.16,0.36,0.43
1193,65.08,0.03,97.0,347.81,5.05,29.25,0.14,0.4
1194,64.5,0.0,100.0,458.4,6.0,26.99,0.27,0.43
1195,67.51,0.0,100.0,474.5,3.82,32.14,0.31,0.45
1196,48.98,0.03,97.0,468.93,7.65,25.66,0.52,0.33
1197,64.72,0.01,99.0,231.6,2.89,39.99,0.6,0.88
1198,62.62,0.01,99.0,350.67,2.22,36.74,0.62,0.5
1199,51.37,0.01,99.0,376.38,7.8,24.49,0.7,0.39
1200,60.84,0.01,99.0,311.05,3.82,40.55,0.65,0.54
1201,63.04,0.01,99.0,467.93,3.04,43.11,0.35,0.73
1202,70.62,0.03,97.0,234.17,2.47,41.14,0.4,0.48
1203,66.79,0.01,99.0,291.67,2.38,36.92,0.38,0.46
1204,70.76,0.0,100.0,327.03,1.62,44.13,0.53,0.38
1205,45.23,0.02,98.0,420.28,10.12,17.66,0.59,0.35
1206,71.36,0.02,98.0,319.83,1.78,35.86,0.34,0.45
1207,66.36,0.01,99.0,414.03,1.8,36.89,0.42,0.49
1208,63.37,0.0,100.0,303.74,7.3,23.67,0.37,0.54
1209,66.08,0.0,100.0,401.2,3.14,26.57,0.38,0.34
1210,66.63,0.01,99.0,374.32,2.41,41.17,0.47,0.36
1211,67.07,0.01,99.0,297.54,2.28,42.99,0.59,0.74
1212,48.13,0.01,99.0,444.14,8.04,21.14,0.58,0.62
1213,57.33,0.0,100.0,424.92,3.87,39.04,0.6,0.48
1214,63.45,0.01,99.0,413.17,1.69,36.09,0.5,0.58
1215,57.32,0.02,98.0,452.86,5.27,29.89,0.43,0.62
1216,56.73,0.01,99.0,416.65,3.96,44.91,0.71,0.36
1217,68.5,0.02,98.0,280.34,2.49,39.85,0.31,0.38
1218,62.94,0.01,99.0,398.13,2.24,36.76,0.53,0.47
1219,66.07,0.01,99.0,440.68,1.87,42.72,0.44,0.53
1220,63.94,0.0,100.0,292.37,4.14,41.91,0.6,0.5
1221,54.2,0.02,98.0,471.13,4.86,37.74,0.47,0.4
1222,69.59,0.0,100.0,411.29,3.48,29.27,0.32,0.41
1223,70.27,0.03,97.0,281.11,1.9,39.24,0.32,0.38
1224,65.11,0.0,100.0,266.45,3.49,40.89,0.63,0.36
1225,59.67,0.01,99.0,368.04,2.08,44.48,0.72,0.4
1226,63.6,0.01,99.0,433.54,2.42,42.3,0.47,0.34
1227,55.32,0.02,98.0,497.52,5.37,26.47,0.49,0.35
1228,67.34,0.01,99.0,491.52,1.73,42.57,0.29,0.37
1229,60.47,0.0,100.0,423.21,4.33,35.09,0.51,0.33
1230,59.83,0.01,99.0,336.45,4.43,42.88,0.57,0.72
1231,75.65,0.01,99.0,330.12,2.13,36.0,0.33,0.51
1232,48.08,0.02,98.0,614.27,7.28,24.37,0.43,0.52
1233,49.25,0.03,97.0,536.59,5.48,30.75,0.5,0.4
1234,69.52,0.0,100.0,422.21,2.49,36.92,0.25,0.75
1235,62.2,0.04,96.0,179.26,2.62,40.53,0.65,0.41
1236,60.66,0.02,98.0,370.51,5.74,28.78,0.3,0.36
1237,54.09,0.0,100.0,506.5,5.95,23.54,0.49,0.38
1238,62.74,0.01,99.0,367.37,5.26,28.05,0.44,0.37
1239,73.23,0.0,100.0,317.12,1.27,38.11,0.49,0.38
1240,60.95,0.04,96.0,390.16,2.19,39.08,0.49,0.37
1241,61.82,0.02,98.0,437.1,2.01,40.94,0.42,0.36
1242,55.48,0.02,98.0,467.08,3.08,37.03,0.49,0.38
1243,65.31,0.0,100.0,441.34,2.48,37.21,0.44,0.64
1244,51.92,0.0,100.0,526.52,4.01,44.69,0.68,0.52
1245,52.32,0.01,99.0,481.5,7.64,33.02,0.39,0.58
1246,57.18,0.0,100.0,490.96,3.75,41.69,0.6,0.42
1247,71.38,0.01,99.0,289.9,3.27,34.43,0.32,0.65
1248,73.36,0.01,99.0,325.99,2.4,39.74,0.3,0.57
1249,55.78,0.0,100.0,451.87,4.37,37.11,0.66,0.74
1250,50.14,0.0,100.0,426.59,9.04,20.37,0.67,0.34
1251,59.41,0.03,97.0,366.38,2.29,43.08,0.63,0.42
1252,74.4,0.01,99.0,333.84,2.98,28.67,0.12,0.49
1253,50.75,0.03,97.0,467.0,4.01,40.25,0.7,0.38
1254,74.16,0.01,99.0,361.63,2.18,38.54,0.13,0.56
1255,63.77,0.0,100.0,400.15,5.76,28.9,0.29,0.62
1256,61.26,0.0,100.0,354.36,2.88,43.11,0.67,0.52
1257,61.84,0.01,99.0,250.59,7.36,24.73,0.4,0.51
1258,64.11,0.0,100.0,363.56,2.82,39.03,0.55,0.54
1259,61.15,0.03,97.0,392.62,2.43,39.89,0.57,0.43
1260,69.41,0.01,99.0,252.75,2.72,36.2,0.44,0.53
1261,72.12,0.0,100.0,380.48,2.68,43.77,0.33,0.53
1262,61.82,0.01,99.0,448.23,3.71,40.3,0.29,0.67
1263,59.07,0.01,99.0,492.66,2.28,41.26,0.59,0.55
1264,59.35,0.0,100.0,404.91,2.7,41.29,0.58,0.66
1265,66.65,0.0,100.0,287.97,3.26,41.09,0.6,0.8
1266,78.55,0.0,100.0,270.23,2.34,32.54,0.29,0.38
1267,57.4,0.01,99.0,435.55,4.13,36.86,0.58,0.34
1268,47.31,0.01,99.0,509.1,9.8,21.22,0.45,0.34
1269,79.92,0.0,100.0,273.18,1.87,40.11,0.25,0.63
1270,63.0,0.0,100.0,455.36,3.53,40.98,0.43,0.62
1271,63.99,0.01,99.0,295.33,2.08,37.78,0.69,0.41
1272,64.94,0.0,100.0,344.53,2.86,39.64,0.6,0.44
1273,69.35,0.01,99.0,457.84,1.79,41.7,0.25,0.34
1274,63.13,0.03,97.0,344.71,2.58,41.31,0.49,0.42
1275,55.87,0.0,100.0,508.7,4.08,41.54,0.6,0.41
1276,60.42,0.02,98.0,471.95,2.22,38.12,0.51,0.34
1277,63.73,0.01,99.0,325.17,2.29,38.24,0.57,0.45
1278,70.62,0.0,100.0,430.76,3.43,30.81,0.26,0.8
1279,52.74,0.03,97.0,533.36,4.04,41.01,0.49,0.78
1280,63.28,0.02,98.0,479.65,1.72,39.16,0.39,0.54
1281,62.3,0.01,99.0,496.1,3.13,34.96,0.44,0.39
1282,69.48,0.0,100.0,341.35,1.86,39.91,0.49,0.37
1283,63.7,0.01,99.0,306.57,7.36,24.17,0.32,0.42
1284,71.84,0.02,98.0,326.34,1.92,35.47,0.27,0.37
1285,64.1,0.01,99.0,524.59,2.01,39.0,0.36,0.38
1286,59.23,0.0,100.0,546.0,2.0,40.0,0.51,0.38
1287,60.54,0.02,98.0,640.96,2.37,36.79,0.25,0.44
1288,68.25,0.0,100.0,410.55,2.38,41.44,0.43,0.38
1289,58.78,0.02,98.0,555.32,3.46,31.07,0.36,0.34
1290,70.84,0.0,100.0,307.42,2.48,40.61,0.44,0.44
1291,56.61,0.01,99.0,547.79,2.91,43.67,0.53,0.39
1292,59.59,0.03,97.0,336.04,2.13,41.38,0.53,0.38
1293,51.13,0.0,100.0,507.93,8.79,23.73,0.43,0.37
1294,64.71,0.0,100.0,398.64,5.0,25.72,0.26,0.48
1295,56.46,0.01,99.0,526.55,3.17,44.14,0.52,0.44
1296,72.35,0.01,99.0,342.44,2.39,35.48,0.35,0.36
1297,54.19,0.02,98.0,480.17,2.57,40.99,0.72,0.34
1298,57.6,0.02,98.0,387.08,3.18,34.61,0.63,0.38
1299,61.58,0.02,98.0,503.23,2.07,38.81,0.29,0.42
1300,44.19,0.02,98.0,582.8,4.73,35.66,0.68,0.37
1301,57.97,0.01,99.0,434.53,2.85,39.91,0.67,0.37
1302,52.23,0.01,99.0,586.93,4.48,25.17,0.46,0.34
1303,52.8,0.03,97.0,524.51,3.23,46.15,0.57,0.4
1304,66.5,0.01,99.0,429.9,2.39,33.98,0.44,0.38
1305,58.09,0.02,98.0,375.5,3.31,37.37,0.55,0.36
1306,67.46,0.01,99.0,245.48,2.12,42.8,0.64,0.37
1307,61.3,0.0,100.0,276.31,6.8,27.44,0.5,0.37
1308,69.75,0.01,99.0,297.66,2.0,38.36,0.44,0.32
1309,58.06,0.01,99.0,475.52,3.98,43.46,0.51,0.37
1310,54.76,0.01,99.0,396.22,7.31,25.04,0.3,0.43
1311,70.74,0.0,100.0,333.65,1.9,36.5,0.44,0.4
1312,59.15,0.01,99.0,524.25,3.05,39.65,0.48,0.37
1313,62.32,0.0,100.0,519.7,3.1,34.21,0.49,0.45
1314,70.97,0.02,98.0,349.78,1.91,39.32,0.28,0.38
1315,49.5,0.01,99.0,483.91,8.08,19.88,0.49,0.35
1316,54.44,0.01,99.0,506.72,4.16,41.81,0.59,0.35
1317,69.1,0.01,99.0,359.74,1.76,35.84,0.5,0.34
1318,50.87,0.01,99.0,598.54,2.36,33.87,0.71,0.34
1319,63.9,0.0,100.0,472.53,3.38,31.84,0.42,0.34
1320,61.59,0.01,99.0,434.0,2.87,44.58,0.47,0.35
1321,51.85,0.03,97.0,481.52,4.08,33.26,0.65,0.34
1322,56.14,0.01,99.0,412.56,3.67,37.03,0.68,0.34
1323,55.99,0.0,100.0,458.86,5.28,33.43,0.59,0.33
1324,74.45,0.0,100.0,413.72,1.26,37.79,0.33,0.37
1325,61.98,0.02,98.0,409.53,2.51,38.63,0.52,0.36
1326,62.5,0.01,99.0,534.2,3.12,30.11,0.3,0.36
1327,64.68,0.0,100.0,375.83,2.2,41.33,0.64,0.36
1328,63.55,0.0,100.0,464.74,3.47,32.97,0.34,0.41
1329,65.5,0.02,98.0,336.11,2.28,36.6,0.59,0.38
1330,69.69,0.0,100.0,346.23,2.3,39.1,0.35,0.35
1331,64.14,0.02,98.0,424.11,1.52,42.07,0.48,0.42
1332,65.77,0.01,99.0,374.42,1.48,41.57,0.49,0.33
1333,62.06,0.02,98.0,226.41,3.86,37.03,0.66,0.38
1334,57.8,0.01,99.0,314.43,4.0,40.9,0.73,0.38
1335,53.22,0.02,98.0,515.62,4.11,41.48,0.55,0.33
1336,51.15,0.0,100.0,558.28,4.04,46.1,0.7,0.35
1337,80.26,0.0,100.0,216.64,1.48,36.95,0.35,0.37
1338,60.17,0.0,100.0,397.92,3.12,41.88,0.67,0.37
1339,55.75,0.03,97.0,302.6,4.08,42.54,0.73,0.41
1340,59.87,0.01,99.0,449.82,3.2,28.5,0.51,0.46
1341,60.36,0.0,100.0,376.04,2.28,43.68,0.74,0.47
1342,65.84,0.02,98.0,331.63,2.18,38.42,0.52,0.33
1343,51.23,0.01,99.0,549.73,6.14,25.55,0.5,0.31
1344,74.27,0.01,99.0,459.68,1.45,39.19,0.16,0.33
1345,49.42,0.01,99.0,576.16,4.28,41.76,0.58,0.34
1346,55.3,0.0,100.0,461.75,4.93,38.51,0.48,0.43
1347,63.65,0.01,99.0,417.17,2.97,34.48,0.37,0.37
1348,72.93,0.0,100.0,294.01,1.93,43.19,0.46,0.45
1349,69.36,0.02,98.0,351.47,1.42,40.43,0.44,0.4
1350,70.61,0.02,98.0,245.87,1.89,46.27,0.48,0.37
1351,55.41,0.0,100.0,509.78,4.79,26.28,0.53,0.35
1352,65.86,0.02,98.0,345.51,2.22,41.34,0.51,0.36
1353,61.35,0.0,100.0,411.1,3.12,39.47,0.58,0.4
1354,63.28,0.02,98.0,570.93,1.58,42.54,0.3,0.4
1355,68.9,0.0,100.0,520.18,1.98,41.72,0.16,0.36
1356,66.96,0.01,99.0,349.43,1.56,38.62,0.48,0.37
1357,68.96,0.0,100.0,228.86,2.83,38.73,0.61,0.4
1358,64.34,0.01,99.0,182.35,4.44,39.86,0.67,0.43
1359,58.44,0.01,99.0,422.24,6.61,26.85,0.37,0.35
1360,65.43,0.0,100.0,483.83,2.14,44.69,0.39,0.41
1361,59.19,0.02,98.0,395.07,4.39,40.36,0.47,0.38
1362,64.67,0.01,99.0,478.6,3.07,45.83,0.42,0.36
1363,62.65,0.01,99.0,440.28,2.88,37.07,0.5,0.39
1364,67.16,0.01,99.0,147.22,7.88,17.14,0.19,0.39
1365,59.52,0.0,100.0,491.43,3.69,26.51,0.48,0.37
1366,67.64,0.01,99.0,328.33,2.1,37.1,0.51,0.46
1367,69.74,0.0,100.0,252.11,2.22,36.93,0.63,0.37
1368,59.49,0.02,98.0,185.56,9.02,20.06,0.43,0.49
1369,62.88,0.01,99.0,360.62,3.4,25.94,0.51,0.4
1370,60.31,0.03,97.0,497.84,1.87,41.2,0.44,0.39
1371,57.66,0.01,99.0,495.08,4.11,28.9,0.52,0.44
1372,54.94,0.01,99.0,559.25,4.06,36.29,0.51,0.38
1373,69.17,0.0,100.0,457.26,2.07,39.27,0.32,0.41
1374,57.22,0.0,100.0,475.49,2.2,40.94,0.67,0.4
1375,67.23,0.0,100.0,375.51,3.6,38.57,0.4,0.37
1376,47.53,0.01,99.0,355.32,10.51,16.14,0.46,0.39
1377,66.3,0.03,97.0,207.7,5.13,28.93,0.4,0.44
1378,68.48,0.0,100.0,395.15,2.18,37.41,0.43,0.4
1379,57.72,0.04,96.0,456.86,2.24,38.9,0.4,0.34
1380,73.38,0.0,100.0,273.96,3.4,40.95,0.38,0.44
1381,59.84,0.0,100.0,455.83,2.05,44.1,0.66,0.43
1382,56.54,0.04,96.0,349.32,3.6,28.48,0.52,0.35
1383,63.14,0.0,100.0,419.28,2.28,37.63,0.51,0.35
1384,61.45,0.03,97.0,418.42,2.29,41.44,0.45,0.44
1385,55.99,0.01,99.0,460.15,4.32,39.53,0.51,0.35
1386,67.59,0.01,99.0,379.21,2.21,38.6,0.45,0.41
1387,50.22,0.02,98.0,615.21,3.33,42.49,0.6,0.37
1388,69.96,0.0,100.0,403.08,3.08,35.49,0.31,0.38
1389,67.97,0.01,99.0,401.84,2.05,42.68,0.44,0.43
1390,68.21,0.01,99.0,262.97,3.0,41.49,0.53,0.38
1391,52.12,0.02,98.0,501.82,3.31,35.7,0.62,0.4
1392,61.32,0.0,100.0,460.14,5.32,27.15,0.39,0.36
1393,54.26,0.0,100.0,576.81,3.5,37.62,0.59,0.36
1394,63.98,0.03,97.0,397.2,1.99,39.65,0.3,0.39
1395,65.32,0.0,100.0,424.4,2.4,41.36,0.45,0.38
1396,63.32,0.01,99.0,448.06,4.42,29.44,0.38,0.4
1397,68.08,0.02,98.0,308.29,4.15,34.15,0.3,0.38
1398,54.79,0.01,99.0,503.18,4.91,29.22,0.54,0.38
1399,61.98,0.0,100.0,461.37,3.12,38.12,0.52,0.43
1400,57.04,0.03,97.0,525.38,2.24,41.66,0.42,0.42
1401,60.63,0.01,99.0,443.69,4.38,38.37,0.49,0.39
1402,59.24,0.03,97.0,523.6,1.89,41.95,0.39,0.47
1403,66.13,0.01,99.0,521.95,2.88,37.27,0.28,0.39
1404,56.48,0.04,96.0,349.32,3.92,35.22,0.59,0.4
1405,66.78,0.01,99.0,260.12,3.6,37.48,0.57,0.41
1406,64.71,0.0,100.0,416.18,2.29,36.34,0.55,0.36
1407,63.3,0.0,100.0,203.54,4.64,37.26,0.63,0.38
1408,66.44,0.02,98.0,353.78,5.19,29.8,0.18,0.69
1409,44.41,0.0,100.0,611.52,9.84,26.18,0.42,0.61
1410,59.43,0.01,99.0,617.54,3.07,36.98,0.29,0.44
1411,52.16,0.02,98.0,562.23,6.07,28.64,0.42,0.49
1412,55.76,0.06,94.0,527.64,1.87,39.84,0.25,0.38
1413,49.9,0.02,98.0,463.94,8.09,23.43,0.42,0.43
1414,48.04,0.0,100.0,692.83,4.24,44.24,0.64,0.41
1415,61.16,0.0,100.0,545.22,3.73,37.75,0.4,0.46
1416,44.21,0.04,96.0,509.06,7.12,20.82,0.57,0.44
1417,64.06,0.02,98.0,554.49,2.26,44.94,0.24,0.46
1418,67.29,0.02,98.0,314.75,1.85,34.89,0.48,0.44
1419,62.58,0.0,100.0,443.81,2.4,44.54,0.59,0.47
1420,67.67,0.01,99.0,291.65,2.49,36.9,0.42,0.74
1421,48.65,0.03,97.0,491.15,4.25,45.97,0.63,0.53
1422,67.04,0.01,99.0,447.36,1.88,36.95,0.31,0.39
1423,52.33,0.01,99.0,529.33,7.8,27.81,0.4,0.43
1424,49.55,0.06,94.0,333.42,8.9,19.53,0.4,0.44
1425,59.87,0.0,100.0,412.14,2.54,39.56,0.7,0.4
1426,67.43,0.01,99.0,516.94,2.42,36.14,0.22,0.38
1427,67.03,0.02,98.0,397.1,2.69,32.89,0.33,0.46
1428,62.98,0.02,98.0,288.01,7.79,22.28,0.27,0.41
1429,57.72,0.01,99.0,600.09,3.46,32.22,0.37,0.4
1430,46.2,0.0,100.0,628.34,8.98,26.85,0.32,0.44
1431,65.03,0.0,100.0,460.64,1.85,38.81,0.54,0.36
1432,52.94,0.02,98.0,553.79,2.48,33.32,0.64,0.4
1433,50.81,0.0,100.0,511.13,6.92,20.11,0.6,0.38
1434,23.16,0.01,99.0,687.8,14.81,12.15,0.63,0.44
1435,71.87,0.0,100.0,358.8,3.04,35.96,0.38,0.38
1436,74.98,0.0,100.0,268.36,1.87,35.9,0.48,0.4
1437,67.19,0.03,97.0,503.53,1.69,37.84,0.16,0.41
1438,65.7,0.01,99.0,497.24,2.42,42.99,0.38,0.38
1439,45.96,0.02,98.0,465.0,7.35,25.34,0.58,0.36
1440,66.74,0.01,99.0,324.52,4.83,33.68,0.36,0.39
1441,73.19,0.0,100.0,248.36,2.71,36.94,0.45,0.36
1442,55.61,0.02,98.0,468.08,5.59,23.32,0.4,0.41
1443,61.46,0.01,99.0,344.34,2.89,36.22,0.63,0.38
1444,80.0,0.0,100.0,201.56,3.85,31.1,0.23,0.39
1445,58.93,0.01,99.0,491.12,3.05,42.0,0.55,0.43
1446,60.46,0.01,99.0,460.92,3.03,39.99,0.49,0.42
1447,71.14,0.0,100.0,273.33,2.18,36.23,0.54,0.41
1448,69.26,0.01,99.0,392.18,2.03,35.99,0.27,0.38
1449,61.9,0.0,100.0,503.17,2.22,39.03,0.54,0.43
1450,69.27,0.03,97.0,242.6,2.31,37.81,0.39,0.37
1451,63.88,0.01,99.0,315.43,4.71,37.96,0.45,0.43
1452,72.93,0.0,100.0,161.9,4.84,31.09,0.37,0.36
1453,68.78,0.02,98.0,303.88,5.3,23.96,0.17,0.37
1454,69.34,0.0,100.0,359.76,2.77,36.79,0.35,0.42
1455,57.98,0.01,99.0,438.04,4.58,36.27,0.47,0.39
1456,67.58,0.0,100.0,503.57,1.59,37.53,0.38,0.42
1457,49.61,0.01,99.0,659.36,2.43,36.14,0.69,0.5
1458,59.63,0.0,100.0,498.83,2.28,44.84,0.66,0.45
1459,72.79,0.01,99.0,383.28,2.67,37.12,0.27,0.5
1460,58.88,0.02,98.0,333.39,3.04,39.53,0.66,0.38
1461,67.12,0.05,95.0,158.48,2.18,33.88,0.58,0.37
1462,63.6,0.02,98.0,219.77,2.62,41.25,0.68,0.54
1463,69.3,0.01,99.0,322.6,1.51,42.05,0.5,0.59
1464,52.08,0.01,99.0,554.3,5.39,28.06,0.52,0.49
1465,55.22,0.01,99.0,517.38,2.06,44.01,0.61,0.62
1466,67.74,0.01,99.0,348.15,3.4,31.14,0.32,0.48
1467,54.27,0.01,99.0,416.83,7.83,25.34,0.23,0.52
1468,70.69,0.01,99.0,145.57,5.04,26.27,0.31,0.52
1469,67.38,0.01,99.0,414.94,3.37,32.87,0.37,0.6
1470,68.55,0.02,98.0,333.73,2.53,39.57,0.43,0.56
1471,54.03,0.0,100.0,401.18,7.52,20.76,0.51,0.65
1472,44.62,0.0,100.0,560.97,8.08,18.81,0.65,0.55
1473,51.04,0.01,99.0,561.95,2.93,42.33,0.68,0.52
1474,66.78,0.01,99.0,387.99,2.18,42.36,0.39,0.52
1475,71.68,0.01,99.0,274.1,3.53,34.03,0.46,0.56
1476,63.67,0.02,98.0,279.9,5.36,21.72,0.47,0.49
1477,66.38,0.02,98.0,282.45,4.25,38.6,0.47,0.58
1478,79.25,0.0,100.0,212.99,2.69,26.65,0.24,0.51
1479,66.84,0.02,98.0,331.68,3.73,30.4,0.24,0.41
1480,74.43,0.0,100.0,160.44,3.43,33.9,0.54,0.51
1481,68.82,0.0,100.0,296.81,3.34,36.91,0.38,0.42
1482,53.72,0.01,99.0,630.56,4.09,39.62,0.46,0.51
1483,62.45,0.02,98.0,240.03,2.39,39.11,0.7,0.45
1484,49.02,0.08,92.0,234.95,9.94,15.19,0.36,0.48
1485,56.87,0.01,99.0,626.86,2.73,36.61,0.44,0.49
1486,63.15,0.0,100.0,585.59,1.69,39.58,0.43,0.45
1487,60.29,0.03,97.0,351.05,2.66,34.03,0.45,0.49
1488,63.73,0.01,99.0,398.61,1.95,39.35,0.59,0.49
1489,56.49,0.05,95.0,496.49,3.73,32.38,0.44,0.38
1490,75.56,0.02,98.0,301.74,1.53,38.34,0.13,0.43
1491,56.29,0.02,98.0,628.43,2.55,41.36,0.44,0.51
1492,69.79,0.0,100.0,393.57,2.25,35.23,0.33,0.46
1493,27.68,0.17,83.0,469.34,10.12,18.32,0.28,0.49
1494,48.22,0.09,91.0,418.26,7.18,23.16,0.09,0.52
1495,69.01,0.0,100.0,344.3,2.92,37.99,0.44,0.4
1496,52.81,0.01,99.0,632.36,3.13,39.35,0.51,0.43
1497,61.62,0.01,99.0,364.51,2.52,31.32,0.67,0.42
1498,75.99,0.01,99.0,236.17,2.21,43.05,0.28,0.52
1499,62.97,0.01,99.0,413.43,3.91,32.23,0.3,0.47
1500,79.72,0.02,98.0,157.55,1.8,38.02,0.43,0.47
1501,70.57,0.02,98.0,242.32,4.85,30.37,0.3,0.48
1502,68.26,0.0,100.0,277.67,3.09,35.11,0.55,0.66
1503,68.07,0.05,95.0,193.43,5.01,25.59,0.25,0.61
1504,55.68,0.03,97.0,466.37,3.8,29.87,0.45,0.75
1505,63.94,0.01,99.0,308.42,1.87,40.46,0.67,0.39
1506,43.29,0.06,94.0,326.03,10.13,23.02,0.37,0.69
1507,63.9,0.02,98.0,211.79,2.78,34.87,0.61,0.66
1508,74.43,0.02,98.0,245.09,2.34,33.99,0.31,0.46
1509,51.56,0.04,96.0,341.34,9.64,13.09,0.35,0.48
1510,64.18,0.03,97.0,317.6,1.75,40.09,0.56,0.45
1511,70.2,0.0,100.0,184.0,3.02,40.7,0.57,0.43
1512,64.07,0.04,96.0,469.56,1.94,37.53,0.24,0.73
1513,64.39,0.03,97.0,141.54,4.08,36.64,0.57,0.45
1514,66.85,0.0,100.0,347.83,2.6,37.82,0.44,0.45
1515,58.72,0.07,93.0,216.17,3.16,31.04,0.58,0.41
1516,47.8,0.08,92.0,163.63,7.72,17.1,0.64,0.4
1517,74.35,0.01,99.0,328.12,1.71,34.92,0.31,0.63
1518,42.71,0.01,99.0,628.12,8.4,22.11,0.49,0.77
1519,66.44,0.0,100.0,238.82,2.46,36.43,0.64,0.62
1520,47.9,0.1,90.0,242.08,6.25,13.68,0.52,0.61
1521,75.1,0.08,92.0,122.84,1.0,23.7,0.17,0.44
1522,58.96,0.01,99.0,340.82,6.45,21.47,0.52,0.41
1523,79.73,0.0,100.0,160.85,2.59,36.45,0.44,0.49
1524,62.19,0.0,100.0,282.73,4.48,33.69,0.7,0.45
1525,63.96,0.07,93.0,188.9,3.53,33.62,0.47,0.45
1526,50.15,0.05,95.0,256.61,10.88,9.8,0.47,0.44
1527,73.19,0.02,98.0,191.16,3.91,29.83,0.3,0.41
1528,41.8,0.14,86.0,364.09,6.22,25.22,0.35,0.46
1529,48.18,0.11,89.0,260.48,6.89,12.83,0.48,0.64
1530,70.4,0.01,99.0,207.01,2.26,43.74,0.54,0.47
1531,59.72,0.0,100.0,576.2,2.34,41.61,0.45,0.37
1532,75.58,0.0,100.0,221.13,3.06,38.19,0.37,0.49
1533,70.84,0.01,99.0,163.09,2.31,42.32,0.61,0.45
1534,53.71,0.02,98.0,400.28,4.92,45.79,0.64,0.48
1535,62.34,0.04,96.0,241.35,2.38,40.64,0.61,0.54
1536,62.72,0.02,98.0,275.22,7.23,22.2,0.31,0.61
1537,63.85,0.03,97.0,282.76,3.15,39.24,0.54,0.54
1538,65.85,0.02,98.0,345.21,2.55,41.56,0.56,0.35
1539,70.35,0.0,100.0,157.27,3.73,35.0,0.59,0.35
1540,58.55,0.0,100.0,337.5,5.98,23.63,0.58,0.36
1541,74.69,0.01,99.0,335.92,1.76,38.96,0.14,0.35
1542,74.72,0.01,99.0,185.66,5.27,22.67,0.23,0.52
1543,62.4,0.03,97.0,272.56,5.55,30.8,0.39,0.72
1544,62.15,0.03,97.0,312.75,2.87,32.79,0.6,0.59
1545,67.58,0.02,98.0,181.42,4.01,35.85,0.4,0.55
1546,59.5,0.0,100.0,580.13,4.84,31.81,0.27,0.46
1547,66.73,0.03,97.0,436.92,1.29,39.2,0.35,0.42
1548,67.95,0.02,98.0,386.79,1.79,43.1,0.29,0.6
1549,65.77,0.0,100.0,181.58,4.3,36.73,0.67,0.38
1550,64.24,0.0,100.0,352.56,2.1,38.56,0.63,0.6
1551,57.64,0.02,98.0,598.13,2.48,40.22,0.42,0.49
1552,66.74,0.01,99.0,217.47,6.21,22.49,0.55,0.68
1553,33.04,0.15,85.0,274.31,9.83,11.77,0.49,0.57
1554,57.41,0.02,98.0,561.36,5.29,32.35,0.14,0.58
1555,58.8,0.01,99.0,634.84,2.01,41.0,0.5,0.63
1556,61.99,0.01,99.0,428.81,3.17,42.81,0.47,0.52
1557,76.25,0.01,99.0,268.61,2.56,38.6,0.29,0.37
1558,62.79,0.01,99.0,520.03,2.94,32.28,0.37,0.37
1559,62.0,0.06,94.0,370.42,4.25,32.65,0.11,0.5
1560,61.3,0.04,96.0,318.17,4.19,35.32,0.43,0.41
1561,66.56,0.03,97.0,105.58,8.85,14.68,0.25,0.49
1562,59.37,0.01,99.0,626.12,2.67,34.56,0.3,0.37
1563,63.87,0.03,97.0,334.49,2.8,35.62,0.39,0.34
1564,54.66,0.02,98.0,539.15,4.96,36.11,0.33,0.4
1565,35.6,0.11,89.0,453.24,9.66,23.74,0.41,0.39
1566,44.36,0.04,96.0,656.83,3.86,36.91,0.59,0.43
1567,48.23,0.05,95.0,464.07,9.09,24.08,0.24,0.41
1568,60.57,0.06,94.0,231.92,5.39,21.41,0.37,0.43
1569,59.87,0.07,93.0,333.25,2.93,35.19,0.39,0.43
1570,45.48,0.11,89.0,260.63,8.34,21.11,0.46,0.42
1571,68.78,0.02,98.0,305.82,4.94,30.19,0.18,0.45
1572,68.44,0.01,99.0,327.47,1.89,37.26,0.53,0.46
1573,64.56,0.04,96.0,202.24,7.08,20.63,0.29,0.41
1574,47.86,0.03,97.0,431.54,5.73,34.62,0.64,0.5
1575,58.67,0.01,99.0,478.83,3.82,38.5,0.47,0.62
1576,64.66,0.0,100.0,427.59,2.42,38.29,0.54,0.52
1577,68.69,0.0,100.0,172.77,2.21,44.64,0.7,0.36
1578,65.54,0.04,96.0,317.41,2.74,36.72,0.43,0.37
1579,62.95,0.0,100.0,143.02,8.96,19.53,0.62,0.42
1580,66.03,0.02,98.0,429.89,2.16,40.86,0.28,0.41
1581,58.0,0.02,98.0,395.99,4.69,35.06,0.38,0.38
1582,66.08,0.01,99.0,202.89,2.9,38.25,0.67,0.41
1583,58.59,0.02,98.0,314.68,3.98,33.39,0.6,0.45
1584,60.42,0.02,98.0,337.09,2.33,39.27,0.48,0.53
1585,54.4,0.04,96.0,328.68,7.67,27.74,0.44,0.44
1586,72.22,0.02,98.0,269.41,4.29,20.81,0.16,0.54
1587,71.41,0.03,97.0,122.39,5.22,19.01,0.21,0.58
1588,48.77,0.09,91.0,501.07,4.32,39.55,0.22,0.52
1589,49.5,0.02,98.0,529.09,4.82,35.95,0.62,0.55
1590,69.31,0.04,96.0,257.44,3.59,26.72,0.21,0.44
1591,59.93,0.01,99.0,379.82,3.27,39.14,0.59,0.53
1592,64.02,0.01,99.0,498.29,3.35,29.7,0.36,0.49
1593,68.09,0.01,99.0,389.86,3.86,31.4,0.32,0.66
1594,71.38,0.02,98.0,183.65,3.5,31.65,0.38,0.4
1595,66.28,0.0,100.0,281.28,2.69,40.52,0.59,0.5
1596,51.32,0.04,96.0,194.55,8.97,17.3,0.67,0.49
1597,62.47,0.01,99.0,340.35,3.63,38.41,0.56,0.43
1598,66.88,0.0,100.0,412.67,2.0,40.03,0.5,0.67
1599,62.02,0.05,95.0,238.62,4.66,31.53,0.4,0.6
1600,44.88,0.05,95.0,355.65,11.15,13.94,0.41,0.67
1601,76.18,0.01,99.0,240.07,2.88,24.18,0.23,0.5
1602,57.87,0.02,98.0,403.79,5.0,34.46,0.56,0.48
1603,67.81,0.01,99.0,366.52,1.74,35.06,0.43,0.43
1604,28.58,0.09,91.0,538.72,12.7,17.25,0.4,0.72
1605,48.49,0.07,93.0,260.49,9.17,20.03,0.45,0.48
1606,57.61,0.03,97.0,429.15,6.03,21.75,0.29,0.51
1607,57.05,0.1,90.0,287.47,1.92,27.82,0.41,0.58
1608,55.07,0.03,97.0,367.27,7.64,23.93,0.41,0.53
1609,66.55,0.01,99.0,379.55,2.17,39.93,0.45,0.36
1610,69.65,0.03,97.0,230.3,2.24,28.23,0.43,0.53
1611,53.41,0.04,96.0,496.99,5.89,31.16,0.33,0.44
1612,48.55,0.1,90.0,353.43,4.85,17.96,0.45,0.51
1613,49.18,0.09,91.0,352.8,5.58,32.56,0.21,0.4
1614,46.91,0.03,97.0,569.34,6.16,27.79,0.41,0.5
1615,42.96,0.05,95.0,508.99,9.56,26.74,0.45,0.44
1616,62.59,0.05,95.0,362.2,2.88,32.51,0.29,0.45
1617,48.06,0.09,91.0,155.56,9.59,17.83,0.46,0.5
1618,77.16,0.0,100.0,225.72,4.78,28.11,0.15,0.46
1619,52.5,0.07,93.0,306.1,9.56,14.69,0.3,0.53
1620,56.71,0.06,94.0,207.77,6.54,22.99,0.43,0.41
1621,53.36,0.03,97.0,465.81,3.7,38.68,0.63,0.55
1622,52.39,0.08,92.0,290.51,8.99,22.08,0.34,0.43
1623,44.03,0.14,86.0,202.99,6.7,10.08,0.44,0.59
1624,69.27,0.03,97.0,184.7,3.25,24.31,0.27,0.5
1625,61.32,0.05,95.0,324.54,4.84,21.48,0.14,0.64
1626,48.9,0.11,89.0,423.48,4.61,24.88,0.24,0.57
1627,52.1,0.03,97.0,385.32,4.41,41.58,0.72,0.58
1628,65.18,0.03,97.0,309.14,2.08,23.32,0.56,0.64
1629,54.61,0.09,91.0,184.63,4.65,16.48,0.42,0.7
1630,79.24,0.0,100.0,186.52,3.66,27.22,0.26,0.51
1631,39.49,0.12,88.0,289.12,7.31,22.01,0.44,0.79
1632,60.15,0.04,96.0,227.67,7.2,22.42,0.3,0.58
1633,54.7,0.05,95.0,302.62,9.26,19.32,0.3,0.85
1634,56.79,0.0,100.0,556.02,2.72,32.89,0.6,0.5
1635,49.47,0.01,99.0,385.51,10.26,18.03,0.57,0.74
1636,65.02,0.01,99.0,355.52,3.25,34.67,0.52,0.4
1637,43.27,0.06,94.0,243.47,12.04,10.05,0.52,0.44
1638,31.22,0.11,89.0,346.28,14.02,9.51,0.46,0.42
1639,50.92,0.1,90.0,176.3,6.58,12.75,0.47,0.61
1640,65.5,0.01,99.0,369.78,2.06,34.61,0.5,0.41
1641,33.3,0.15,85.0,365.17,11.21,13.16,0.29,0.62
1642,49.55,0.06,94.0,261.77,10.18,15.59,0.38,0.83
1643,47.6,0.12,88.0,150.96,7.46,8.66,0.5,0.69
1644,51.57,0.06,94.0,322.59,6.1,26.89,0.49,0.75
1645,71.46,0.0,100.0,317.5,2.73,21.57,0.35,0.7
1646,76.19,0.01,99.0,199.29,1.89,33.65,0.35,0.44
1647,59.08,0.01,99.0,393.55,4.69,35.52,0.61,0.6
1648,67.6,0.02,98.0,410.61,2.79,31.53,0.25,0.45
1649,56.09,0.08,92.0,125.73,8.09,20.47,0.31,0.67
1650,52.3,0.11,89.0,196.28,6.62,18.84,0.35,0.61
1651,53.87,0.07,93.0,218.29,8.19,23.2,0.22,0.48
1652,51.25,0.1,90.0,200.01,6.01,31.48,0.56,0.46
1653,53.6,0.03,97.0,388.97,7.88,18.31,0.45,0.55
1654,67.96,0.03,97.0,264.54,3.05,37.86,0.43,0.46
1655,63.02,0.03,97.0,423.65,2.09,45.42,0.4,0.67
1656,66.49,0.05,95.0,183.06,3.09,28.31,0.55,0.59
1657,45.86,0.1,90.0,198.38,8.72,18.74,0.49,0.77
1658,62.88,0.05,95.0,214.9,5.47,23.01,0.43,0.58
1659,72.16,0.05,95.0,191.83,3.66,29.68,0.18,0.48
1660,55.13,0.07,93.0,313.15,5.59,17.16,0.36,0.5
1661,67.71,0.01,99.0,293.76,1.92,41.82,0.54,0.58
1662,59.92,0.03,97.0,405.18,4.32,31.59,0.28,0.48
1663,61.2,0.05,95.0,103.89,7.15,25.28,0.33,0.62
1664,65.14,0.05,95.0,238.57,3.14,36.85,0.39,0.47
1665,59.17,0.04,96.0,174.05,7.08,29.8,0.41,0.6
1666,65.75,0.0,100.0,353.76,3.0,33.44,0.59,0.5
1667,58.19,0.01,99.0,530.3,4.78,31.16,0.3,0.6
1668,42.04,0.09,91.0,295.82,8.95,24.39,0.52,0.47
1669,51.43,0.05,95.0,465.43,4.59,38.78,0.56,0.47
1670,62.24,0.04,96.0,360.62,1.89,34.69,0.52,0.46
1671,60.35,0.0,100.0,495.94,4.82,30.7,0.46,0.65
1672,64.67,0.04,96.0,308.6,2.69,28.91,0.2,0.56
1673,48.69,0.07,93.0,386.05,7.0,26.0,0.34,0.46
1674,52.11,0.05,95.0,278.86,8.99,19.84,0.5,0.42
1675,58.54,0.04,96.0,335.99,3.97,23.04,0.52,0.53
1676,58.02,0.02,98.0,336.3,4.56,28.49,0.64,0.48
1677,73.04,0.03,97.0,146.69,4.03,31.35,0.25,0.7
1678,38.15,0.14,86.0,159.71,11.09,11.86,0.44,0.53
1679,67.22,0.01,99.0,247.97,3.95,36.46,0.5,0.38
1680,57.69,0.05,95.0,271.3,3.32,35.11,0.49,0.41
1681,71.28,0.03,97.0,185.08,2.5,25.63,0.46,0.51
1682,66.11,0.04,96.0,222.22,3.44,26.79,0.49,0.64
1683,50.53,0.03,97.0,450.15,6.31,24.16,0.47,0.49
1684,74.52,0.0,100.0,189.44,3.12,36.37,0.49,0.42
1685,47.35,0.07,93.0,218.97,9.67,18.32,0.36,0.46
1686,56.36,0.01,99.0,334.28,4.12,41.99,0.74,0.39
1687,66.78,0.02,98.0,412.71,2.57,32.43,0.32,0.5
1688,58.05,0.05,95.0,585.19,2.5,32.95,0.32,0.69
1689,40.76,0.08,92.0,352.14,10.6,12.63,0.33,0.65
1690,60.3,0.01,99.0,399.31,4.73,36.74,0.44,0.45
1691,49.73,0.09,91.0,443.81,3.75,29.05,0.43,0.38
1692,32.45,0.07,93.0,375.92,13.08,11.83,0.58,0.6
1693,61.85,0.05,95.0,152.57,3.83,33.39,0.62,0.65
1694,69.58,0.0,100.0,431.0,2.32,40.27,0.32,0.56
1695,66.57,0.01,99.0,386.23,3.41,44.19,0.37,0.47
1696,69.16,0.02,98.0,334.26,1.85,39.41,0.35,0.53
1697,54.52,0.01,99.0,516.84,4.81,30.22,0.57,0.54
1698,60.04,0.03,97.0,464.99,4.37,31.11,0.38,0.46
1699,67.18,0.01,99.0,168.05,2.67,41.72,0.64,0.45
1700,59.23,0.0,100.0,545.95,3.27,36.78,0.49,0.48
1701,41.33,0.02,98.0,404.52,12.98,14.0,0.35,0.4
1702,79.83,0.0,100.0,145.57,1.88,31.1,0.34,0.53
1703,56.29,0.12,88.0,292.7,1.37,23.83,0.33,0.56
1704,60.03,0.08,92.0,262.89,3.07,35.34,0.37,0.71
1705,61.35,0.02,98.0,388.55,2.98,39.87,0.52,0.51
1706,54.2,0.02,98.0,249.76,8.08,21.68,0.65,0.4
1707,55.16,0.0,100.0,443.61,4.9,39.47,0.63,0.36
1708,69.58,0.0,100.0,280.26,3.19,37.0,0.51,0.66
1709,65.39,0.05,95.0,236.67,1.99,34.34,0.58,0.51
1710,55.02,0.02,98.0,287.76,9.22,26.7,0.47,0.46
1711,74.0,0.01,99.0,166.4,4.91,28.74,0.25,0.43
1712,63.2,0.01,99.0,394.61,2.73,40.92,0.55,0.47
1713,76.68,0.02,98.0,276.37,1.31,34.08,0.28,0.51
1714,79.48,0.0,100.0,180.02,2.15,35.05,0.42,0.56
1715,33.17,0.05,95.0,403.15,15.92,6.07,0.53,0.64
1716,51.23,0.05,95.0,342.12,8.03,26.54,0.45,0.72
1717,53.79,0.04,96.0,393.35,6.78,31.26,0.49,0.72
1718,62.56,0.0,100.0,572.97,1.93,40.48,0.31,0.41
1719,54.87,0.03,97.0,445.75,3.11,38.07,0.6,0.38
1720,30.34,0.11,89.0,406.97,14.25,9.87,0.41,0.7
1721,76.62,0.01,99.0,149.65,2.91,25.48,0.43,0.51
1722,42.84,0.07,93.0,485.02,7.42,19.95,0.49,0.39
1723,53.65,0.01,99.0,478.82,7.69,18.57,0.32,0.4
1724,65.84,0.03,97.0,203.56,6.38,20.33,0.27,0.63
1725,64.72,0.01,99.0,525.94,1.73,38.67,0.37,0.45
1726,69.44,0.01,99.0,427.83,2.93,37.88,0.3,0.38
1727,60.43,0.01,99.0,559.88,2.49,40.79,0.21,0.46
1728,62.15,0.03,97.0,574.74,3.52,36.36,0.15,0.63
1729,39.66,0.11,89.0,197.99,11.93,10.44,0.43,0.54
1730,58.88,0.03,97.0,477.4,3.28,39.41,0.29,0.5
1731,56.25,0.0,100.0,644.47,2.95,41.29,0.44,0.45
1732,74.7,0.02,98.0,202.41,2.04,24.18,0.35,0.47
1733,68.81,0.03,97.0,317.06,1.66,31.74,0.33,0.48
1734,45.38,0.03,97.0,601.01,9.22,24.65,0.32,0.42
1735,59.44,0.01,99.0,586.67,5.88,27.65,0.17,0.41
1736,49.62,0.01,99.0,493.02,8.02,23.33,0.49,0.48
1737,67.65,0.01,99.0,194.1,3.75,33.71,0.64,0.45
1738,75.2,0.01,99.0,152.96,1.74,33.35,0.56,0.42
1739,61.57,0.0,100.0,600.65,3.15,40.49,0.35,0.37
1740,52.7,0.04,96.0,593.69,2.56,43.31,0.43,0.37
1741,47.99,0.1,90.0,263.0,7.92,13.37,0.34,0.4
1742,23.83,0.17,83.0,267.03,15.23,6.66,0.37,0.42
1743,74.56,0.01,99.0,257.27,1.48,36.32,0.41,0.52
1744,72.1,0.02,98.0,226.26,2.85,38.88,0.38,0.42
1745,72.58,0.01,99.0,247.85,2.61,36.03,0.45,0.57
1746,59.03,0.0,100.0,495.44,3.8,30.63,0.48,0.43
1747,65.56,0.05,95.0,287.23,4.47,25.2,0.16,0.58
1748,60.22,0.01,99.0,446.1,3.04,40.0,0.54,0.54
1749,53.85,0.02,98.0,483.08,5.12,27.67,0.46,0.47
1750,49.18,0.05,95.0,325.65,9.04,21.37,0.47,0.6
1751,54.54,0.02,98.0,466.46,4.25,39.23,0.62,0.54
1752,62.5,0.0,100.0,324.48,3.26,34.67,0.68,0.53
1753,45.0,0.08,92.0,115.01,12.49,7.87,0.5,0.69
1754,61.88,0.01,99.0,321.65,2.95,43.42,0.67,0.49
1755,57.23,0.01,99.0,395.98,3.0,40.83,0.66,0.68
1756,57.1,0.02,98.0,474.25,2.49,44.71,0.55,0.62
1757,68.57,0.01,99.0,389.83,1.67,43.19,0.41,0.39
1758,70.4,0.02,98.0,224.85,4.52,26.78,0.31,0.49
1759,59.4,0.0,100.0,411.89,3.02,36.33,0.61,0.59
1760,66.22,0.0,100.0,453.93,2.26,37.1,0.47,0.54
1761,70.22,0.01,99.0,207.52,2.1,34.45,0.59,0.5
1762,41.39,0.08,92.0,200.0,13.36,6.7,0.46,0.74
1763,61.77,0.02,98.0,374.6,2.3,36.1,0.56,0.57
1764,59.63,0.0,100.0,513.77,2.24,39.87,0.45,0.46
1765,67.75,0.0,100.0,420.27,2.2,44.93,0.45,0.38
1766,54.78,0.01,99.0,379.32,9.29,15.7,0.43,0.55
1767,74.2,0.03,97.0,258.23,1.47,41.24,0.4,0.52
1768,69.6,0.03,97.0,297.08,3.47,31.85,0.15,0.5
1769,56.36,0.02,98.0,493.05,3.98,40.95,0.51,0.4
1770,52.76,0.04,96.0,383.69,5.26,32.95,0.65,0.49
1771,58.59,0.02,98.0,344.91,7.46,16.97,0.36,0.46
1772,71.09,0.0,100.0,212.98,4.35,40.0,0.52,0.57
1773,74.46,0.0,100.0,404.89,2.44,41.09,0.23,0.53
1774,57.82,0.0,100.0,345.06,5.5,37.24,0.6,0.66
1775,62.71,0.02,98.0,471.3,3.05,37.67,0.34,0.57
1776,66.77,0.0,100.0,276.04,3.37,42.41,0.54,0.61
1777,60.08,0.02,98.0,336.43,2.71,38.19,0.57,0.61
1778,61.82,0.02,98.0,417.01,2.49,44.75,0.46,0.43
1779,68.84,0.02,98.0,391.0,1.47,37.4,0.31,0.51
1780,41.67,0.12,88.0,283.04,11.53,15.2,0.29,0.57
1781,61.47,0.02,98.0,293.23,3.16,35.38,0.63,0.51
1782,54.13,0.02,98.0,431.66,5.83,28.73,0.53,0.73
1783,73.9,0.01,99.0,281.66,1.58,36.94,0.33,0.38
1784,78.4,0.0,100.0,144.91,3.42,36.88,0.32,0.38
1785,49.67,0.06,94.0,275.03,8.51,17.15,0.45,0.41
1786,64.31,0.02,98.0,186.34,3.02,36.6,0.65,0.4
1787,66.03,0.03,97.0,260.8,3.06,26.51,0.55,0.38
1788,73.5,0.0,100.0,276.45,2.02,32.58,0.42,0.39
1789,63.47,0.01,99.0,371.5,2.64,41.27,0.61,0.36
1790,73.75,0.0,100.0,154.44,2.26,35.89,0.62,0.38
1791,67.2,0.02,98.0,153.38,4.05,30.27,0.48,0.41
1792,62.44,0.02,98.0,345.0,4.05,25.5,0.47,0.44
1793,56.9,0.0,100.0,396.11,4.6,41.96,0.61,0.35
1794,66.44,0.05,95.0,362.53,3.15,36.91,0.2,0.36
1795,55.44,0.07,93.0,340.46,5.32,30.25,0.28,0.39
1796,32.31,0.1,90.0,253.85,14.8,13.01,0.51,0.43
1797,55.62,0.05,95.0,236.22,8.06,17.97,0.35,0.4
1798,60.7,0.03,97.0,415.64,5.21,26.99,0.41,0.39
1799,27.7,0.01,99.0,535.02,15.19,10.63,0.7,0.4
1800,54.71,0.02,98.0,523.3,4.29,37.97,0.21,0.37
1801,74.59,0.01,99.0,150.72,2.46,35.92,0.46,0.34
1802,70.34,0.0,100.0,280.49,2.39,35.53,0.44,0.36
1803,73.39,0.01,99.0,154.45,5.19,20.06,0.28,0.39
1804,68.59,0.0,100.0,345.15,4.2,32.26,0.46,0.37
1805,71.47,0.0,100.0,294.57,1.7,36.0,0.48,0.36
1806,58.8,0.03,97.0,303.32,7.56,21.51,0.13,0.39
1807,44.74,0.06,94.0,479.63,4.81,26.64,0.47,0.43
1808,41.65,0.04,96.0,432.71,8.92,16.85,0.66,0.43
1809,62.78,0.0,100.0,334.63,2.42,40.95,0.7,0.36
1810,67.1,0.02,98.0,401.74,3.11,31.92,0.3,0.34
1811,70.45,0.0,100.0,256.62,5.17,28.07,0.33,0.4
1812,59.68,0.02,98.0,501.97,1.9,34.04,0.55,0.45
1813,59.94,0.04,96.0,503.55,1.69,44.24,0.45,0.37
1814,67.86,0.01,99.0,283.16,3.06,38.52,0.49,0.36
1815,67.58,0.02,98.0,212.83,2.53,40.93,0.65,0.4
1816,69.77,0.01,99.0,230.19,2.14,37.89,0.51,0.41
1817,63.21,0.0,100.0,351.16,2.56,41.41,0.66,0.34
1818,82.22,0.01,99.0,199.18,1.52,41.03,0.31,0.45
1819,71.79,0.0,100.0,226.33,3.68,26.89,0.33,0.42
1820,75.71,0.01,99.0,204.28,2.14,37.48,0.39,0.35
1821,61.62,0.01,99.0,307.69,2.29,43.87,0.7,0.45
1822,48.8,0.04,96.0,259.94,11.33,10.94,0.4,0.38
1823,69.79,0.0,100.0,322.74,2.66,32.56,0.37,0.38
1824,59.65,0.01,99.0,502.87,1.95,36.9,0.57,0.56
1825,59.35,0.01,99.0,262.86,5.78,38.27,0.6,0.64
1826,59.12,0.0,100.0,524.77,2.95,38.67,0.48,0.43
1827,55.09,0.05,95.0,375.7,5.14,30.66,0.54,0.47
1828,72.56,0.02,98.0,296.81,3.49,21.74,0.26,0.4
1829,69.94,0.01,99.0,266.61,2.53,37.1,0.46,0.4
1830,54.18,0.01,99.0,540.71,2.77,39.98,0.66,0.35
1831,74.73,0.0,100.0,315.3,2.55,36.4,0.28,0.44
1832,74.74,0.03,97.0,209.49,2.83,24.41,0.23,0.4
1833,73.14,0.01,99.0,314.97,1.48,43.69,0.37,0.65
1834,31.69,0.14,86.0,334.16,12.44,10.49,0.38,0.53
1835,57.32,0.03,97.0,384.29,2.55,38.82,0.63,0.43
1836,65.99,0.05,95.0,277.29,2.55,34.15,0.39,0.36
1837,71.67,0.0,100.0,232.29,2.96,39.96,0.56,0.78
1838,62.41,0.0,100.0,499.29,1.71,38.24,0.48,0.81
1839,53.54,0.02,98.0,567.06,4.97,32.14,0.45,0.82
1840,64.95,0.01,99.0,372.98,2.47,32.67,0.48,0.39
1841,57.19,0.01,99.0,512.16,2.55,37.47,0.61,0.34
1842,59.83,0.0,100.0,590.67,2.98,44.91,0.28,0.37
1843,68.3,0.01,99.0,254.65,2.91,27.93,0.53,0.4
1844,64.05,0.01,99.0,262.16,2.61,40.36,0.68,0.48
1845,52.3,0.0,100.0,591.09,2.06,34.22,0.74,0.43
1846,59.36,0.02,98.0,538.03,1.83,33.1,0.38,0.64
1847,65.74,0.02,98.0,428.11,1.74,36.08,0.43,0.58
1848,59.35,0.0,100.0,467.84,5.76,22.46,0.41,0.63
1849,55.19,0.03,97.0,559.77,2.12,36.89,0.47,0.44
1850,61.63,0.04,96.0,501.27,1.61,46.0,0.36,0.57
1851,57.55,0.02,98.0,255.53,4.37,46.15,0.72,0.51
1852,68.1,0.0,100.0,379.39,1.65,41.7,0.5,0.38
1853,64.9,0.02,98.0,432.61,3.07,29.4,0.27,0.57
1854,63.33,0.0,100.0,325.48,2.24,40.9,0.7,0.49
1855,63.38,0.02,98.0,294.47,7.54,18.24,0.18,0.57
1856,69.85,0.0,100.0,300.15,1.84,29.27,0.44,0.36
1857,57.84,0.01,99.0,491.32,3.16,34.92,0.54,0.41
1858,60.83,0.0,100.0,524.68,3.59,32.76,0.38,0.4
1859,59.87,0.01,99.0,501.55,2.99,30.79,0.4,0.42
1860,60.71,0.01,99.0,435.42,4.0,38.37,0.51,0.68
1861,49.69,0.12,88.0,246.51,6.27,19.23,0.33,0.69
1862,74.81,0.01,99.0,207.28,2.61,27.3,0.37,0.61
1863,70.52,0.01,99.0,162.94,2.63,37.86,0.58,0.36
1864,68.0,0.0,100.0,450.59,1.88,43.72,0.36,0.4
1865,56.35,0.0,100.0,541.78,5.4,31.71,0.49,0.53
1866,56.78,0.01,99.0,456.5,3.88,39.83,0.64,0.58
1867,47.17,0.01,99.0,512.6,6.59,28.38,0.44,0.39
1868,40.76,0.12,88.0,285.96,9.35,22.01,0.34,0.67
1869,62.82,0.0,100.0,453.48,1.97,39.74,0.59,0.47
1870,61.54,0.01,99.0,407.6,3.39,26.92,0.48,0.59
1871,62.91,0.07,93.0,184.87,5.29,15.58,0.32,0.6
1872,45.19,0.09,91.0,358.74,5.4,28.37,0.61,0.5
1873,35.4,0.1,90.0,222.1,14.27,7.4,0.43,0.61
1874,53.82,0.02,98.0,458.19,2.5,38.04,0.71,0.46
1875,70.95,0.01,99.0,295.16,3.19,37.31,0.32,0.54
1876,41.55,0.11,89.0,376.52,5.51,37.17,0.53,0.67
1877,55.67,0.02,98.0,442.14,3.6,31.98,0.56,0.54
1878,54.67,0.0,100.0,402.92,5.33,37.19,0.59,0.54
1879,69.43,0.03,97.0,265.96,3.98,30.77,0.2,0.43
1880,74.17,0.02,98.0,206.31,3.67,29.45,0.24,0.46
1881,57.05,0.01,99.0,579.65,2.3,37.53,0.5,0.54
1882,76.9,0.0,100.0,252.65,4.08,25.71,0.2,0.71
1883,70.8,0.01,99.0,297.19,2.18,37.68,0.44,0.37
1884,59.76,0.04,96.0,321.82,5.97,23.28,0.17,0.43
1885,53.85,0.1,90.0,395.61,3.63,35.74,0.18,0.46
1886,57.01,0.01,99.0,470.66,2.24,31.93,0.71,0.38
1887,52.27,0.01,99.0,603.21,5.01,29.56,0.46,0.46
1888,53.47,0.0,100.0,473.95,4.24,41.74,0.73,0.64
1889,40.13,0.01,99.0,622.09,13.17,16.42,0.35,0.73
1890,60.9,0.02,98.0,461.32,1.55,41.11,0.51,0.63
1891,66.14,0.01,99.0,318.32,3.45,24.83,0.46,0.44
1892,60.22,0.04,96.0,407.42,6.25,26.83,0.28,0.74
1893,60.09,0.01,99.0,578.33,1.83,36.28,0.5,0.62
1894,49.23,0.01,99.0,470.38,7.47,19.71,0.55,0.48
1895,54.82,0.05,95.0,427.75,3.43,34.0,0.33,0.68
1896,61.41,0.04,96.0,358.1,2.64,36.53,0.44,0.47
1897,48.94,0.05,95.0,300.84,9.94,24.06,0.36,0.42
1898,67.62,0.01,99.0,521.61,2.34,42.68,0.34,0.36
1899,69.13,0.01,99.0,356.15,2.14,37.92,0.46,0.45
1900,53.82,0.02,98.0,451.15,3.29,39.54,0.67,0.47
1901,72.89,0.0,100.0,246.78,1.9,38.44,0.54,0.36
1902,54.1,0.02,98.0,375.74,4.28,40.0,0.5,0.39
1903,57.7,0.01,99.0,500.47,3.33,29.44,0.48,0.36
1904,59.95,0.0,100.0,394.67,3.46,35.37,0.66,0.4
1905,52.81,0.08,92.0,418.56,3.65,30.83,0.45,0.45
1906,54.37,0.0,100.0,664.15,3.25,33.58,0.45,0.35
1907,50.91,0.09,91.0,536.52,2.12,35.5,0.29,0.5
1908,54.52,0.08,92.0,347.11,5.52,27.17,0.2,0.4
1909,64.33,0.0,100.0,478.12,2.29,39.21,0.43,0.37
1910,72.03,0.0,100.0,297.59,3.03,38.34,0.32,0.49
1911,66.17,0.04,96.0,349.83,1.92,37.61,0.42,0.46
1912,65.58,0.01,99.0,443.1,1.69,35.57,0.43,0.35
1913,59.18,0.01,99.0,452.21,2.46,34.2,0.66,0.3
1914,58.63,0.02,98.0,380.87,2.21,41.94,0.69,0.38
1915,39.19,0.1,90.0,347.93,10.64,13.08,0.39,0.47
1916,65.01,0.0,100.0,540.56,1.98,41.83,0.31,0.63
1917,49.39,0.05,95.0,344.69,6.78,35.17,0.52,0.38
1918,59.94,0.0,100.0,556.89,5.17,26.88,0.38,0.58
1919,63.01,0.0,100.0,547.21,2.03,40.47,0.39,0.51
1920,60.51,0.0,100.0,523.38,2.46,41.25,0.5,0.74
1921,61.99,0.03,97.0,430.26,2.4,36.96,0.42,0.79
1922,54.75,0.03,97.0,468.5,4.03,37.9,0.3,0.45
1923,55.74,0.05,95.0,330.0,6.38,26.99,0.46,0.65
1924,56.56,0.01,99.0,440.15,2.51,43.79,0.7,0.59
1925,68.12,0.0,100.0,307.61,4.08,26.58,0.41,0.55
1926,41.52,0.06,94.0,429.26,9.46,17.09,0.44,0.54
1927,64.87,0.02,98.0,346.43,2.55,41.14,0.49,0.34
1928,59.46,0.01,99.0,427.1,3.23,37.89,0.41,0.33
1929,55.78,0.02,98.0,470.15,2.04,36.33,0.67,0.33
1930,57.65,0.02,98.0,382.18,6.47,27.05,0.42,0.34
1931,48.88,0.02,98.0,473.05,5.51,26.04,0.45,0.37
1932,61.32,0.08,92.0,317.65,2.28,21.07,0.23,0.41
1933,59.53,0.03,97.0,528.86,3.3,28.35,0.42,0.36
1934,54.34,0.01,99.0,637.67,2.27,39.39,0.49,0.34
1935,47.9,0.0,100.0,421.58,8.32,17.47,0.7,0.33
1936,46.28,0.01,99.0,447.84,8.16,19.88,0.67,0.32
1937,61.38,0.06,94.0,385.92,2.15,25.85,0.32,0.38
1938,62.24,0.02,98.0,374.99,5.24,27.73,0.28,0.4
1939,57.7,0.09,91.0,321.86,1.39,27.13,0.46,0.45
1940,54.33,0.05,95.0,445.33,2.68,40.81,0.61,0.35
1941,56.65,0.01,99.0,431.3,5.83,29.04,0.47,0.37
1942,49.5,0.06,94.0,433.66,7.36,23.73,0.25,0.35
1943,72.84,0.0,100.0,375.25,1.73,42.94,0.26,0.33
1944,53.65,0.01,99.0,399.25,7.35,21.79,0.57,0.33
1945,54.78,0.03,97.0,519.3,4.29,37.26,0.29,0.31
1946,59.56,0.01,99.0,397.1,4.08,48.39,0.55,0.32
1947,71.89,0.0,100.0,375.86,1.57,45.38,0.44,0.38
1948,71.42,0.0,100.0,346.81,1.68,43.42,0.39,0.32
1949,41.54,0.0,100.0,461.59,14.46,12.31,0.45,0.33
1950,68.43,0.01,99.0,308.05,2.24,45.55,0.48,0.38
1951,64.83,0.0,100.0,236.86,5.02,31.74,0.64,0.39
1952,76.43,0.0,100.0,182.15,1.84,36.51,0.37,0.37
1953,49.32,0.05,95.0,419.02,4.25,34.64,0.58,0.4
1954,40.56,0.1,90.0,311.53,10.28,17.78,0.38,0.37
1955,69.43,0.0,100.0,339.98,2.58,38.77,0.37,0.43
1956,61.19,0.0,100.0,430.57,3.08,38.29,0.53,0.41
1957,45.94,0.12,88.0,344.5,7.41,18.4,0.3,0.41
1958,53.57,0.02,98.0,276.33,10.41,13.4,0.27,0.37
1959,68.99,0.0,100.0,495.38,3.38,42.1,0.09,0.38
1960,68.36,0.05,95.0,234.68,1.68,36.13,0.42,0.42
1961,63.66,0.0,100.0,436.75,3.34,36.28,0.42,0.36
1962,63.82,0.01,99.0,343.6,3.31,39.87,0.48,0.32
1963,43.19,0.12,88.0,395.41,8.24,21.11,0.27,0.36
1964,52.65,0.01,99.0,459.46,4.22,34.09,0.69,0.38
1965,60.87,0.01,99.0,605.18,2.03,33.52,0.39,0.36
1966,56.62,0.0,100.0,539.99,2.06,38.5,0.55,0.3
1967,65.15,0.07,93.0,299.47,1.71,30.42,0.26,0.34
1968,49.28,0.02,98.0,597.47,2.8,39.1,0.65,0.39
1969,53.3,0.05,95.0,513.36,2.23,39.96,0.51,0.32
1970,61.49,0.03,97.0,367.8,2.4,38.32,0.49,0.32
1971,67.47,0.0,100.0,215.63,2.72,37.78,0.7,0.33
1972,58.34,0.02,98.0,387.66,2.68,41.19,0.53,0.37
1973,68.99,0.01,99.0,325.23,2.14,40.51,0.47,0.3
1974,66.6,0.0,100.0,246.89,2.3,44.19,0.71,0.32
1975,62.41,0.0,100.0,411.67,5.9,26.03,0.31,0.39
1976,67.6,0.0,100.0,304.53,4.49,27.11,0.41,0.39
1977,69.99,0.01,99.0,198.49,1.98,38.42,0.55,0.32
1978,58.78,0.0,100.0,332.98,4.12,38.61,0.74,0.31
1979,67.28,0.05,95.0,301.6,1.89,39.47,0.36,0.34
1980,68.08,0.0,100.0,281.49,2.78,34.19,0.57,0.31
1981,69.33,0.0,100.0,396.92,1.93,38.55,0.48,0.36
1982,68.44,0.01,99.0,218.31,2.24,38.17,0.63,0.35
1983,75.47,0.01,99.0,222.0,1.62,44.26,0.42,0.3
1984,53.28,0.0,100.0,445.72,4.72,42.62,0.66,0.3
1985,66.57,0.01,99.0,407.99,1.95,37.76,0.44,0.35
1986,84.3,0.01,99.0,229.51,1.0,22.23,0.21,0.47
1987,59.94,0.03,97.0,305.27,3.44,39.51,0.61,0.32
1988,59.1,0.01,99.0,460.81,3.44,33.41,0.51,0.31
1989,64.9,0.01,99.0,400.63,2.26,42.52,0.42,0.33
1990,54.66,0.01,99.0,388.54,4.12,44.21,0.74,0.53
1991,64.13,0.01,99.0,535.28,1.46,34.9,0.29,0.4
1992,49.81,0.01,99.0,328.62,8.81,18.02,0.67,0.32
1993,63.47,0.0,100.0,336.72,2.82,34.09,0.64,0.3
1994,65.35,0.0,100.0,465.93,1.8,37.1,0.48,0.33
1995,64.64,0.02,98.0,356.88,2.04,39.6,0.49,0.37
1996,66.94,0.04,96.0,304.33,3.94,33.96,0.14,0.3
1997,56.72,0.02,98.0,412.52,2.39,37.1,0.68,0.32
1998,56.36,0.0,100.0,375.46,4.1,43.89,0.74,0.36
1999,55.36,0.01,99.0,605.55,3.37,42.0,0.56,0.32
2000,62.76,0.0,100.0,382.85,5.05,28.63,0.46,0.33
