1,42.65,0.18,82.0,363.59,4.36,29.2,0.24,0.28
2,20.31,0.23,77.0,342.44,10.01,21.41,0.15,0.56
3,44.88,0.15,85.0,435.49,8.07,25.45,0.08,0.42
4,36.31,0.2,80.0,472.72,7.06,31.32,0.13,0.46
5,24.78,0.18,82.0,482.79,10.83,17.13,0.28,0.55
6,32.72,0.21,79.0,338.68,6.98,24.38,0.25,0.45
7,20.45,0.29,71.0,495.54,6.98,24.79,0.21,0.35
8,44.08,0.21,79.0,293.28,2.8,34.02,0.18,0.37
9,30.19,0.2,80.0,475.15,8.8,27.54,0.19,0.4
10,43.22,0.21,79.0,375.64,4.74,32.59,0.04,0.26
11,39.35,0.15,85.0,400.32,7.4,28.17,0.19,0.37
12,45.59,0.21,79.0,329.51,2.56,33.8,0.13,0.38
13,23.82,0.23,77.0,455.73,8.01,22.3,0.28,0.39
14,44.33,0.16,84.0,206.34,7.51,20.58,0.1,0.52
15,43.16,0.2,80.0,354.07,4.43,29.2,0.18,0.56
16,46.85,0.17,83.0,408.79,4.89,31.17,0.14,0.39
17,45.02,0.17,83.0,358.75,5.63,26.7,0.21,0.34
18,30.88,0.2,80.0,280.6,8.58,21.32,0.21,0.46
19,24.66,0.19,81.0,386.48,10.96,17.47,0.16,0.47
20,40.38,0.18,82.0,262.8,6.9,29.8,0.14,0.53
21,17.79,0.2,80.0,397.14,13.1,12.32,0.17,0.32
22,22.25,0.22,78.0,318.85,10.2,21.65,0.19,0.32
23,6.28,0.24,76.0,388.8,14.34,11.89,0.29,0.39
24,49.21,0.17,83.0,426.44,3.69,35.62,0.14,0.33
25,31.66,0.15,85.0,450.89,9.91,17.34,0.22,0.36
26,25.0,0.19,81.0,166.37,10.96,19.7,0.16,0.4
27,47.37,0.22,78.0,399.61,1.6,39.51,0.18,0.43
28,41.27,0.18,82.0,289.71,6.78,21.95,0.15,0.28
29,34.57,0.18,82.0,455.86,8.64,27.23,0.2,0.23
30,17.48,0.22,78.0,394.84,10.04,17.75,0.36,0.22
31,28.23,0.24,76.0,384.36,8.03,25.97,0.15,0.22
32,29.07,0.13,87.0,346.99,12.53,13.85,0.26,0.51
33,54.43,0.17,83.0,399.72,3.01,34.33,0.1,0.47
34,26.68,0.24,76.0,304.24,6.97,21.82,0.2,0.37
35,22.82,0.24,76.0,400.86,7.54,26.22,0.27,0.44
36,30.32,0.2,80.0,311.44,8.51,22.7,0.22,0.3
37,56.09,0.16,84.0,302.66,2.65,34.26,0.12,0.29
38,21.2,0.21,79.0,185.67,12.1,17.71,0.14,0.27
39,29.19,0.27,73.0,323.77,5.37,29.8,0.1,0.37
40,23.0,0.25,75.0,385.6,8.95,24.51,0.13,0.36
41,27.82,0.17,83.0,329.96,9.84,22.29,0.31,0.35
42,3.3,0.31,69.0,417.3,9.48,20.94,0.41,0.21
43,43.15,0.24,76.0,223.25,1.33,34.78,0.2,0.32
44,48.69,0.18,82.0,480.76,2.98,40.1,0.05,0.28
45,26.32,0.21,79.0,522.46,8.05,24.58,0.29,0.4
46,26.26,0.19,81.0,499.67,9.37,17.65,0.27,0.35
47,50.29,0.15,85.0,266.91,4.83,33.24,0.14,0.27
48,42.13,0.16,84.0,209.66,7.94,23.58,0.15,0.36
49,32.75,0.18,82.0,383.63,8.23,21.5,0.23,0.51
50,31.91,0.14,86.0,251.87,9.56,18.34,0.37,0.32
51,14.02,0.26,74.0,338.92,9.85,17.71,0.34,0.34
52,32.32,0.23,77.0,291.64,7.25,29.53,0.1,0.49
53,18.11,0.23,77.0,303.47,11.06,19.99,0.21,0.39
54,27.97,0.2,80.0,366.82,7.87,24.95,0.27,0.32
55,17.32,0.25,75.0,482.92,9.54,22.68,0.25,0.37
56,19.73,0.22,78.0,202.08,9.99,18.24,0.32,0.33
57,28.94,0.17,83.0,296.31,10.08,21.3,0.25,0.48
58,43.77,0.22,78.0,421.65,3.35,41.6,0.13,0.41
59,47.82,0.18,82.0,461.36,3.03,30.37,0.22,0.26
60,13.97,0.23,77.0,272.28,11.94,17.46,0.28,0.29
61,33.25,0.22,78.0,287.82,6.21,26.62,0.19,0.44
62,32.98,0.24,76.0,296.33,4.65,32.22,0.21,0.24
63,23.71,0.2,80.0,362.51,9.58,16.5,0.23,0.19
64,27.35,0.22,78.0,229.54,5.14,28.32,0.35,0.21
65,37.43,0.18,82.0,550.61,8.01,27.04,0.13,0.26
66,39.1,0.2,80.0,391.86,5.59,32.73,0.21,0.18
67,42.61,0.2,80.0,295.83,1.54,34.34,0.36,0.2
68,48.49,0.15,85.0,477.96,4.29,30.05,0.25,0.2
69,38.46,0.22,78.0,498.09,5.12,29.58,0.09,0.16
70,24.34,0.2,80.0,373.24,9.63,20.49,0.29,0.18
71,32.17,0.14,86.0,301.06,10.32,17.94,0.19,0.2
72,48.12,0.15,85.0,293.2,4.28,31.44,0.18,0.25
73,22.42,0.24,76.0,303.85,6.74,20.62,0.29,0.24
74,50.6,0.16,84.0,322.0,2.42,32.96,0.29,0.2
75,34.56,0.14,86.0,443.94,9.45,20.42,0.3,0.19
76,34.84,0.18,82.0,403.13,7.1,27.73,0.21,0.5
77,22.01,0.29,71.0,379.81,6.1,23.94,0.2,0.4
78,33.46,0.19,81.0,278.84,7.67,22.87,0.18,0.37
79,41.96,0.18,82.0,272.25,4.23,32.51,0.29,0.29
80,42.53,0.18,82.0,466.75,5.53,27.86,0.13,0.34
81,44.93,0.17,83.0,322.68,3.03,33.9,0.33,0.34
82,40.73,0.19,81.0,489.25,4.36,25.45,0.27,0.43
83,21.93,0.22,78.0,299.32,8.66,26.18,0.26,0.46
84,42.89,0.2,80.0,461.06,4.12,30.97,0.2,0.42
85,31.96,0.16,84.0,260.1,8.09,21.14,0.34,0.46
86,33.27,0.17,83.0,487.74,7.42,27.48,0.21,0.34
87,52.01,0.21,79.0,355.81,1.59,37.89,0.16,0.31
88,32.55,0.24,76.0,340.62,4.73,30.3,0.21,0.43
89,52.42,0.12,88.0,430.15,6.23,26.21,0.14,0.26
90,40.03,0.2,80.0,362.49,4.71,26.85,0.2,0.25
91,54.03,0.13,87.0,289.78,4.97,30.68,0.16,0.29
92,16.69,0.21,79.0,413.06,13.34,14.09,0.23,0.26
93,20.79,0.2,80.0,471.68,13.0,16.98,0.1,0.22
94,46.38,0.15,85.0,414.69,5.6,23.69,0.24,0.3
95,31.75,0.23,77.0,392.56,5.9,22.31,0.3,0.29
96,45.9,0.18,82.0,335.24,4.8,28.48,0.18,0.41
97,72.26,0.29,71.0,259.48,1.0,25.48,0.12,0.22
98,63.28,0.08,92.0,319.19,4.29,28.62,0.19,0.2
99,32.18,0.26,74.0,398.82,2.71,41.37,0.28,0.26
100,18.41,0.25,75.0,297.5,10.25,19.4,0.19,0.21
101,33.38,0.25,75.0,196.96,2.98,32.56,0.23,0.45
102,9.24,0.21,79.0,446.27,13.39,13.87,0.39,0.38
103,18.83,0.21,79.0,469.89,11.41,16.7,0.29,0.38
104,36.88,0.19,81.0,379.2,5.43,24.5,0.22,0.5
105,20.35,0.21,79.0,420.53,11.39,15.75,0.18,0.95
106,35.23,0.11,89.0,505.76,10.97,19.53,0.25,0.53
107,39.02,0.12,88.0,257.56,8.6,28.39,0.3,0.55
108,54.04,0.18,82.0,240.84,1.76,33.66,0.25,0.32
109,39.15,0.18,82.0,475.3,5.61,23.71,0.2,0.38
110,42.76,0.17,83.0,426.97,4.84,26.4,0.31,0.88
111,26.34,0.11,89.0,277.11,12.95,13.99,0.33,0.73
112,30.42,0.17,83.0,585.09,10.72,18.92,0.18,0.61
113,40.88,0.15,85.0,366.32,6.07,23.42,0.3,0.37
114,31.28,0.18,82.0,377.99,9.02,22.5,0.19,0.31
115,33.32,0.18,82.0,398.07,8.06,26.64,0.22,0.51
116,34.41,0.17,83.0,393.99,7.81,27.43,0.28,0.42
117,44.7,0.18,82.0,430.16,5.54,26.31,0.13,0.39
118,30.17,0.2,80.0,445.98,8.73,23.67,0.23,0.33
119,32.22,0.18,82.0,484.62,8.03,26.47,0.19,0.34
120,47.31,0.16,84.0,427.28,3.52,38.98,0.22,0.44
121,42.93,0.18,82.0,519.61,5.46,23.5,0.16,0.35
122,44.32,0.23,77.0,415.43,1.44,29.5,0.27,0.3
123,22.86,0.24,76.0,438.23,9.12,23.65,0.19,0.34
124,25.29,0.19,81.0,271.5,10.51,19.31,0.18,0.32
125,30.43,0.21,79.0,498.75,7.52,26.57,0.17,0.38
126,10.83,0.24,76.0,198.6,12.86,15.53,0.27,0.45
127,30.64,0.2,80.0,370.44,8.6,22.54,0.25,0.44
128,33.24,0.22,78.0,255.54,4.4,28.92,0.2,0.34
129,28.38,0.22,78.0,479.77,6.11,23.58,0.29,0.33
130,33.01,0.2,80.0,450.88,6.45,25.8,0.26,0.5
131,43.7,0.2,80.0,247.56,3.71,29.15,0.2,0.62
132,27.53,0.26,74.0,399.94,6.99,24.05,0.11,0.83
133,18.0,0.28,72.0,330.51,8.13,20.85,0.21,0.43
134,46.74,0.2,80.0,371.14,1.85,30.63,0.15,0.58
135,25.75,0.2,80.0,436.24,9.23,20.01,0.27,0.55
136,49.46,0.16,84.0,278.89,4.2,30.29,0.23,0.61
137,46.85,0.19,81.0,416.1,3.61,35.04,0.18,0.34
138,28.45,0.15,85.0,368.03,11.84,20.17,0.21,0.37
139,56.05,0.16,84.0,267.91,2.65,41.73,0.1,0.54
140,20.4,0.16,84.0,490.94,13.33,14.2,0.18,0.71
141,32.6,0.16,84.0,468.5,8.11,23.7,0.24,0.48
142,38.1,0.17,83.0,234.48,7.91,27.85,0.17,0.38
143,34.8,0.16,84.0,410.25,8.83,25.51,0.14,0.6
144,27.01,0.2,80.0,371.12,8.02,24.56,0.25,0.63
145,59.79,0.15,85.0,450.14,2.0,38.27,0.03,0.58
146,44.12,0.15,85.0,356.98,8.1,23.3,0.09,0.38
147,23.53,0.18,82.0,394.53,11.54,19.42,0.21,0.37
148,18.93,0.22,78.0,403.35,8.7,19.84,0.36,0.31
149,33.33,0.18,82.0,391.56,8.02,28.18,0.26,0.37
150,39.56,0.14,86.0,369.67,7.58,26.54,0.26,0.39
151,23.28,0.18,82.0,328.01,10.26,20.44,0.29,0.34
152,40.98,0.21,79.0,297.13,2.76,39.66,0.26,0.31
153,35.35,0.12,88.0,379.0,11.5,22.38,0.12,0.34
154,46.99,0.13,87.0,191.82,5.56,26.82,0.25,0.37
155,32.92,0.12,88.0,229.14,11.4,16.06,0.29,0.56
156,42.6,0.19,81.0,314.07,4.52,30.79,0.13,0.41
157,48.89,0.14,86.0,503.5,5.64,24.26,0.24,0.4
158,35.45,0.22,78.0,432.61,4.85,28.16,0.26,0.53
159,33.32,0.17,83.0,450.76,9.29,17.64,0.19,0.33
160,41.2,0.15,85.0,523.91,7.46,28.92,0.2,0.3
161,31.63,0.11,89.0,325.98,12.32,13.99,0.34,0.37
162,48.19,0.12,88.0,364.57,6.45,26.77,0.24,0.33
163,29.82,0.22,78.0,382.68,7.4,18.09,0.31,0.34
164,27.66,0.21,79.0,449.3,9.42,20.77,0.24,0.43
165,16.85,0.18,82.0,334.6,14.24,11.37,0.19,0.51
166,41.68,0.17,83.0,278.95,7.64,30.41,0.06,0.38
167,59.72,0.09,91.0,542.34,5.21,26.94,0.16,0.67
168,40.34,0.2,80.0,360.55,4.32,33.43,0.25,0.41
169,46.0,0.18,82.0,268.09,4.49,32.41,0.16,0.66
170,57.44,0.08,92.0,341.36,5.42,24.86,0.3,0.36
171,31.07,0.18,82.0,409.47,10.73,16.69,0.17,0.34
172,63.49,0.14,86.0,331.41,1.68,36.89,0.24,0.34
173,34.11,0.17,83.0,433.12,9.05,27.86,0.18,0.37
174,38.33,0.16,84.0,390.64,7.25,21.48,0.24,0.45
175,51.53,0.13,87.0,266.34,4.23,34.6,0.21,0.35
176,21.68,0.19,81.0,313.13,11.72,15.64,0.32,0.33
177,33.82,0.17,83.0,562.15,8.87,19.94,0.13,0.38
178,43.36,0.2,80.0,416.63,3.17,37.31,0.23,0.32
179,44.32,0.15,85.0,579.1,6.05,30.52,0.17,0.32
180,28.74,0.13,87.0,296.18,11.14,17.64,0.26,0.34
181,38.96,0.14,86.0,307.7,8.56,22.6,0.21,0.32
182,25.23,0.16,84.0,443.11,12.33,17.91,0.18,0.41
183,35.01,0.19,81.0,474.69,8.72,24.95,0.07,0.35
184,26.84,0.18,82.0,349.77,9.74,23.03,0.27,0.32
185,35.9,0.19,81.0,501.23,7.29,25.15,0.19,0.34
186,36.62,0.18,82.0,467.44,7.47,29.05,0.15,0.34
187,66.29,0.11,89.0,376.28,2.09,33.47,0.12,0.38
188,44.65,0.14,86.0,257.15,5.99,22.66,0.26,0.42
189,38.36,0.16,84.0,589.78,7.43,20.6,0.16,0.4
190,45.35,0.13,87.0,420.52,6.95,28.59,0.18,0.33
191,33.57,0.12,88.0,347.8,10.6,16.73,0.24,0.37
192,39.37,0.18,82.0,501.07,4.69,30.42,0.25,0.41
193,40.99,0.19,81.0,361.79,5.48,27.57,0.16,0.34
194,27.74,0.18,82.0,377.35,8.45,24.96,0.36,0.4
195,60.08,0.13,87.0,421.13,2.97,30.69,0.22,0.33
196,33.12,0.19,81.0,431.51,8.16,23.73,0.21,0.38
197,27.57,0.17,83.0,383.9,11.26,12.99,0.22,0.36
198,36.34,0.22,78.0,464.1,3.22,34.03,0.36,0.34
199,36.85,0.23,77.0,396.65,4.29,30.8,0.26,0.41
200,47.61,0.17,83.0,486.67,4.89,31.0,0.16,0.37
201,33.29,0.18,82.0,557.01,7.66,20.32,0.25,0.35
202,43.3,0.16,84.0,195.53,4.4,24.43,0.36,0.36
203,36.27,0.14,86.0,322.53,9.54,20.56,0.26,0.33
204,50.44,0.12,88.0,443.29,6.11,31.73,0.17,0.38
205,25.61,0.17,83.0,400.83,10.74,19.05,0.27,0.38
206,40.4,0.11,89.0,359.32,10.52,19.55,0.05,0.4
207,43.99,0.13,87.0,462.44,6.11,27.17,0.24,0.35
208,42.66,0.2,80.0,491.77,3.78,30.28,0.15,0.39
209,24.03,0.13,87.0,287.84,12.74,16.31,0.32,0.38
210,57.0,0.12,88.0,317.29,1.87,37.24,0.24,0.36
211,37.25,0.19,81.0,395.44,5.49,20.29,0.28,0.33
212,36.79,0.12,88.0,326.35,9.36,21.47,0.29,0.33
213,50.6,0.06,94.0,314.85,9.99,17.42,0.17,0.41
214,36.78,0.25,75.0,385.09,3.46,29.31,0.19,0.32
215,32.51,0.2,80.0,447.12,7.13,27.37,0.18,0.31
216,29.28,0.14,86.0,490.52,9.56,22.45,0.32,0.32
217,34.36,0.17,83.0,594.77,7.82,27.32,0.16,0.29
218,35.79,0.16,84.0,333.64,9.02,21.37,0.27,0.29
219,38.47,0.15,85.0,407.42,7.73,19.45,0.25,0.31
220,52.78,0.15,85.0,465.98,2.56,39.83,0.24,0.39
221,38.02,0.21,79.0,583.16,5.77,26.23,0.16,0.3
222,49.99,0.15,85.0,458.41,3.21,44.94,0.24,0.3
223,40.1,0.14,86.0,476.46,8.5,25.74,0.19,0.33
224,28.55,0.18,82.0,394.21,9.2,19.91,0.26,0.34
225,40.07,0.22,78.0,444.17,2.95,31.83,0.23,0.31
226,32.91,0.15,85.0,262.09,9.06,20.3,0.34,0.36
227,39.93,0.1,90.0,266.84,9.47,24.03,0.23,0.3
228,46.25,0.2,80.0,342.1,2.13,40.74,0.21,0.36
229,48.48,0.14,86.0,420.71,5.58,31.1,0.24,0.36
230,33.87,0.13,87.0,274.57,11.2,17.09,0.28,0.42
231,41.79,0.15,85.0,321.89,7.9,22.85,0.1,0.33
232,48.89,0.14,86.0,410.1,6.55,32.24,0.05,0.33
233,45.32,0.14,86.0,140.2,7.5,22.98,0.17,0.32
234,44.9,0.16,84.0,559.33,4.47,30.1,0.25,0.34
235,30.87,0.17,83.0,375.53,10.84,17.06,0.15,0.3
236,32.65,0.24,76.0,287.93,5.08,29.74,0.16,0.3
237,33.98,0.15,85.0,290.2,9.52,26.07,0.31,0.32
238,59.58,0.14,86.0,532.54,2.6,42.59,0.11,0.36
239,39.88,0.16,84.0,407.71,7.8,26.08,0.04,0.3
240,22.74,0.15,85.0,424.25,13.27,10.99,0.28,0.3
241,35.54,0.14,86.0,351.82,8.75,22.54,0.21,0.32
242,32.45,0.2,80.0,386.88,8.28,28.09,0.14,0.31
243,41.94,0.18,82.0,352.02,6.54,24.68,0.09,0.38
244,40.08,0.18,82.0,296.68,7.36,29.57,0.06,0.32
245,41.24,0.12,88.0,447.05,8.89,21.93,0.15,0.36
246,51.77,0.14,86.0,233.84,5.47,28.87,0.05,0.32
247,50.44,0.12,88.0,612.55,4.28,36.47,0.22,0.31
248,39.09,0.11,89.0,218.2,8.87,24.64,0.32,0.33
249,38.16,0.16,84.0,447.15,6.66,34.69,0.24,0.31
250,45.55,0.18,82.0,450.77,5.2,29.37,0.19,0.32
251,41.37,0.17,83.0,350.74,6.65,28.24,0.16,0.33
252,31.47,0.2,80.0,395.91,8.2,24.79,0.12,0.33
253,58.16,0.12,88.0,277.01,4.45,34.43,0.15,0.35
254,34.52,0.22,78.0,383.39,6.68,27.73,0.18,0.34
255,40.01,0.23,77.0,325.72,1.74,36.57,0.35,0.34
256,41.05,0.12,88.0,320.95,8.6,25.67,0.23,0.32
257,51.95,0.12,88.0,347.66,5.88,33.18,0.23,0.37
258,28.09,0.22,78.0,395.04,5.81,30.33,0.34,0.34
259,52.42,0.08,92.0,567.33,7.45,31.96,0.19,0.35
260,48.15,0.13,87.0,198.68,5.8,28.78,0.2,0.35
261,58.53,0.1,90.0,307.49,5.25,29.91,0.18,0.33
262,43.78,0.15,85.0,370.6,6.9,24.25,0.15,0.36
263,52.06,0.12,88.0,429.2,4.75,35.62,0.25,0.32
264,39.78,0.12,88.0,396.82,10.91,18.43,0.15,0.3
265,42.56,0.2,80.0,407.54,4.09,30.27,0.15,0.31
266,42.51,0.16,84.0,466.86,5.18,27.74,0.26,0.33
267,50.36,0.15,85.0,389.21,4.58,34.16,0.11,0.31
268,49.72,0.13,87.0,428.88,6.97,26.69,0.08,0.38
269,54.15,0.11,89.0,464.47,5.47,29.14,0.18,0.35
270,57.81,0.14,86.0,375.67,4.41,30.52,0.05,0.51
271,8.62,0.21,79.0,417.28,13.06,16.12,0.37,0.49
272,47.61,0.13,87.0,368.07,5.91,28.19,0.23,0.32
273,61.55,0.11,89.0,424.98,3.57,27.72,0.21,0.3
274,23.72,0.17,83.0,283.09,13.29,12.66,0.18,0.32
275,33.94,0.15,85.0,303.71,9.22,25.99,0.21,0.43
276,44.62,0.16,84.0,561.91,5.35,30.27,0.27,0.43
277,37.21,0.11,89.0,369.29,11.6,15.03,0.11,0.58
278,40.81,0.19,81.0,474.37,4.83,34.09,0.16,0.61
279,42.83,0.22,78.0,351.46,1.35,31.31,0.23,0.67
280,47.93,0.17,83.0,295.66,3.48,31.51,0.21,0.61
281,43.08,0.15,85.0,500.56,7.25,24.46,0.14,0.59
282,43.88,0.18,82.0,385.07,4.3,32.22,0.31,0.54
283,51.29,0.18,82.0,332.14,1.89,37.74,0.2,0.55
284,39.98,0.16,84.0,337.33,8.71,26.15,0.15,0.48
285,49.48,0.11,89.0,203.32,6.01,31.82,0.28,0.58
286,42.78,0.16,84.0,444.14,7.07,24.56,0.22,0.59
287,32.32,0.17,83.0,381.85,10.07,21.19,0.22,0.51
288,31.73,0.12,88.0,658.69,12.45,14.87,0.21,0.48
289,60.11,0.12,88.0,392.5,2.18,39.62,0.18,0.41
290,31.55,0.18,82.0,398.78,8.5,20.13,0.39,0.35
291,58.11,0.15,85.0,318.97,1.77,34.55,0.15,0.45
292,53.89,0.15,85.0,506.02,3.18,27.07,0.14,0.41
293,37.79,0.17,83.0,401.66,9.49,27.34,0.09,0.43
294,27.02,0.19,81.0,409.98,10.6,17.77,0.18,0.35
295,41.19,0.17,83.0,513.74,5.71,22.4,0.16,0.51
296,52.2,0.1,90.0,410.78,7.5,20.5,0.12,0.47
297,29.8,0.2,80.0,342.2,6.97,26.6,0.24,0.53
298,59.62,0.15,85.0,331.92,2.28,35.45,0.07,0.53
299,42.6,0.21,79.0,369.84,1.89,36.04,0.26,0.58
300,57.22,0.15,85.0,417.58,2.17,36.75,0.18,0.68
301,59.88,0.08,92.0,468.54,5.02,34.43,0.22,0.66
302,68.74,0.08,92.0,282.43,2.25,34.07,0.21,0.58
303,64.1,0.11,89.0,356.16,3.43,28.07,0.1,0.56
304,46.69,0.14,86.0,360.26,4.06,36.6,0.33,0.52
305,45.94,0.15,85.0,376.22,6.76,31.9,0.15,0.56
306,41.61,0.12,88.0,221.03,9.02,23.9,0.24,0.51
307,50.04,0.08,92.0,423.81,7.65,25.3,0.32,0.54
308,36.63,0.17,83.0,377.6,6.79,25.03,0.27,0.5
309,36.7,0.17,83.0,463.47,7.57,29.08,0.15,0.54
310,47.58,0.11,89.0,395.04,7.92,26.37,0.14,0.36
311,47.98,0.14,86.0,355.37,5.76,31.85,0.22,0.52
312,52.21,0.12,88.0,361.52,6.23,25.86,0.17,0.63
313,48.21,0.15,85.0,380.53,4.46,36.49,0.27,0.52
314,45.84,0.13,87.0,380.17,8.02,22.33,0.06,0.64
315,51.86,0.07,93.0,595.79,7.12,26.2,0.28,0.62
316,46.51,0.15,85.0,460.0,5.84,36.01,0.21,0.49
317,51.12,0.16,84.0,288.92,4.88,37.3,0.12,0.57
318,51.01,0.11,89.0,426.76,5.79,33.97,0.22,0.58
319,56.86,0.13,87.0,494.3,3.74,34.39,0.15,0.47
320,48.87,0.15,85.0,483.55,4.96,33.86,0.15,0.41
321,28.14,0.21,79.0,620.58,8.78,23.67,0.2,0.41
322,45.82,0.13,87.0,514.91,5.93,32.45,0.31,0.65
323,32.38,0.21,79.0,408.0,7.73,22.83,0.17,0.71
324,33.76,0.17,83.0,432.12,9.01,29.17,0.26,0.65
325,71.03,0.09,91.0,379.67,1.55,36.49,0.18,0.73
326,42.24,0.14,86.0,424.39,8.6,20.91,0.19,0.45
327,52.87,0.14,86.0,449.96,4.86,34.23,0.15,0.53
328,33.44,0.19,81.0,315.59,9.26,22.74,0.06,0.29
329,46.77,0.14,86.0,538.91,5.72,27.87,0.14,0.3
330,38.69,0.18,82.0,400.42,7.29,29.29,0.16,0.36
331,41.74,0.17,83.0,247.51,4.6,30.93,0.31,0.7
332,61.38,0.1,90.0,317.92,2.02,34.2,0.27,0.59
333,70.05,0.09,91.0,271.54,2.61,32.51,0.13,0.53
334,48.5,0.12,88.0,294.65,6.62,28.59,0.18,0.46
335,48.46,0.14,86.0,479.66,3.24,32.29,0.35,0.37
336,49.2,0.15,85.0,412.42,4.93,31.21,0.16,0.41
337,50.63,0.18,82.0,423.07,3.07,35.49,0.14,0.35
338,50.16,0.1,90.0,482.14,6.64,32.21,0.26,0.35
339,41.86,0.19,81.0,336.69,5.26,28.43,0.11,0.41
340,68.39,0.08,92.0,444.25,2.13,36.25,0.14,0.45
341,41.87,0.15,85.0,415.31,7.91,26.55,0.12,0.4
342,41.47,0.17,83.0,345.24,4.08,26.81,0.37,0.35
343,53.12,0.13,87.0,628.61,4.21,34.9,0.2,0.33
344,48.98,0.12,88.0,449.12,5.52,33.61,0.18,0.35
345,51.19,0.1,90.0,445.3,8.05,31.13,0.16,0.33
346,58.19,0.13,87.0,195.68,3.17,31.58,0.26,0.38
347,50.05,0.16,84.0,403.17,4.71,33.34,0.16,0.35
348,20.41,0.2,80.0,437.76,11.9,14.32,0.17,0.3
349,46.09,0.1,90.0,337.62,7.27,22.32,0.28,0.34
350,49.19,0.11,89.0,312.93,6.93,28.96,0.19,0.33
351,44.3,0.17,83.0,391.13,4.66,26.2,0.15,0.33
352,40.06,0.2,80.0,378.95,4.97,36.42,0.24,0.32
353,51.95,0.14,86.0,477.46,3.05,37.52,0.28,0.32
354,35.5,0.17,83.0,435.98,7.15,22.66,0.26,0.33
355,56.31,0.11,89.0,319.17,5.91,28.2,0.08,0.34
356,45.88,0.12,88.0,377.26,8.34,19.61,0.16,0.35
357,29.43,0.21,79.0,342.57,6.47,33.86,0.26,0.42
358,57.45,0.13,87.0,458.51,2.62,39.08,0.15,0.35
359,45.32,0.14,86.0,584.14,6.32,30.34,0.33,0.36
360,18.09,0.18,82.0,517.53,12.1,14.29,0.36,0.32
361,54.85,0.1,90.0,370.31,5.88,33.48,0.16,0.47
362,54.29,0.15,85.0,555.34,2.75,38.9,0.25,0.53
363,39.8,0.13,87.0,441.35,9.43,21.82,0.17,0.6
364,55.23,0.09,91.0,428.39,5.02,32.14,0.25,0.41
365,45.08,0.12,88.0,485.91,7.21,32.0,0.14,0.35
366,47.45,0.16,84.0,483.92,6.35,30.72,0.07,0.34
367,33.57,0.18,82.0,303.14,6.61,23.91,0.3,0.33
368,57.15,0.11,89.0,496.05,3.85,36.54,0.26,0.32
369,58.29,0.11,89.0,395.56,5.17,31.0,0.06,0.32
370,33.42,0.2,80.0,381.68,6.8,25.11,0.13,0.48
371,47.78,0.1,90.0,336.82,8.8,26.08,0.14,0.39
372,39.87,0.14,86.0,395.62,6.79,35.41,0.27,0.5
373,63.22,0.09,91.0,547.69,4.78,32.76,0.12,0.36
374,56.64,0.1,90.0,364.87,5.51,33.43,0.2,0.6
375,40.46,0.17,83.0,391.1,5.72,29.65,0.27,0.54
376,46.16,0.16,84.0,387.87,3.75,26.5,0.27,0.59
377,42.79,0.17,83.0,537.67,7.17,27.49,0.12,0.49
378,68.57,0.07,93.0,415.9,3.2,29.98,0.2,0.48
379,53.54,0.07,93.0,371.43,6.35,26.18,0.23,0.32
380,50.85,0.15,85.0,419.0,4.47,33.85,0.19,0.41
381,61.64,0.11,89.0,488.01,2.46,36.69,0.18,0.57
382,48.69,0.14,86.0,400.78,4.13,36.89,0.24,0.47
383,12.71,0.17,83.0,579.85,16.0,10.52,0.26,0.46
384,43.77,0.16,84.0,440.02,7.39,25.97,0.17,0.42
385,48.15,0.19,81.0,230.26,3.37,34.01,0.1,0.39
386,54.39,0.07,93.0,516.11,7.86,32.27,0.2,0.48
387,50.53,0.13,87.0,455.54,6.56,18.6,0.15,0.41
388,44.64,0.18,82.0,451.9,2.33,37.56,0.28,0.36
389,44.4,0.13,87.0,440.32,6.35,30.22,0.29,0.58
390,34.52,0.16,84.0,291.4,8.95,20.69,0.17,0.48
391,54.71,0.12,88.0,509.59,3.74,39.62,0.24,0.64
392,46.98,0.11,89.0,552.92,7.34,25.98,0.23,0.39
393,49.47,0.07,93.0,340.62,10.82,18.66,0.1,0.37
394,69.46,0.05,95.0,394.46,2.56,36.12,0.33,0.42
395,60.53,0.14,86.0,529.95,3.04,27.53,0.06,0.34
396,48.98,0.15,85.0,526.49,4.25,33.18,0.25,0.33
397,33.73,0.18,82.0,393.01,7.36,17.94,0.2,0.34
398,51.69,0.1,90.0,415.06,4.57,33.04,0.29,0.4
399,46.17,0.06,94.0,339.3,7.96,28.35,0.3,0.46
400,45.47,0.11,89.0,527.4,7.94,25.18,0.2,0.49
401,40.64,0.09,91.0,535.29,9.07,20.41,0.26,0.46
402,59.86,0.17,83.0,256.06,1.31,32.34,0.17,0.42
403,51.75,0.08,92.0,495.0,7.57,28.28,0.21,0.38
404,58.24,0.1,90.0,458.62,4.39,30.85,0.2,0.42
405,56.07,0.1,90.0,448.54,3.28,31.42,0.35,0.42
406,35.68,0.17,83.0,548.43,7.95,28.09,0.21,0.52
407,54.75,0.1,90.0,364.57,4.65,32.48,0.24,0.43
408,53.79,0.15,85.0,393.9,3.15,29.1,0.16,0.52
409,44.86,0.19,81.0,414.13,2.9,38.2,0.24,0.51
410,49.29,0.12,88.0,476.1,7.48,22.54,0.1,0.49
411,53.17,0.15,85.0,506.85,3.16,37.07,0.23,0.36
412,38.31,0.15,85.0,557.39,9.39,21.47,0.06,0.35
413,37.33,0.16,84.0,518.71,8.23,23.89,0.13,0.39
414,53.7,0.1,90.0,421.23,5.96,29.75,0.19,0.37
415,32.12,0.21,79.0,365.61,8.42,20.87,0.09,0.44
416,63.87,0.08,92.0,565.58,3.21,25.55,0.25,0.66
417,39.92,0.05,95.0,373.93,11.42,19.51,0.25,0.62
418,63.95,0.06,94.0,476.16,6.56,25.68,0.08,0.43
419,40.16,0.14,86.0,533.8,9.15,16.43,0.18,0.37
420,43.51,0.06,94.0,418.7,10.72,15.02,0.26,0.36
421,35.2,0.15,85.0,399.29,7.22,29.8,0.37,0.38
422,65.75,0.1,90.0,537.86,3.36,35.31,0.1,0.38
423,62.21,0.11,89.0,342.62,4.83,29.87,0.09,0.34
424,62.47,0.21,79.0,172.11,1.0,25.59,0.21,0.38
425,62.94,0.09,91.0,383.96,4.34,31.65,0.15,0.35
426,48.91,0.1,90.0,457.58,7.18,25.45,0.18,0.36
427,51.14,0.15,85.0,541.37,3.29,34.57,0.32,0.41
428,33.56,0.2,80.0,534.01,6.86,28.1,0.11,0.43
429,40.14,0.18,82.0,411.71,3.72,32.37,0.4,0.41
430,49.68,0.1,90.0,471.82,6.86,21.72,0.22,0.4
431,49.94,0.11,89.0,443.94,6.04,24.57,0.13,0.37
432,38.61,0.17,83.0,475.55,6.89,30.13,0.2,0.34
433,70.95,0.06,94.0,233.11,3.61,39.97,0.14,0.49
434,53.86,0.13,87.0,426.45,5.06,29.57,0.15,0.44
435,52.59,0.11,89.0,257.31,5.62,32.35,0.19,0.43
436,51.2,0.1,90.0,403.65,5.27,28.37,0.27,0.38
437,52.46,0.17,83.0,542.9,2.94,31.64,0.15,0.39
438,68.08,0.08,92.0,323.01,2.22,35.4,0.18,0.39
439,67.9,0.09,91.0,253.0,3.17,35.8,0.19,0.41
440,54.09,0.12,88.0,379.78,4.23,24.64,0.17,0.45
441,60.65,0.15,85.0,519.4,2.24,39.95,0.07,0.45
442,56.09,0.12,88.0,285.55,4.49,29.82,0.1,0.46
443,48.43,0.16,84.0,547.98,4.71,34.05,0.2,0.46
444,55.56,0.12,88.0,439.65,5.79,34.67,0.06,0.36
445,44.15,0.1,90.0,460.28,6.08,31.38,0.33,0.32
446,51.74,0.1,90.0,369.48,6.89,27.24,0.15,0.36
447,52.93,0.08,92.0,436.22,6.6,31.17,0.26,0.36
448,51.24,0.11,89.0,354.59,5.28,27.79,0.25,0.41
449,43.92,0.07,93.0,314.63,9.74,17.93,0.28,0.4
450,49.59,0.14,86.0,496.71,5.61,25.14,0.11,0.36
451,46.18,0.1,90.0,380.01,6.19,29.67,0.3,0.37
452,46.24,0.14,86.0,391.94,4.3,36.65,0.34,0.38
453,49.04,0.12,88.0,338.82,5.68,31.23,0.19,0.34
454,67.93,0.07,93.0,473.06,3.33,37.43,0.22,0.42
455,53.63,0.1,90.0,526.5,4.41,33.68,0.27,0.38
456,56.3,0.14,86.0,436.09,2.01,34.88,0.23,0.52
457,51.86,0.1,90.0,366.86,4.33,30.3,0.38,0.46
458,52.85,0.11,89.0,355.82,4.22,28.47,0.3,0.64
459,58.01,0.14,86.0,338.02,3.3,34.98,0.05,0.35
460,44.25,0.07,93.0,479.89,8.99,26.26,0.34,0.36
461,64.21,0.07,93.0,389.56,5.25,32.92,0.2,0.35
462,52.58,0.1,90.0,374.96,5.45,33.71,0.32,0.34
463,53.05,0.11,89.0,367.96,5.42,35.38,0.31,0.4
464,53.13,0.14,86.0,593.84,2.33,40.5,0.35,0.36
465,35.96,0.17,83.0,529.55,5.77,25.22,0.32,0.35
466,38.25,0.15,85.0,409.25,6.02,27.94,0.28,0.38
467,55.22,0.08,92.0,470.63,6.78,32.87,0.22,0.37
468,41.34,0.14,86.0,514.2,8.0,18.42,0.28,0.39
469,49.79,0.11,89.0,380.33,7.2,28.38,0.15,0.35
470,47.41,0.07,93.0,421.56,8.09,22.72,0.29,0.37
471,66.1,0.07,93.0,546.09,4.95,32.22,0.12,0.37
472,44.55,0.15,85.0,433.05,5.84,33.05,0.22,0.37
473,50.81,0.14,86.0,577.32,5.06,26.92,0.14,0.39
474,42.88,0.12,88.0,432.6,6.75,19.55,0.26,0.44
475,42.56,0.14,86.0,509.98,5.09,38.02,0.39,0.35
476,60.01,0.09,91.0,433.32,3.91,36.1,0.29,0.38
477,57.72,0.1,90.0,434.17,4.01,36.58,0.25,0.37
478,52.09,0.12,88.0,482.28,4.64,31.39,0.15,0.35
479,59.09,0.07,93.0,435.45,5.95,31.73,0.23,0.34
480,63.99,0.06,94.0,437.76,3.89,33.59,0.25,0.34
481,61.6,0.11,89.0,303.83,2.86,35.55,0.28,0.4
482,63.9,0.06,94.0,303.94,6.31,34.67,0.21,0.42
483,57.79,0.1,90.0,479.48,5.5,25.88,0.09,0.34
484,50.49,0.06,94.0,587.95,7.87,29.25,0.4,0.34
485,47.57,0.08,92.0,637.42,7.94,27.84,0.24,0.37
486,52.09,0.13,87.0,346.2,3.99,35.19,0.17,0.37
487,58.01,0.06,94.0,540.92,5.45,33.54,0.37,0.38
488,36.96,0.15,85.0,514.78,7.81,28.49,0.23,0.37
489,48.71,0.14,86.0,503.64,4.47,32.39,0.2,0.35
490,30.69,0.12,88.0,544.28,10.91,16.1,0.3,0.44
491,23.65,0.14,86.0,593.26,11.63,15.28,0.4,0.57
492,41.97,0.14,86.0,457.36,6.86,26.86,0.14,0.58
493,44.14,0.11,89.0,638.41,6.36,35.98,0.32,0.76
494,39.59,0.11,89.0,530.88,9.38,19.72,0.23,0.78
495,62.03,0.07,93.0,541.06,3.43,36.99,0.29,0.6
496,45.66,0.12,88.0,451.29,6.29,41.24,0.28,0.44
497,46.12,0.15,85.0,376.56,4.45,33.52,0.24,0.46
498,44.75,0.13,87.0,278.71,7.95,21.0,0.16,0.54
499,32.87,0.18,82.0,364.9,9.23,19.15,0.19,0.58
500,59.22,0.12,88.0,500.72,3.61,32.21,0.21,0.36
501,52.87,0.1,90.0,327.05,4.46,32.45,0.3,0.36
502,63.57,0.06,94.0,379.92,6.32,23.84,0.15,0.38
503,54.03,0.07,93.0,490.04,6.95,22.88,0.21,0.4
504,47.47,0.11,89.0,585.03,5.61,32.79,0.33,0.38
505,41.08,0.16,84.0,444.81,4.93,29.75,0.31,0.5
506,70.74,0.06,94.0,332.33,2.82,32.24,0.11,0.49
507,43.19,0.06,94.0,304.44,9.7,17.37,0.33,0.43
508,54.43,0.11,89.0,621.28,4.86,38.04,0.23,0.38
509,59.26,0.07,93.0,509.83,6.61,32.83,0.17,0.38
510,62.09,0.07,93.0,414.12,4.39,35.74,0.23,0.36
511,41.82,0.12,88.0,456.83,5.36,36.81,0.45,0.44
512,47.53,0.12,88.0,409.65,4.41,33.7,0.37,0.36
513,49.85,0.1,90.0,316.83,5.06,32.59,0.3,0.38
514,50.63,0.1,90.0,364.13,5.04,31.8,0.29,0.36
515,52.67,0.11,89.0,424.41,6.26,27.1,0.18,0.43
516,64.57,0.08,92.0,438.92,4.58,34.71,0.17,0.49
517,46.53,0.15,85.0,425.86,5.59,27.39,0.2,0.35
518,50.39,0.11,89.0,580.41,3.47,35.94,0.3,0.39
519,62.43,0.07,93.0,367.59,4.62,35.71,0.15,0.5
520,58.47,0.12,88.0,354.59,4.27,32.18,0.16,0.37
521,45.06,0.14,86.0,462.96,5.17,30.82,0.31,0.46
522,57.57,0.08,92.0,565.21,7.58,25.73,0.1,0.4
523,65.6,0.11,89.0,255.66,3.27,32.92,0.19,0.44
524,72.95,0.05,95.0,375.6,3.26,35.7,0.07,0.35
525,47.97,0.16,84.0,245.33,4.31,26.99,0.24,0.36
526,40.25,0.14,86.0,450.36,8.06,23.56,0.24,0.32
527,70.36,0.04,96.0,277.65,3.98,38.8,0.15,0.35
528,35.93,0.14,86.0,431.17,5.79,29.51,0.49,0.42
529,48.77,0.16,84.0,412.84,3.77,32.98,0.24,0.35
530,39.14,0.16,84.0,347.18,5.24,33.23,0.31,0.32
531,53.1,0.07,93.0,308.9,6.67,23.54,0.33,0.37
532,56.95,0.09,91.0,374.05,4.36,30.85,0.31,0.35
533,56.02,0.11,89.0,450.67,4.13,29.98,0.23,0.47
534,54.16,0.11,89.0,305.57,4.69,22.32,0.23,0.36
535,58.63,0.05,95.0,493.54,5.41,30.19,0.3,0.4
536,40.99,0.14,86.0,581.96,6.89,29.8,0.2,0.44
537,59.35,0.07,93.0,479.66,3.7,36.33,0.22,0.33
538,68.45,0.08,92.0,579.57,3.09,32.28,0.18,0.48
539,60.28,0.08,92.0,577.16,3.67,31.15,0.26,0.4
540,47.29,0.08,92.0,461.48,4.98,34.93,0.49,0.39
541,62.5,0.09,91.0,558.44,4.62,23.41,0.18,0.41
542,58.68,0.08,92.0,526.43,5.72,30.68,0.27,0.35
543,70.99,0.09,91.0,225.46,1.88,32.09,0.2,0.35
544,60.22,0.05,95.0,600.53,5.05,36.97,0.3,0.33
545,56.64,0.09,91.0,503.7,5.04,28.54,0.24,0.37
546,67.93,0.09,91.0,555.28,2.57,34.02,0.14,0.36
547,73.29,0.1,90.0,376.31,1.76,37.53,0.17,0.38
548,51.47,0.16,84.0,547.54,3.63,37.05,0.15,0.35
549,57.79,0.08,92.0,498.09,4.91,32.98,0.28,0.42
550,46.06,0.11,89.0,307.79,8.05,27.66,0.21,0.37
551,70.94,0.09,91.0,279.42,1.63,37.0,0.32,0.38
552,53.02,0.12,88.0,498.25,4.47,29.81,0.28,0.32
553,53.68,0.11,89.0,597.48,7.1,21.02,0.11,0.37
554,55.5,0.12,88.0,384.01,3.1,32.3,0.23,0.38
555,48.36,0.15,85.0,432.58,4.44,31.84,0.25,0.46
556,54.55,0.1,90.0,405.63,3.49,35.57,0.46,0.41
557,64.89,0.08,92.0,267.87,2.74,35.76,0.28,0.6
558,65.03,0.06,94.0,430.35,5.59,30.67,0.14,0.59
559,45.19,0.09,91.0,530.35,7.03,31.44,0.43,0.45
560,45.79,0.09,91.0,284.51,9.9,20.63,0.12,0.4
561,51.68,0.09,91.0,361.15,4.78,32.55,0.38,0.42
562,55.85,0.11,89.0,263.29,4.82,33.83,0.12,0.4
563,55.05,0.06,94.0,343.16,8.4,27.09,0.14,0.39
564,52.99,0.11,89.0,466.56,6.12,29.23,0.2,0.52
565,67.48,0.12,88.0,464.66,1.77,40.32,0.14,0.51
566,63.95,0.06,94.0,469.24,4.73,32.69,0.28,0.52
567,42.81,0.11,89.0,628.02,6.56,37.85,0.36,0.44
568,48.19,0.12,88.0,317.12,7.85,20.12,0.07,0.49
569,48.77,0.04,96.0,465.94,9.75,17.14,0.3,0.49
570,56.63,0.13,87.0,338.67,3.06,37.26,0.29,0.49
571,62.42,0.08,92.0,415.98,2.7,33.72,0.35,0.53
572,57.72,0.1,90.0,280.16,5.19,30.54,0.19,0.52
573,65.62,0.06,94.0,297.76,4.07,28.11,0.14,0.45
574,68.03,0.07,93.0,219.78,2.36,39.71,0.21,0.35
575,58.53,0.06,94.0,523.89,4.92,38.79,0.26,0.54
576,53.08,0.09,91.0,390.71,6.42,25.43,0.13,0.59
577,46.28,0.11,89.0,345.11,6.09,34.03,0.3,0.51
578,59.76,0.05,95.0,239.47,6.12,31.08,0.2,0.4
579,56.88,0.09,91.0,566.59,4.61,32.36,0.15,0.46
580,51.17,0.1,90.0,484.35,6.76,28.51,0.26,0.48
581,57.1,0.05,95.0,456.99,4.45,35.18,0.4,0.51
582,45.77,0.11,89.0,443.75,6.25,29.41,0.29,0.44
583,34.95,0.1,90.0,556.69,7.07,36.27,0.51,0.43
584,56.74,0.08,92.0,373.76,3.7,35.74,0.4,0.49
585,41.73,0.11,89.0,362.75,6.2,36.1,0.3,0.56
586,52.39,0.1,90.0,392.65,5.07,29.08,0.24,0.68
587,55.6,0.12,88.0,519.95,3.89,35.39,0.24,0.55
588,38.72,0.12,88.0,487.98,8.28,21.28,0.29,0.51
589,47.65,0.1,90.0,377.05,8.39,19.34,0.11,0.56
590,60.65,0.12,88.0,564.41,2.64,32.83,0.23,0.59
591,57.71,0.07,93.0,440.81,4.15,39.6,0.36,0.59
592,70.24,0.04,96.0,332.35,3.05,38.2,0.16,0.74
593,64.04,0.05,95.0,483.57,5.55,24.89,0.14,0.64
594,66.88,0.07,93.0,124.83,2.44,33.59,0.3,0.46
595,50.86,0.09,91.0,451.52,5.48,29.86,0.3,0.66
596,57.78,0.05,95.0,342.76,4.72,32.06,0.48,0.63
597,50.78,0.11,89.0,589.97,2.96,40.21,0.45,0.7
598,59.98,0.09,91.0,446.19,3.03,39.67,0.4,0.64
599,42.12,0.12,88.0,527.43,6.39,27.29,0.36,0.71
600,53.5,0.07,93.0,408.88,5.45,36.26,0.3,0.78
601,40.55,0.11,89.0,407.6,4.88,37.86,0.51,0.43
602,60.79,0.08,92.0,240.64,4.22,31.64,0.26,0.42
603,53.99,0.11,89.0,349.27,2.51,39.39,0.44,0.36
604,54.82,0.02,98.0,397.81,5.67,35.55,0.46,0.35
605,60.52,0.14,86.0,316.9,1.23,32.87,0.17,0.56
606,57.71,0.11,89.0,489.99,2.16,35.85,0.3,0.48
607,66.71,0.06,94.0,290.78,1.92,40.87,0.34,0.43
608,51.99,0.06,94.0,426.39,9.74,23.85,0.14,0.38
609,51.26,0.06,94.0,490.32,8.0,26.73,0.26,0.53
610,64.64,0.06,94.0,650.45,3.89,39.57,0.24,0.42
611,60.07,0.06,94.0,441.84,4.98,34.42,0.31,0.4
612,59.17,0.06,94.0,359.09,6.57,28.65,0.19,0.43
613,43.29,0.05,95.0,360.77,10.86,18.12,0.35,0.46
614,66.94,0.04,96.0,563.78,3.78,35.91,0.3,0.42
615,60.44,0.06,94.0,371.61,5.15,32.23,0.24,0.39
616,58.82,0.12,88.0,281.0,2.27,33.68,0.22,0.37
617,63.08,0.06,94.0,356.1,4.82,38.4,0.19,0.46
618,50.94,0.11,89.0,446.18,4.7,37.08,0.33,0.43
619,47.85,0.12,88.0,456.79,4.91,34.43,0.41,0.53
620,57.95,0.07,93.0,372.53,6.41,23.08,0.22,0.41
621,59.25,0.09,91.0,290.79,4.56,35.34,0.35,0.43
622,52.59,0.13,87.0,528.11,3.66,28.45,0.32,0.38
623,53.21,0.04,96.0,114.22,6.58,31.62,0.39,0.36
624,55.51,0.08,92.0,448.84,6.0,26.27,0.26,0.36
625,60.55,0.02,98.0,421.54,5.51,35.76,0.41,0.4
626,57.77,0.11,89.0,392.66,3.83,29.84,0.23,0.54
627,45.02,0.09,91.0,312.99,8.84,22.62,0.22,0.42
628,64.29,0.1,90.0,451.69,3.06,35.52,0.07,0.38
629,42.52,0.08,92.0,431.83,6.59,33.29,0.36,0.45
630,64.99,0.04,96.0,552.79,3.63,35.93,0.3,0.59
631,45.1,0.11,89.0,576.94,7.82,25.92,0.28,0.57
632,46.45,0.1,90.0,448.09,6.36,32.34,0.46,0.53
633,57.03,0.03,97.0,354.3,7.63,28.01,0.32,0.66
634,46.33,0.14,86.0,457.16,5.37,32.64,0.23,0.63
635,53.35,0.07,93.0,430.22,6.09,32.09,0.26,0.53
636,62.44,0.09,91.0,448.86,3.69,31.7,0.28,0.56
637,47.27,0.08,92.0,452.98,8.49,19.84,0.25,0.57
638,48.39,0.08,92.0,344.67,5.65,34.62,0.42,0.9
639,60.65,0.11,89.0,374.06,2.75,33.9,0.22,0.64
640,66.18,0.06,94.0,392.64,4.76,32.78,0.21,0.59
641,35.27,0.1,90.0,283.26,8.5,23.55,0.4,0.72
642,67.78,0.08,92.0,420.11,1.61,35.56,0.21,0.6
643,57.44,0.12,88.0,576.7,2.65,41.56,0.22,0.53
644,55.11,0.09,91.0,416.46,4.22,34.98,0.43,0.52
645,61.16,0.1,90.0,202.14,4.44,36.62,0.16,0.63
646,61.27,0.1,90.0,435.84,2.69,37.55,0.15,0.72
647,49.95,0.11,89.0,625.24,5.15,36.06,0.35,0.44
648,61.42,0.04,96.0,538.25,5.33,27.99,0.31,0.46
649,62.01,0.09,91.0,406.25,3.71,39.95,0.32,0.63
650,68.32,0.05,95.0,389.39,4.73,36.35,0.11,0.66
651,54.71,0.09,91.0,382.57,3.82,30.38,0.42,0.55
652,71.52,0.06,94.0,377.44,1.72,34.89,0.28,0.37
653,45.21,0.12,88.0,179.14,6.24,33.71,0.44,0.33
654,59.1,0.11,89.0,336.27,4.89,31.55,0.07,0.43
655,55.21,0.1,90.0,458.86,5.3,34.63,0.3,0.4
656,62.07,0.08,92.0,364.86,2.06,38.42,0.34,0.49
657,49.74,0.05,95.0,431.58,5.92,33.8,0.53,0.7
658,58.7,0.11,89.0,450.06,2.58,42.03,0.32,0.75
659,46.3,0.04,96.0,582.56,5.95,30.89,0.45,0.79
660,54.96,0.06,94.0,336.57,6.19,23.72,0.32,0.51
661,56.04,0.07,93.0,393.37,7.75,22.05,0.1,0.7
662,64.66,0.06,94.0,265.46,3.12,38.39,0.32,0.75
663,59.2,0.03,97.0,432.02,4.49,34.47,0.49,0.73
664,64.17,0.08,92.0,378.48,2.89,36.72,0.27,0.61
665,48.0,0.1,90.0,595.94,5.7,26.17,0.32,0.63
666,61.55,0.11,89.0,261.8,3.17,34.45,0.24,0.51
667,57.2,0.09,91.0,435.24,3.64,33.66,0.26,0.35
668,50.76,0.08,92.0,431.25,4.24,42.65,0.5,0.39
669,66.72,0.04,96.0,452.86,3.04,33.94,0.34,0.41
670,50.41,0.09,91.0,398.77,6.67,27.36,0.29,0.35
671,64.42,0.09,91.0,439.22,1.75,37.21,0.3,0.46
672,61.35,0.06,94.0,351.96,4.05,36.65,0.33,0.55
673,52.64,0.11,89.0,503.01,4.75,30.93,0.32,0.36
674,65.48,0.01,99.0,297.04,7.65,22.96,0.21,0.46
675,58.55,0.07,93.0,416.2,3.78,30.74,0.34,0.41
676,59.41,0.05,95.0,411.94,4.4,33.47,0.29,0.55
677,33.14,0.07,93.0,687.32,9.08,16.89,0.61,0.57
678,58.13,0.1,90.0,488.41,3.49,28.31,0.29,0.57
679,43.77,0.04,96.0,544.77,7.69,25.33,0.56,0.55
680,69.49,0.03,97.0,419.9,2.9,28.68,0.19,0.44
681,62.37,0.11,89.0,484.24,1.89,37.07,0.29,0.59
682,51.89,0.1,90.0,496.02,4.31,37.3,0.43,0.64
683,60.08,0.06,94.0,364.75,6.9,23.7,0.22,0.8
684,62.06,0.03,97.0,440.18,6.3,26.59,0.31,0.78
685,50.99,0.1,90.0,366.19,5.56,24.55,0.31,0.85
686,54.78,0.08,92.0,499.62,4.91,30.19,0.31,0.75
687,60.62,0.1,90.0,365.43,2.02,40.27,0.21,0.58
688,47.41,0.09,91.0,565.67,5.76,35.22,0.56,0.53
689,64.08,0.07,93.0,442.52,3.6,30.73,0.28,0.53
690,54.14,0.09,91.0,495.32,4.07,34.45,0.32,0.49
691,49.75,0.08,92.0,519.83,5.41,38.16,0.49,0.54
692,62.54,0.06,94.0,464.19,2.28,41.15,0.52,0.37
693,58.98,0.07,93.0,534.45,4.06,33.81,0.42,0.33
694,65.56,0.04,96.0,458.99,3.15,37.8,0.37,0.49
695,58.54,0.06,94.0,547.15,2.35,38.13,0.47,0.35
696,52.64,0.05,95.0,496.96,6.91,26.11,0.42,0.37
697,55.17,0.06,94.0,550.31,4.85,32.98,0.48,0.44
698,66.22,0.09,91.0,554.12,2.0,35.48,0.14,0.32
699,63.54,0.04,96.0,402.57,4.04,38.4,0.36,0.36
700,66.13,0.04,96.0,476.74,5.5,29.03,0.24,0.47
701,58.98,0.06,94.0,402.45,3.18,44.69,0.47,0.53
702,71.41,0.07,93.0,352.54,1.62,39.03,0.11,0.49
703,75.09,0.05,95.0,442.77,1.78,36.45,0.21,0.5
704,50.5,0.11,89.0,450.43,6.43,24.01,0.31,0.73
705,63.45,0.1,90.0,263.4,1.99,37.23,0.32,0.61
706,42.34,0.12,88.0,388.85,9.33,21.17,0.18,0.64
707,43.6,0.09,91.0,439.06,4.15,30.48,0.61,0.64
708,61.83,0.08,92.0,547.44,3.55,40.38,0.28,0.62
709,51.52,0.09,91.0,559.3,7.59,22.92,0.22,0.62
710,53.97,0.08,92.0,343.66,4.65,30.33,0.38,0.7
711,64.99,0.04,96.0,573.03,4.14,32.11,0.28,0.69
712,46.36,0.07,93.0,403.68,6.71,29.57,0.37,0.52
713,53.49,0.04,96.0,448.47,4.79,33.61,0.56,0.61
714,53.7,0.06,94.0,507.27,5.02,32.06,0.43,0.64
715,74.27,0.05,95.0,408.6,2.97,35.42,0.23,0.46
716,56.82,0.05,95.0,366.84,4.93,39.29,0.38,0.58
717,61.27,0.08,92.0,602.66,4.29,28.9,0.31,0.51
718,58.93,0.09,91.0,434.49,4.85,29.54,0.3,0.73
719,67.01,0.08,92.0,411.07,2.82,39.39,0.24,0.67
720,40.4,0.06,94.0,424.56,7.83,31.28,0.51,0.57
721,60.62,0.08,92.0,434.5,2.91,35.81,0.3,0.69
722,58.75,0.04,96.0,396.34,3.79,32.77,0.45,0.64
723,71.79,0.08,92.0,479.96,1.84,37.88,0.19,0.49
724,54.27,0.03,97.0,602.67,5.9,32.85,0.46,0.53
725,69.17,0.07,93.0,500.73,2.13,36.74,0.21,0.69
726,45.98,0.04,96.0,481.75,9.73,19.65,0.35,0.4
727,47.67,0.03,97.0,328.41,8.78,27.0,0.38,0.42
728,67.86,0.05,95.0,469.03,2.99,36.78,0.29,0.55
729,59.31,0.07,93.0,521.1,4.41,42.42,0.37,0.57
730,63.66,0.07,93.0,636.18,2.38,40.09,0.32,0.54
731,50.98,0.06,94.0,476.02,4.87,35.47,0.46,0.56
732,35.75,0.05,95.0,431.33,9.6,17.6,0.53,0.63
733,57.22,0.06,94.0,426.15,3.94,37.92,0.29,0.75
734,69.43,0.06,94.0,286.81,3.77,33.03,0.16,0.48
735,58.73,0.05,95.0,347.03,6.93,23.47,0.26,0.43
736,63.41,0.07,93.0,553.43,4.95,33.82,0.28,0.39
737,65.13,0.03,97.0,500.11,2.35,37.65,0.55,0.45
738,61.47,0.02,98.0,461.9,7.38,29.35,0.16,0.37
739,49.45,0.06,94.0,602.97,8.31,25.67,0.34,0.66
740,30.59,0.02,98.0,457.11,14.69,12.14,0.41,0.67
741,55.44,0.06,94.0,425.96,5.72,29.6,0.37,0.61
742,46.0,0.12,88.0,295.37,2.84,38.92,0.58,0.56
743,76.76,0.02,98.0,380.01,1.92,39.78,0.31,0.49
744,45.58,0.09,91.0,415.45,3.4,34.42,0.56,0.66
745,45.91,0.05,95.0,400.51,5.42,32.92,0.62,0.58
746,62.71,0.11,89.0,348.88,1.51,39.56,0.25,0.6
747,66.62,0.06,94.0,266.22,2.82,36.34,0.23,0.55
748,59.42,0.05,95.0,471.57,3.19,33.85,0.44,0.53
749,61.67,0.05,95.0,591.51,3.55,35.66,0.4,0.62
750,57.05,0.05,95.0,523.92,5.53,28.51,0.18,0.55
751,60.48,0.07,93.0,460.47,3.07,28.65,0.38,0.6
752,61.4,0.06,94.0,478.93,4.03,39.88,0.35,0.76
753,67.1,0.08,92.0,384.39,2.72,33.65,0.21,0.6
754,51.93,0.07,93.0,528.58,5.41,35.19,0.45,0.46
755,62.65,0.05,95.0,512.33,3.92,38.92,0.41,0.58
756,66.22,0.05,95.0,464.11,2.23,37.33,0.38,0.58
757,67.55,0.04,96.0,372.35,3.83,34.07,0.35,0.53
758,49.82,0.05,95.0,394.06,6.44,29.9,0.51,0.63
759,61.72,0.05,95.0,352.86,3.62,33.18,0.28,0.72
760,57.4,0.07,93.0,600.01,3.42,38.1,0.46,0.5
761,56.1,0.07,93.0,458.94,3.03,34.42,0.4,0.38
762,71.14,0.05,95.0,457.54,2.19,41.61,0.09,0.37
763,63.05,0.04,96.0,353.77,5.03,31.71,0.33,0.36
764,67.22,0.06,94.0,490.18,2.95,38.42,0.33,0.35
765,53.41,0.02,98.0,597.14,8.71,18.48,0.41,0.39
766,55.21,0.04,96.0,500.84,7.21,24.18,0.28,0.4
767,76.53,0.04,96.0,513.97,1.79,35.13,0.33,0.42
768,48.2,0.07,93.0,481.47,5.2,34.78,0.55,0.72
769,61.55,0.05,95.0,507.2,3.13,36.64,0.42,0.58
770,70.3,0.03,97.0,325.81,3.14,38.08,0.32,0.7
771,56.75,0.03,97.0,608.67,4.18,36.88,0.54,0.32
772,66.12,0.02,98.0,362.93,2.31,40.49,0.56,0.34
773,53.07,0.07,93.0,413.86,4.19,34.1,0.4,0.35
774,57.66,0.07,93.0,499.72,2.78,34.96,0.51,0.65
775,66.4,0.08,92.0,438.26,2.71,36.4,0.2,0.52
776,45.35,0.06,94.0,451.03,7.4,18.48,0.56,0.58
777,69.61,0.03,97.0,470.02,3.95,39.57,0.29,0.55
778,43.43,0.06,94.0,500.07,9.19,19.34,0.41,0.34
779,55.28,0.03,97.0,469.31,4.89,41.3,0.38,0.58
780,56.06,0.08,92.0,329.84,2.72,35.27,0.46,0.74
781,67.64,0.04,96.0,355.38,2.2,39.41,0.37,0.7
782,66.9,0.05,95.0,408.73,2.44,33.87,0.35,0.48
783,55.79,0.05,95.0,384.84,4.06,40.05,0.49,0.38
784,63.11,0.01,99.0,480.1,3.45,35.92,0.58,0.36
785,54.58,0.07,93.0,205.51,7.21,22.49,0.24,0.38
786,67.92,0.04,96.0,431.27,2.55,42.17,0.34,0.37
787,66.98,0.04,96.0,441.35,2.81,44.39,0.39,0.55
788,61.18,0.04,96.0,420.39,3.88,39.65,0.34,0.46
789,58.9,0.04,96.0,326.08,5.2,36.96,0.38,0.35
790,55.63,0.06,94.0,397.83,5.55,34.21,0.38,0.32
791,68.19,0.02,98.0,463.92,4.63,27.13,0.34,0.37
792,60.1,0.04,96.0,390.61,3.0,40.24,0.54,0.34
793,60.39,0.03,97.0,419.17,3.19,44.95,0.6,0.34
794,74.23,0.02,98.0,471.47,4.85,30.97,0.25,0.33
795,57.61,0.08,92.0,488.7,2.76,38.47,0.48,0.42
796,54.09,0.07,93.0,320.58,3.05,33.97,0.54,0.4
797,62.23,0.07,93.0,314.19,2.39,41.84,0.36,0.36
798,69.06,0.01,99.0,336.16,3.44,34.95,0.38,0.41
799,66.06,0.01,99.0,346.69,3.62,36.2,0.46,0.37
800,60.63,0.04,96.0,401.7,5.81,24.15,0.23,0.38
801,71.87,0.03,97.0,503.68,2.64,39.23,0.36,0.43
802,66.21,0.02,98.0,433.82,2.8,38.63,0.42,0.36
803,57.25,0.08,92.0,410.93,3.77,33.02,0.3,0.4
804,62.9,0.04,96.0,216.91,5.73,28.87,0.3,0.4
805,56.51,0.03,97.0,362.96,6.44,28.05,0.39,0.36
806,51.24,0.07,93.0,356.21,2.44,41.95,0.61,0.48
807,69.57,0.0,100.0,567.29,4.21,28.03,0.31,0.42
808,48.69,0.09,91.0,611.75,3.38,33.97,0.41,0.64
809,60.22,0.06,94.0,476.06,3.49,36.61,0.43,0.65
810,59.76,0.08,92.0,409.01,4.74,31.17,0.18,0.57
811,73.37,0.04,96.0,332.35,3.46,32.6,0.11,0.59
812,55.99,0.07,93.0,445.2,3.23,37.66,0.46,0.52
813,55.56,0.04,96.0,517.91,3.68,37.32,0.55,0.57
814,59.27,0.04,96.0,515.67,6.0,31.06,0.36,0.64
815,62.06,0.05,95.0,394.09,4.02,39.15,0.37,0.46
816,58.63,0.04,96.0,347.07,2.55,38.18,0.46,0.42
817,59.07,0.06,94.0,523.6,3.47,40.13,0.5,0.44
818,67.4,0.04,96.0,363.68,3.44,36.04,0.34,0.48
819,58.39,0.05,95.0,596.43,3.2,36.58,0.44,0.5
820,72.38,0.04,96.0,503.2,2.7,37.5,0.2,0.35
821,73.76,0.02,98.0,507.42,4.31,29.51,0.16,0.4
822,76.65,0.02,98.0,471.07,1.84,40.25,0.35,0.41
823,58.23,0.01,99.0,474.06,7.69,25.19,0.46,0.42
824,74.8,0.02,98.0,506.31,2.14,36.24,0.35,0.37
825,50.22,0.04,96.0,512.81,6.02,22.78,0.35,0.36
826,54.15,0.06,94.0,405.34,6.81,32.45,0.3,0.36
827,67.19,0.03,97.0,557.75,2.63,38.05,0.43,0.37
828,65.44,0.05,95.0,581.13,2.2,36.71,0.36,0.33
829,73.97,0.03,97.0,452.31,1.31,30.14,0.3,0.44
830,65.84,0.05,95.0,501.44,3.47,33.98,0.25,0.37
831,55.75,0.05,95.0,399.81,6.4,32.03,0.31,0.41
832,65.6,0.04,96.0,445.36,5.09,29.87,0.25,0.36
833,35.98,0.15,85.0,304.73,6.33,22.05,0.41,0.43
834,50.15,0.05,95.0,294.18,6.25,23.36,0.43,0.36
835,52.65,0.05,95.0,403.58,6.78,32.91,0.41,0.41
836,56.89,0.03,97.0,286.41,5.73,40.55,0.43,0.42
837,56.8,0.04,96.0,610.34,3.62,36.72,0.57,0.39
838,67.09,0.05,95.0,478.86,1.79,41.31,0.42,0.37
839,59.28,0.04,96.0,199.07,5.15,20.5,0.36,0.43
840,57.42,0.05,95.0,333.33,3.66,38.75,0.48,0.39
841,54.85,0.09,91.0,334.66,3.23,36.79,0.29,0.39
842,36.74,0.05,95.0,371.72,10.19,19.07,0.57,0.4
843,48.45,0.09,91.0,491.58,7.05,27.97,0.18,0.48
844,67.84,0.07,93.0,352.92,2.21,39.48,0.23,0.4
845,55.93,0.07,93.0,307.88,4.14,35.71,0.35,0.41
846,58.6,0.07,93.0,499.74,3.71,40.13,0.22,0.38
847,47.49,0.04,96.0,486.58,8.85,18.09,0.36,0.38
848,48.41,0.03,97.0,585.1,8.21,21.51,0.37,0.32
849,65.94,0.03,97.0,575.42,2.38,35.99,0.51,0.37
850,64.9,0.08,92.0,393.05,3.5,35.11,0.24,0.37
851,34.96,0.04,96.0,351.11,9.0,18.56,0.64,0.42
852,31.44,0.05,95.0,511.0,8.76,21.23,0.69,0.51
853,50.58,0.04,96.0,411.76,3.75,40.25,0.65,0.56
854,72.46,0.02,98.0,453.28,2.66,38.82,0.25,0.69
855,58.0,0.02,98.0,215.32,4.7,37.1,0.44,0.71
856,54.97,0.06,94.0,367.09,4.84,33.84,0.37,0.68
857,73.86,0.02,98.0,346.62,2.33,34.81,0.39,0.51
858,72.76,0.05,95.0,491.58,1.84,38.92,0.18,0.46
859,53.45,0.03,97.0,301.85,7.29,23.07,0.54,0.63
860,67.2,0.03,97.0,387.7,4.57,30.51,0.3,0.47
861,59.28,0.03,97.0,456.34,7.96,21.96,0.3,0.42
862,66.33,0.07,93.0,228.3,5.11,28.3,0.04,0.6
863,46.59,0.04,96.0,258.57,9.01,17.79,0.47,0.51
864,53.29,0.05,95.0,610.91,5.6,33.03,0.47,0.4
865,53.17,0.04,96.0,498.97,4.33,37.62,0.57,0.35
866,59.54,0.05,95.0,381.95,3.91,41.55,0.49,0.53
867,57.54,0.05,95.0,471.41,3.89,33.42,0.49,0.48
868,64.76,0.03,97.0,496.65,2.69,39.66,0.49,0.53
869,53.64,0.04,96.0,535.69,7.41,17.87,0.37,0.49
870,58.14,0.07,93.0,605.09,3.35,39.83,0.45,0.45
871,69.66,0.05,95.0,441.4,1.97,38.64,0.3,0.45
872,77.71,0.02,98.0,580.8,1.64,40.65,0.24,0.53
873,55.19,0.04,96.0,597.47,3.75,42.27,0.54,0.5
874,59.16,0.05,95.0,645.54,4.54,29.41,0.44,0.53
875,56.95,0.03,97.0,478.8,3.11,36.14,0.63,0.54
876,57.28,0.02,98.0,272.96,5.1,40.75,0.49,0.54
877,67.09,0.02,98.0,328.83,3.77,43.71,0.28,0.4
878,66.92,0.04,96.0,598.16,2.33,43.18,0.28,0.39
879,70.56,0.02,98.0,574.74,2.67,37.12,0.35,0.4
880,58.22,0.03,97.0,640.68,2.93,40.66,0.6,0.37
881,66.8,0.03,97.0,363.59,4.51,25.75,0.35,0.35
882,70.22,0.03,97.0,517.86,1.51,38.29,0.41,0.41
883,59.66,0.04,96.0,543.31,4.15,39.63,0.49,0.39
884,71.03,0.03,97.0,480.37,1.57,37.22,0.35,0.5
885,58.77,0.09,91.0,309.49,3.48,25.1,0.34,0.54
886,66.37,0.05,95.0,328.31,3.57,30.32,0.3,0.46
887,79.7,0.01,99.0,580.88,2.64,32.76,0.21,0.4
888,62.71,0.06,94.0,532.84,3.08,34.1,0.3,0.39
889,57.7,0.01,99.0,617.9,3.68,40.64,0.64,0.37
890,63.33,0.02,98.0,523.08,4.0,27.87,0.45,0.37
891,44.66,0.06,94.0,443.78,10.47,15.31,0.24,0.4
892,51.95,0.04,96.0,545.62,5.46,39.7,0.6,0.35
893,67.51,0.04,96.0,420.11,5.28,31.16,0.13,0.39
894,58.85,0.0,100.0,376.32,5.32,38.25,0.49,0.38
895,65.12,0.07,93.0,423.8,2.1,40.77,0.31,0.34
896,60.09,0.07,93.0,440.93,2.38,35.95,0.39,0.35
897,69.34,0.02,98.0,665.39,2.44,40.84,0.4,0.42
898,71.48,0.04,96.0,569.67,2.7,39.44,0.26,0.43
899,43.55,0.09,91.0,656.49,5.67,30.09,0.44,0.38
900,72.58,0.02,98.0,248.42,2.0,34.03,0.42,0.38
901,64.7,0.03,97.0,326.09,2.24,40.25,0.55,0.4
902,85.37,0.02,98.0,260.08,1.62,33.72,0.17,0.55
903,67.34,0.01,99.0,382.72,4.31,32.71,0.38,0.55
904,60.46,0.05,95.0,292.32,2.83,38.06,0.49,0.61
905,42.99,0.02,98.0,501.16,10.41,20.83,0.5,0.56
906,52.01,0.03,97.0,462.44,4.6,42.29,0.65,0.41
907,43.34,0.02,98.0,226.73,7.72,21.88,0.62,0.42
908,50.64,0.02,98.0,344.27,9.37,20.16,0.38,0.54
909,59.53,0.01,99.0,236.85,4.26,39.07,0.6,0.66
910,49.48,0.01,99.0,406.5,7.1,23.74,0.56,0.37
911,48.8,0.05,95.0,460.63,4.69,36.59,0.58,0.37
912,73.72,0.01,99.0,529.39,3.88,25.05,0.3,0.55
913,73.48,0.02,98.0,398.7,4.21,27.45,0.26,0.51
914,64.37,0.05,95.0,525.85,2.72,45.19,0.45,0.6
915,47.06,0.06,94.0,272.43,7.08,27.55,0.41,0.52
916,66.24,0.0,100.0,489.72,3.65,37.54,0.33,0.41
917,64.0,0.05,95.0,308.01,5.06,33.77,0.3,0.39
918,61.39,0.03,97.0,226.6,6.5,18.24,0.31,0.39
919,70.16,0.02,98.0,525.24,2.41,35.31,0.42,0.36
920,60.71,0.02,98.0,556.36,2.48,36.27,0.62,0.37
921,61.4,0.07,93.0,552.06,4.37,37.88,0.16,0.44
922,51.02,0.05,95.0,342.92,6.02,33.43,0.37,0.56
923,58.28,0.0,100.0,449.62,5.6,31.41,0.49,0.4
924,58.09,0.04,96.0,410.04,4.19,40.22,0.5,0.37
925,64.56,0.02,98.0,404.1,3.27,36.92,0.45,0.44
926,65.37,0.04,96.0,343.39,4.91,31.53,0.26,0.37
927,40.22,0.06,94.0,387.5,7.87,20.81,0.57,0.47
928,60.18,0.0,100.0,461.67,3.82,40.13,0.63,0.4
929,63.15,0.06,94.0,474.38,4.66,25.7,0.28,0.39
930,57.32,0.03,97.0,247.21,3.73,41.15,0.62,0.47
931,59.56,0.04,96.0,216.19,2.39,37.45,0.46,0.43
932,44.85,0.03,97.0,598.93,9.32,17.74,0.5,0.4
933,73.71,0.04,96.0,299.07,3.11,36.36,0.26,0.81
934,69.06,0.02,98.0,634.87,3.41,27.75,0.44,0.69
935,63.05,0.02,98.0,469.29,4.42,27.94,0.36,0.75
936,56.24,0.03,97.0,344.31,7.28,28.45,0.28,0.61
937,64.46,0.02,98.0,426.66,5.2,30.74,0.38,0.7
938,50.11,0.02,98.0,455.27,4.49,34.46,0.62,0.67
939,62.54,0.01,99.0,634.45,5.29,28.62,0.4,0.69
940,61.95,0.0,100.0,509.52,3.7,35.8,0.6,0.78
941,65.38,0.05,95.0,554.17,3.49,30.38,0.31,0.55
942,72.73,0.01,99.0,224.4,4.12,27.58,0.15,0.55
943,71.22,0.01,99.0,364.24,2.85,42.01,0.32,0.66
944,61.79,0.03,97.0,256.08,3.44,31.32,0.53,0.69
945,67.26,0.0,100.0,256.25,2.95,42.95,0.54,0.64
946,69.15,0.02,98.0,280.68,4.16,29.02,0.27,0.51
947,55.99,0.03,97.0,667.09,3.11,40.08,0.66,0.47
948,69.53,0.01,99.0,260.19,5.58,29.2,0.19,0.83
949,76.35,0.04,96.0,175.79,1.67,30.17,0.22,0.87
950,66.19,0.0,100.0,476.89,3.64,38.87,0.45,0.77
951,47.88,0.1,90.0,307.45,5.11,26.7,0.39,0.74
952,75.34,0.0,100.0,579.89,3.25,37.95,0.32,0.64
953,65.15,0.04,96.0,311.2,2.32,41.81,0.44,0.54
954,60.78,0.04,96.0,648.51,4.03,30.45,0.36,0.38
955,68.03,0.04,96.0,377.14,5.24,32.02,0.23,0.5
956,52.57,0.04,96.0,410.03,4.04,30.69,0.63,0.45
957,66.36,0.09,91.0,240.12,2.06,30.35,0.26,0.47
958,48.46,0.01,99.0,450.65,7.43,23.41,0.55,0.51
959,72.8,0.01,99.0,339.48,3.26,33.91,0.37,0.46
960,69.33,0.03,97.0,487.42,3.34,35.76,0.33,0.74
961,70.53,0.01,99.0,420.43,5.06,27.67,0.22,0.62
962,62.07,0.0,100.0,289.01,3.64,44.92,0.45,0.63
963,64.1,0.01,99.0,288.01,3.96,32.71,0.46,0.69
964,51.53,0.01,99.0,369.89,4.73,43.02,0.7,0.72
965,47.83,0.06,94.0,350.18,9.63,18.41,0.23,0.64
966,66.19,0.05,95.0,491.21,2.62,38.21,0.34,0.41
967,75.86,0.01,99.0,445.82,1.88,37.26,0.28,0.48
968,77.02,0.02,98.0,268.12,2.88,35.16,0.2,0.38
969,55.64,0.03,97.0,539.01,3.69,35.61,0.55,0.35
970,57.49,0.02,98.0,340.35,3.1,36.33,0.58,0.54
971,85.77,0.01,99.0,180.37,1.49,28.59,0.21,0.57
972,77.55,0.02,98.0,273.05,1.83,29.75,0.23,0.62
973,62.38,0.0,100.0,639.69,3.55,40.51,0.55,0.55
974,79.66,0.0,100.0,512.91,3.11,35.15,0.2,0.53
975,55.07,0.04,96.0,321.01,8.25,20.67,0.22,0.61
976,72.66,0.01,99.0,260.32,1.88,41.87,0.43,0.62
977,64.32,0.03,97.0,560.11,3.74,30.19,0.4,0.64
978,72.1,0.03,97.0,506.41,2.43,43.91,0.28,0.51
979,71.16,0.02,98.0,531.18,2.08,40.11,0.54,0.66
980,52.54,0.0,100.0,424.23,4.48,39.63,0.72,0.55
981,63.08,0.0,100.0,343.17,2.84,37.23,0.55,0.65
982,73.27,0.05,95.0,267.22,1.92,29.32,0.3,0.71
983,55.27,0.11,89.0,212.41,2.2,22.08,0.44,0.72
984,53.36,0.01,99.0,237.82,4.48,38.95,0.71,0.6
985,73.78,0.02,98.0,495.14,1.78,34.05,0.41,0.55
986,43.98,0.06,94.0,152.25,7.83,13.52,0.39,0.7
987,71.27,0.02,98.0,383.87,2.38,37.32,0.37,0.74
988,75.88,0.0,100.0,390.71,2.48,36.01,0.26,0.53
989,56.58,0.02,98.0,196.66,4.61,38.61,0.45,0.75
990,71.22,0.0,100.0,330.57,5.11,26.54,0.3,0.63
991,60.23,0.02,98.0,522.21,2.0,40.72,0.6,0.68
992,59.17,0.02,98.0,342.25,3.61,32.83,0.49,0.72
993,75.07,0.02,98.0,332.47,2.23,35.12,0.35,0.55
994,60.07,0.01,99.0,592.26,4.36,46.43,0.58,0.35
995,63.03,0.0,100.0,316.0,4.42,38.43,0.52,0.37
996,69.78,0.03,97.0,435.08,4.43,27.4,0.17,0.55
997,71.65,0.04,96.0,385.59,1.89,33.44,0.28,0.58
998,73.2,0.04,96.0,516.97,2.42,34.56,0.24,0.7
999,66.38,0.01,99.0,247.93,5.18,36.48,0.51,0.5
1000,59.45,0.0,100.0,348.76,2.7,31.47,0.7,0.6
1001,64.57,0.0,100.0,401.33,2.93,38.93,0.64,0.69
1002,51.45,0.0,100.0,555.06,4.4,42.79,0.73,0.58
1003,66.08,0.02,98.0,524.62,3.19,40.76,0.45,0.66
1004,82.9,0.02,98.0,558.17,1.85,37.7,0.25,0.53
1005,39.77,0.01,99.0,649.86,9.37,15.26,0.6,0.62
1006,62.73,0.02,98.0,479.71,2.38,38.49,0.47,0.54
1007,51.21,0.0,100.0,532.26,4.76,41.62,0.69,0.54
1008,74.71,0.04,96.0,531.86,1.83,35.41,0.23,0.56
1009,75.03,0.03,97.0,400.68,2.83,39.24,0.29,0.53
1010,74.46,0.0,100.0,602.42,2.41,39.41,0.48,0.61
1011,74.81,0.01,99.0,616.52,3.05,34.54,0.36,0.54
1012,47.17,0.02,98.0,500.74,8.9,23.6,0.27,0.47
1013,68.65,0.07,93.0,339.33,3.33,33.67,0.22,0.65
1014,54.86,0.02,98.0,346.0,6.98,27.35,0.37,0.68
1015,65.09,0.05,95.0,499.89,2.15,40.05,0.45,0.52
1016,61.66,0.06,94.0,419.32,3.39,29.65,0.27,0.47
1017,68.97,0.01,99.0,487.31,1.94,39.83,0.47,0.46
1018,65.54,0.02,98.0,694.83,2.29,38.19,0.47,0.59
1019,63.82,0.07,93.0,159.65,3.6,18.61,0.33,0.75
1020,69.5,0.01,99.0,515.14,2.28,41.82,0.48,0.58
1021,63.28,0.04,96.0,322.27,3.46,35.02,0.36,0.6
1022,67.57,0.04,96.0,678.57,3.33,34.56,0.35,0.62
1023,68.74,0.02,98.0,562.61,2.46,43.18,0.42,0.68
1024,66.42,0.05,95.0,441.44,5.06,29.99,0.27,0.5
1025,54.43,0.09,91.0,353.36,3.7,32.59,0.44,0.42
1026,61.63,0.02,98.0,447.33,5.01,27.74,0.39,0.45
1027,63.48,0.03,97.0,647.44,2.65,36.65,0.48,0.39
1028,64.61,0.02,98.0,423.35,4.33,32.48,0.45,0.39
1029,69.86,0.0,100.0,632.02,3.4,26.68,0.46,0.69
1030,71.33,0.0,100.0,496.03,2.21,31.44,0.51,0.62
1031,66.36,0.03,97.0,174.21,3.48,25.42,0.33,0.44
1032,45.33,0.06,94.0,541.25,9.32,20.45,0.36,0.51
1033,56.46,0.05,95.0,347.83,4.72,31.69,0.44,0.39
1034,55.39,0.03,97.0,546.65,4.52,43.57,0.57,0.41
1035,61.02,0.02,98.0,458.94,2.58,36.68,0.5,0.58
1036,66.66,0.01,99.0,467.71,2.11,36.03,0.6,0.49
1037,75.55,0.02,98.0,263.22,2.8,37.6,0.36,0.52
1038,48.33,0.01,99.0,598.74,7.34,20.64,0.65,0.48
1039,59.32,0.01,99.0,483.53,3.53,39.62,0.6,0.46
1040,74.51,0.03,97.0,391.32,2.58,38.95,0.17,0.45
1041,50.07,0.04,96.0,305.99,9.88,15.92,0.27,0.65
1042,68.96,0.01,99.0,594.67,3.83,33.16,0.43,0.43
1043,52.66,0.03,97.0,403.93,3.7,35.69,0.63,0.45
1044,57.12,0.01,99.0,334.99,4.97,29.7,0.53,0.57
1045,59.21,0.01,99.0,388.38,6.89,26.6,0.39,0.69
1046,80.19,0.01,99.0,354.13,1.99,42.12,0.33,0.55
1047,77.63,0.01,99.0,419.44,1.94,42.37,0.35,0.73
1048,49.74,0.03,97.0,368.68,6.62,29.24,0.55,0.82
1049,61.56,0.01,99.0,564.04,2.32,40.35,0.66,0.67
1050,70.37,0.01,99.0,440.09,2.28,35.87,0.44,0.65
1051,69.68,0.0,100.0,413.41,3.52,33.32,0.41,0.75
1052,66.68,0.0,100.0,631.74,3.65,39.5,0.41,0.76
1053,57.52,0.01,99.0,593.36,2.99,40.03,0.7,0.7
1054,70.79,0.0,100.0,497.53,2.27,41.4,0.45,0.62
1055,59.46,0.04,96.0,619.31,3.67,40.5,0.44,0.59
1056,80.32,0.02,98.0,513.5,2.21,38.78,0.2,0.69
1057,53.83,0.02,98.0,557.09,3.73,37.32,0.59,0.7
1058,66.64,0.01,99.0,160.15,3.11,29.95,0.51,0.72
1059,62.24,0.01,99.0,354.18,3.05,37.57,0.57,0.64
1060,69.64,0.03,97.0,431.59,4.28,31.86,0.26,0.77
1061,64.93,0.01,99.0,263.49,3.9,41.03,0.36,0.68
1062,55.49,0.03,97.0,378.03,2.92,32.74,0.65,0.65
1063,61.91,0.01,99.0,432.61,3.7,31.06,0.37,0.65
1064,73.48,0.07,93.0,375.63,1.91,35.67,0.25,0.67
1065,34.45,0.12,88.0,224.86,10.1,11.44,0.27,0.82
1066,68.57,0.0,100.0,376.31,2.87,35.9,0.56,0.73
1067,56.29,0.03,97.0,472.49,5.46,28.62,0.51,0.68
1068,64.48,0.01,99.0,398.86,3.54,41.07,0.44,0.59
1069,66.31,0.02,98.0,348.09,4.93,22.89,0.43,0.58
1070,52.06,0.03,97.0,311.43,8.7,28.88,0.42,0.71
1071,54.52,0.04,96.0,465.82,6.44,34.67,0.31,0.74
1072,59.0,0.0,100.0,610.99,2.73,34.37,0.68,0.68
1073,62.03,0.0,100.0,496.4,3.7,35.0,0.59,0.51
1074,63.99,0.02,98.0,338.68,2.9,33.51,0.49,0.73
1075,58.6,0.02,98.0,432.42,3.61,38.64,0.63,0.74
1076,52.71,0.0,100.0,273.15,4.36,43.03,0.72,0.66
1077,71.5,0.0,100.0,455.09,2.84,38.71,0.44,0.64
1078,50.96,0.02,98.0,479.12,4.45,33.83,0.61,0.55
1079,61.78,0.03,97.0,551.38,3.79,36.32,0.46,0.63
1080,57.37,0.03,97.0,589.25,3.5,39.12,0.57,0.72
1081,74.53,0.04,96.0,462.0,3.19,35.63,0.22,0.74
1082,51.66,0.0,100.0,380.02,5.4,40.15,0.66,0.69
1083,67.65,0.01,99.0,419.69,2.03,35.72,0.56,0.78
1084,63.06,0.01,99.0,379.49,2.46,43.03,0.56,0.79
1085,65.91,0.04,96.0,336.16,6.02,28.56,0.13,0.8
1086,57.08,0.01,99.0,399.2,6.14,28.62,0.58,0.72
1087,59.74,0.04,96.0,221.68,4.82,27.73,0.47,0.66
1088,58.05,0.01,99.0,251.19,8.51,21.64,0.22,0.64
1089,79.18,0.01,99.0,404.96,1.58,37.48,0.22,0.75
1090,39.07,0.03,97.0,527.19,8.41,21.66,0.51,0.67
1091,83.9,0.04,96.0,152.79,1.19,28.24,0.08,0.69
1092,56.41,0.02,98.0,205.98,2.14,37.03,0.73,0.61
1093,68.76,0.01,99.0,332.77,2.72,40.61,0.36,0.64
1094,77.04,0.0,100.0,155.05,1.75,41.42,0.44,0.68
1095,40.57,0.09,91.0,205.51,8.74,21.14,0.41,0.7
1096,60.19,0.06,94.0,266.15,4.39,29.25,0.36,0.7
1097,57.02,0.03,97.0,481.0,2.41,36.47,0.68,0.61
1098,69.67,0.02,98.0,385.37,2.81,38.33,0.44,0.58
1099,84.74,0.01,99.0,166.2,1.75,33.92,0.27,0.71
1100,40.21,0.07,93.0,160.79,7.66,12.96,0.47,0.73
1101,71.91,0.03,97.0,414.77,2.88,35.44,0.22,0.56
1102,62.24,0.01,99.0,294.93,4.94,36.1,0.38,0.7
1103,76.28,0.02,98.0,385.55,2.6,34.41,0.2,0.66
1104,57.36,0.03,97.0,459.94,6.62,31.01,0.37,0.64
1105,59.54,0.03,97.0,446.13,2.31,31.66,0.55,0.7
1106,66.26,0.03,97.0,376.33,3.62,39.93,0.48,0.56
1107,72.28,0.02,98.0,562.29,2.72,37.75,0.34,0.68
1108,66.05,0.0,100.0,572.58,3.05,37.12,0.58,0.68
1109,61.94,0.01,99.0,474.0,4.71,36.47,0.47,0.57
1110,75.34,0.0,100.0,425.2,2.0,41.76,0.36,0.7
1111,68.04,0.0,100.0,339.85,3.13,32.09,0.55,0.57
1112,60.84,0.0,100.0,362.49,3.71,39.0,0.63,0.61
1113,69.32,0.0,100.0,333.47,2.02,41.91,0.52,0.64
1114,63.76,0.02,98.0,311.48,5.66,23.93,0.33,0.77
1115,69.93,0.03,97.0,285.66,3.58,33.89,0.29,0.8
1116,51.37,0.03,97.0,502.72,4.49,42.79,0.7,0.66
1117,75.7,0.0,100.0,494.03,1.99,42.72,0.37,0.7
1118,71.58,0.0,100.0,394.56,2.5,39.57,0.48,0.67
1119,57.65,0.02,98.0,415.51,2.33,44.98,0.71,0.64
1120,72.4,0.01,99.0,282.26,3.25,33.4,0.43,0.44
1121,48.48,0.07,93.0,325.52,9.15,16.65,0.24,0.7
1122,71.96,0.02,98.0,377.34,2.04,38.98,0.39,0.68
1123,62.57,0.02,98.0,633.57,1.79,38.91,0.6,0.69
1124,55.53,0.0,100.0,684.23,4.2,35.43,0.67,0.58
1125,55.74,0.03,97.0,528.36,3.67,41.62,0.5,0.5
1126,76.41,0.02,98.0,288.74,4.12,35.74,0.2,0.65
1127,72.6,0.01,99.0,202.29,3.1,38.52,0.35,0.64
1128,70.28,0.03,97.0,263.9,2.93,34.42,0.31,0.66
1129,70.67,0.02,98.0,355.73,2.59,38.57,0.46,0.54
1130,56.05,0.0,100.0,449.73,4.08,38.16,0.71,0.63
1131,50.36,0.01,99.0,361.84,4.53,41.02,0.72,0.67
1132,69.82,0.01,99.0,488.71,4.64,24.38,0.33,0.54
1133,79.32,0.0,100.0,436.76,2.26,33.37,0.32,0.64
1134,75.81,0.01,99.0,363.03,2.55,41.09,0.32,0.58
1135,68.4,0.02,98.0,412.55,3.64,33.64,0.34,0.57
1136,60.47,0.01,99.0,690.53,2.91,41.82,0.65,0.63
1137,66.39,0.0,100.0,350.64,4.93,25.53,0.37,0.57
1138,68.08,0.01,99.0,560.92,2.3,36.42,0.47,0.62
1139,70.76,0.01,99.0,468.71,1.87,39.56,0.46,0.62
1140,65.23,0.0,100.0,490.48,2.96,37.62,0.62,0.62
1141,55.19,0.02,98.0,362.25,2.86,42.5,0.7,0.62
1142,72.13,0.03,97.0,391.29,2.56,34.37,0.41,0.65
1143,58.89,0.01,99.0,406.85,2.42,43.92,0.66,0.57
1144,70.0,0.0,100.0,379.8,2.5,41.47,0.49,0.64
1145,73.1,0.02,98.0,384.98,3.37,35.48,0.33,0.63
1146,71.39,0.0,100.0,475.64,1.83,39.93,0.46,0.62
1147,78.07,0.01,99.0,564.1,2.01,39.82,0.38,0.7
1148,53.81,0.02,98.0,301.98,5.88,27.91,0.54,0.53
1149,63.61,0.02,98.0,468.29,4.78,34.11,0.22,0.58
1150,62.38,0.01,99.0,352.13,2.25,44.76,0.63,0.57
1151,67.76,0.03,97.0,448.93,2.0,36.61,0.47,0.55
1152,71.63,0.0,100.0,384.1,3.49,42.08,0.45,0.69
1153,69.91,0.01,99.0,467.95,1.84,34.74,0.46,0.68
1154,57.79,0.01,99.0,486.46,2.51,44.61,0.7,0.58
1155,66.44,0.01,99.0,476.42,3.03,40.63,0.51,0.64
1156,72.09,0.06,94.0,352.14,1.63,30.38,0.28,0.63
1157,52.2,0.02,98.0,480.04,4.37,40.18,0.63,0.6
1158,56.53,0.03,97.0,518.2,2.39,39.42,0.69,0.62
1159,57.53,0.07,93.0,263.11,5.33,20.82,0.21,0.68
1160,61.29,0.08,92.0,405.55,2.09,27.7,0.38,0.73
1161,72.37,0.0,100.0,378.6,3.87,41.74,0.38,0.62
1162,66.13,0.0,100.0,507.09,3.24,38.82,0.5,0.54
1163,65.94,0.01,99.0,369.8,3.55,34.37,0.42,0.66
1164,49.09,0.02,98.0,489.68,5.47,37.19,0.56,0.54
1165,59.28,0.01,99.0,366.6,3.24,41.61,0.62,0.56
1166,53.13,0.01,99.0,578.93,4.93,38.17,0.64,0.52
1167,64.52,0.01,99.0,413.29,3.16,33.43,0.52,0.67
1168,56.0,0.03,97.0,477.02,2.09,39.42,0.62,0.73
1169,37.13,0.04,96.0,260.4,12.04,14.46,0.37,0.81
1170,55.1,0.0,100.0,425.88,5.08,41.76,0.68,0.73
1171,71.43,0.0,100.0,447.92,2.64,36.43,0.46,0.64
1172,75.17,0.0,100.0,502.7,1.72,39.59,0.41,0.69
1173,50.44,0.01,99.0,578.52,4.36,39.36,0.74,0.64
1174,63.0,0.0,100.0,396.79,3.32,36.97,0.62,0.75
1175,60.31,0.0,100.0,373.44,2.98,32.53,0.59,0.66
1176,62.95,0.0,100.0,358.21,3.09,40.68,0.61,0.69
1177,54.0,0.0,100.0,239.44,4.36,37.44,0.73,0.68
1178,70.99,0.0,100.0,315.41,2.05,34.6,0.52,0.67
1179,58.65,0.04,96.0,633.37,2.11,38.1,0.59,0.69
1180,72.95,0.0,100.0,393.0,4.99,33.22,0.35,0.72
1181,70.37,0.0,100.0,561.38,2.45,41.71,0.54,0.68
1182,74.04,0.03,97.0,603.56,2.02,40.0,0.36,0.67
1183,58.59,0.01,99.0,591.23,2.05,38.01,0.73,0.66
1184,63.56,0.01,99.0,637.68,2.0,45.59,0.62,0.56
1185,62.59,0.01,99.0,520.57,3.78,41.37,0.59,0.67
1186,58.44,0.01,99.0,580.98,4.78,25.3,0.49,0.6
1187,67.46,0.01,99.0,485.47,2.81,35.08,0.5,0.63
1188,65.76,0.02,98.0,461.88,2.87,34.59,0.36,0.75
1189,62.35,0.02,98.0,654.36,3.02,36.67,0.55,0.67
1190,56.97,0.02,98.0,553.31,4.23,39.51,0.65,0.62
1191,64.96,0.01,99.0,600.95,4.27,27.16,0.45,0.68
1192,64.66,0.02,98.0,556.93,3.65,28.21,0.39,0.74
1193,57.48,0.03,97.0,497.77,2.98,36.56,0.56,0.61
1194,67.56,0.0,100.0,492.8,3.44,33.87,0.42,0.65
1195,66.78,0.0,100.0,580.32,2.71,36.79,0.57,0.57
1196,54.06,0.03,97.0,561.27,7.65,25.56,0.35,0.71
1197,67.14,0.01,99.0,315.28,2.58,38.07,0.47,0.62
1198,56.28,0.07,93.0,481.82,3.25,34.41,0.39,0.75
1199,20.9,0.09,91.0,227.02,13.76,11.52,0.49,0.57
1200,71.44,0.01,99.0,190.71,5.0,25.71,0.32,0.7
1201,59.6,0.07,93.0,343.65,2.59,23.78,0.43,0.74
1202,68.48,0.03,97.0,277.52,2.23,41.39,0.41,0.67
1203,60.66,0.01,99.0,339.35,3.53,38.97,0.52,0.65
1204,64.88,0.0,100.0,383.21,2.7,43.26,0.42,0.69
1205,36.39,0.02,98.0,438.0,8.24,18.84,0.73,0.61
1206,70.89,0.04,96.0,460.5,1.6,29.74,0.39,0.71
1207,47.15,0.13,87.0,338.8,4.53,20.28,0.39,0.72
1208,67.85,0.01,99.0,304.09,7.53,20.23,0.21,0.74
1209,70.46,0.01,99.0,507.48,3.39,26.17,0.31,0.65
1210,76.04,0.01,99.0,453.59,2.29,41.59,0.39,0.71
1211,78.01,0.01,99.0,523.2,1.89,43.23,0.39,0.64
1212,71.01,0.01,99.0,441.53,3.66,32.06,0.37,0.66
1213,63.03,0.0,100.0,322.49,3.27,36.58,0.41,0.6
1214,61.57,0.02,98.0,561.48,2.76,36.18,0.58,0.5
1215,55.91,0.02,98.0,658.05,2.33,37.88,0.72,0.6
1216,61.68,0.03,97.0,497.6,2.73,40.2,0.51,0.72
1217,74.7,0.02,98.0,379.08,2.11,36.27,0.41,0.76
1218,67.41,0.01,99.0,592.26,2.32,41.35,0.49,0.68
1219,63.75,0.04,96.0,528.4,3.0,34.8,0.3,0.65
1220,79.21,0.0,100.0,260.28,3.72,30.73,0.2,0.74
1221,61.98,0.02,98.0,709.97,4.49,38.43,0.52,0.68
1222,79.26,0.0,100.0,476.56,3.27,30.09,0.3,0.63
1223,64.78,0.03,97.0,274.27,2.02,38.9,0.57,0.52
1224,65.78,0.0,100.0,324.94,4.21,37.37,0.38,0.54
1225,56.92,0.04,96.0,447.04,4.73,33.36,0.37,0.69
1226,64.23,0.05,95.0,585.31,3.36,34.68,0.39,0.56
1227,51.66,0.09,91.0,357.36,5.62,17.23,0.27,0.77
1228,76.37,0.05,95.0,486.62,2.09,32.78,0.12,0.63
1229,48.26,0.02,98.0,501.42,4.94,30.87,0.65,0.73
1230,54.05,0.03,97.0,581.55,5.24,41.76,0.59,0.65
1231,81.19,0.01,99.0,361.35,2.06,35.23,0.37,0.67
1232,50.98,0.02,98.0,630.73,7.28,24.43,0.51,0.54
1233,55.59,0.04,96.0,563.95,6.17,25.1,0.39,0.66
1234,75.42,0.01,99.0,215.92,3.38,31.49,0.33,0.71
1235,55.9,0.05,95.0,235.44,2.32,41.44,0.49,0.62
1236,66.78,0.02,98.0,404.1,3.5,34.12,0.41,0.61
1237,38.23,0.07,93.0,319.87,11.44,14.49,0.27,0.73
1238,74.53,0.01,99.0,336.95,3.3,32.69,0.31,0.71
1239,83.01,0.0,100.0,247.28,1.24,37.16,0.37,0.61
1240,60.18,0.08,92.0,362.29,4.68,24.31,0.15,0.72
1241,59.58,0.11,89.0,434.01,2.87,26.95,0.25,0.7
1242,61.91,0.03,97.0,579.92,3.06,34.47,0.57,0.72
1243,65.11,0.0,100.0,549.61,3.98,31.47,0.51,0.75
1244,49.84,0.03,97.0,448.11,5.73,31.9,0.39,0.69
1245,47.04,0.06,94.0,538.98,8.34,28.93,0.45,0.66
1246,77.15,0.0,100.0,593.91,2.42,39.84,0.34,0.67
1247,72.91,0.01,99.0,274.37,5.65,30.57,0.11,0.72
1248,76.39,0.01,99.0,658.81,3.01,36.96,0.18,0.72
1249,61.74,0.0,100.0,684.66,5.21,32.39,0.42,0.7
1250,37.4,0.03,97.0,456.81,11.71,13.21,0.43,0.72
1251,58.3,0.03,97.0,489.57,3.01,41.3,0.64,0.71
1252,70.72,0.01,99.0,381.86,4.38,25.82,0.26,0.73
1253,60.27,0.07,93.0,392.84,5.04,24.89,0.31,0.77
1254,61.8,0.06,94.0,437.78,3.07,30.73,0.46,0.63
1255,49.86,0.11,89.0,396.7,6.2,17.83,0.32,0.71
1256,62.87,0.0,100.0,459.58,4.54,38.73,0.36,0.75
1257,69.84,0.01,99.0,322.47,6.2,22.99,0.22,0.71
1258,68.25,0.0,100.0,378.94,2.97,29.2,0.47,0.82
1259,44.6,0.03,97.0,568.88,7.09,24.38,0.63,0.75
1260,56.31,0.05,95.0,420.16,6.71,25.92,0.15,0.75
1261,64.02,0.02,98.0,297.36,6.2,31.16,0.2,0.67
1262,64.73,0.01,99.0,627.88,3.54,41.1,0.45,0.71
1263,72.7,0.01,99.0,481.87,2.84,41.99,0.33,0.67
1264,70.76,0.0,100.0,506.32,3.14,39.15,0.38,0.63
1265,65.95,0.0,100.0,294.72,3.0,41.29,0.57,0.71
1266,79.77,0.0,100.0,282.74,2.61,26.65,0.34,0.67
1267,63.59,0.01,99.0,510.72,5.62,27.8,0.4,0.7
1268,49.93,0.04,96.0,489.65,5.77,31.81,0.46,0.84
1269,70.85,0.04,96.0,228.86,3.02,33.61,0.41,0.91
1270,59.0,0.04,96.0,528.78,4.93,35.45,0.45,0.85
1271,71.07,0.01,99.0,407.44,1.81,40.88,0.46,0.78
1272,54.93,0.0,100.0,618.77,3.84,39.24,0.7,0.68
1273,80.45,0.02,98.0,610.95,1.68,39.59,0.3,0.68
1274,57.19,0.04,96.0,364.23,3.31,40.32,0.56,0.68
1275,64.76,0.01,99.0,652.21,4.65,35.41,0.53,0.73
1276,67.5,0.02,98.0,471.95,2.22,38.12,0.51,0.68
1277,67.63,0.02,98.0,491.44,2.51,34.49,0.31,0.69
1278,76.55,0.0,100.0,250.67,3.55,32.52,0.38,0.64
1279,55.25,0.03,97.0,522.93,4.19,41.04,0.58,0.71
1280,60.49,0.08,92.0,508.61,2.18,31.05,0.38,0.7
1281,48.67,0.01,99.0,628.93,6.88,23.22,0.6,0.66
1282,61.36,0.04,96.0,405.73,3.85,22.81,0.44,0.7
1283,51.31,0.05,95.0,266.81,9.32,18.44,0.2,0.6
1284,75.89,0.03,97.0,349.22,2.7,29.2,0.02,0.65
1285,58.96,0.09,91.0,418.21,4.35,23.25,0.29,0.75
1286,65.59,0.08,92.0,390.39,2.0,28.59,0.26,0.79
1287,65.89,0.05,95.0,550.15,4.09,31.76,0.17,0.68
1288,76.59,0.02,98.0,328.81,4.04,34.98,0.23,0.73
1289,68.42,0.03,97.0,529.53,1.99,36.5,0.4,0.65
1290,66.39,0.02,98.0,342.16,2.21,30.75,0.61,0.68
1291,72.85,0.01,99.0,349.98,2.76,45.79,0.43,0.61
1292,76.72,0.03,97.0,294.08,2.36,33.85,0.28,0.72
1293,74.32,0.0,100.0,206.47,3.5,35.82,0.37,0.66
1294,67.16,0.0,100.0,370.97,3.28,30.98,0.53,0.68
1295,55.33,0.03,97.0,336.98,6.78,29.46,0.39,0.7
1296,63.31,0.03,97.0,164.36,3.05,35.18,0.5,0.7
1297,54.31,0.02,98.0,397.37,8.43,24.44,0.4,0.87
1298,57.81,0.02,98.0,460.75,4.35,32.34,0.57,0.79
1299,57.5,0.02,98.0,568.27,3.54,36.61,0.62,0.78
1300,47.22,0.02,98.0,595.7,4.98,34.87,0.67,0.77
1301,64.1,0.01,99.0,353.02,3.98,38.65,0.49,0.73
1302,62.78,0.03,97.0,672.98,6.41,23.77,0.28,0.68
1303,59.23,0.03,97.0,520.35,3.16,46.18,0.55,0.7
1304,76.23,0.01,99.0,334.45,2.27,37.8,0.35,0.68
1305,66.13,0.02,98.0,385.29,4.92,30.79,0.32,0.76
1306,64.82,0.03,97.0,477.87,2.9,41.35,0.29,0.69
1307,52.2,0.03,97.0,288.61,6.97,25.23,0.45,0.78
1308,67.71,0.05,95.0,311.96,2.81,36.51,0.38,0.75
1309,63.62,0.01,99.0,584.26,2.4,41.75,0.61,0.59
1310,54.71,0.01,99.0,600.79,5.45,33.9,0.59,0.69
1311,77.23,0.0,100.0,338.61,2.21,36.26,0.37,0.68
1312,64.59,0.01,99.0,487.04,2.31,37.83,0.61,0.58
1313,69.14,0.0,100.0,520.77,2.08,36.34,0.54,0.71
1314,65.32,0.06,94.0,426.02,2.2,30.91,0.47,0.82
1315,46.29,0.01,99.0,449.9,8.08,20.79,0.54,0.57
1316,54.74,0.04,96.0,384.09,6.89,28.0,0.22,0.67
1317,69.13,0.02,98.0,362.27,2.31,34.86,0.51,0.85
1318,63.78,0.01,99.0,490.85,4.36,30.18,0.54,0.82
1319,56.11,0.02,98.0,431.08,6.63,23.36,0.45,0.75
1320,73.82,0.03,97.0,266.92,3.26,32.77,0.22,0.81
1321,51.48,0.03,97.0,686.11,4.04,37.8,0.71,0.7
1322,69.18,0.01,99.0,593.36,2.13,41.4,0.49,0.78
1323,61.8,0.0,100.0,359.88,6.52,24.52,0.44,0.78
1324,78.63,0.03,97.0,221.28,1.33,33.61,0.27,0.73
1325,70.06,0.02,98.0,337.41,3.23,36.18,0.39,0.72
1326,78.07,0.01,99.0,239.49,3.36,28.64,0.12,0.72
1327,71.86,0.0,100.0,384.5,2.48,40.96,0.48,0.57
1328,68.29,0.0,100.0,629.62,3.47,32.71,0.38,0.34
1329,71.81,0.02,98.0,438.01,3.47,32.79,0.28,0.48
1330,68.37,0.0,100.0,612.13,3.37,28.28,0.43,0.47
1331,61.43,0.02,98.0,591.44,3.26,38.69,0.57,0.63
1332,69.88,0.01,99.0,444.61,1.67,40.92,0.54,0.66
1333,55.83,0.01,99.0,189.74,2.57,39.16,0.73,0.62
1334,60.27,0.01,99.0,594.01,4.79,37.32,0.38,0.69
1335,63.17,0.02,98.0,327.4,2.83,44.47,0.6,0.65
1336,55.55,0.0,100.0,412.85,4.12,46.19,0.72,0.62
1337,64.35,0.04,96.0,137.6,1.82,29.91,0.55,0.72
1338,59.57,0.0,100.0,385.84,3.26,41.56,0.66,0.76
1339,53.28,0.03,97.0,597.92,4.25,43.28,0.68,0.69
1340,73.79,0.01,99.0,580.15,4.09,26.05,0.07,0.69
1341,56.66,0.0,100.0,369.96,3.26,41.22,0.71,0.65
1342,69.24,0.02,98.0,336.15,1.99,39.23,0.46,0.61
1343,38.27,0.02,98.0,480.89,8.0,15.63,0.71,0.62
1344,72.36,0.04,96.0,205.47,1.89,27.53,0.25,0.71
1345,61.74,0.01,99.0,525.78,5.78,35.44,0.25,0.66
1346,65.62,0.0,100.0,438.03,4.67,40.84,0.41,0.67
1347,65.15,0.04,96.0,338.0,4.73,25.27,0.32,0.62
1348,88.87,0.0,100.0,363.47,2.57,39.3,0.09,0.69
1349,80.59,0.02,98.0,547.32,1.37,40.73,0.34,0.68
1350,76.07,0.02,98.0,475.84,3.12,40.58,0.24,0.62
1351,56.14,0.0,100.0,501.75,5.49,25.36,0.56,0.69
1352,70.78,0.02,98.0,465.87,2.13,41.65,0.48,0.5
1353,59.57,0.0,100.0,460.37,4.22,39.32,0.48,0.64
1354,80.62,0.02,98.0,502.56,1.58,42.76,0.31,0.65
1355,76.65,0.0,100.0,540.45,1.57,42.36,0.26,0.61
1356,77.27,0.01,99.0,375.35,2.34,39.53,0.27,0.65
1357,64.48,0.0,100.0,169.76,2.87,38.76,0.55,0.69
1358,53.71,0.01,99.0,251.43,7.52,23.0,0.48,0.7
1359,57.67,0.01,99.0,458.82,6.61,24.16,0.38,0.7
1360,82.33,0.0,100.0,397.93,2.87,37.99,0.12,0.68
1361,68.37,0.02,98.0,368.52,4.39,41.2,0.31,0.7
1362,76.62,0.01,99.0,310.34,2.22,45.67,0.37,0.68
1363,70.32,0.01,99.0,515.43,2.33,37.65,0.43,0.61
1364,64.5,0.0,100.0,237.61,6.85,20.86,0.22,0.67
1365,60.63,0.0,100.0,541.97,3.89,38.08,0.62,0.71
1366,72.59,0.03,97.0,385.21,2.09,34.97,0.43,0.7
1367,67.55,0.01,99.0,311.02,2.38,37.25,0.45,0.67
1368,61.22,0.0,100.0,251.87,4.48,32.79,0.54,0.73
1369,60.78,0.01,99.0,449.35,7.58,19.83,0.4,0.79
1370,63.72,0.03,97.0,560.08,1.98,41.73,0.48,0.75
1371,68.17,0.01,99.0,474.86,4.11,29.5,0.4,0.69
1372,59.78,0.01,99.0,422.82,2.3,41.89,0.67,0.63
1373,74.76,0.0,100.0,525.5,1.98,40.93,0.4,0.69
1374,66.72,0.0,100.0,417.81,3.16,40.68,0.47,0.64
1375,64.64,0.0,100.0,344.52,2.98,36.08,0.55,0.64
1376,47.96,0.01,99.0,308.47,8.16,20.18,0.51,0.7
1377,67.37,0.02,98.0,237.79,6.48,26.73,0.15,0.7
1378,69.42,0.0,100.0,286.1,2.59,37.53,0.5,0.68
1379,62.09,0.04,96.0,292.75,2.24,37.28,0.39,0.6
1380,69.13,0.0,100.0,484.39,3.02,42.22,0.4,0.43
1381,69.61,0.0,100.0,336.44,3.2,42.18,0.42,0.62
1382,36.44,0.04,96.0,370.48,11.52,16.11,0.5,0.59
1383,52.57,0.0,100.0,541.83,6.46,26.61,0.58,0.55
1384,69.61,0.02,98.0,390.93,3.24,36.99,0.41,0.48
1385,35.06,0.01,99.0,538.04,13.35,14.25,0.43,0.52
1386,47.3,0.01,99.0,525.82,8.12,21.52,0.51,0.52
1387,29.4,0.02,98.0,551.03,13.0,16.35,0.47,0.58
1388,59.98,0.0,100.0,296.97,5.5,24.26,0.46,0.6
1389,70.13,0.01,99.0,454.6,6.54,33.47,0.16,0.54
1390,51.46,0.0,100.0,329.71,8.68,24.52,0.41,0.79
1391,63.05,0.02,98.0,496.1,3.53,36.28,0.56,0.81
1392,71.94,0.0,100.0,459.56,4.87,34.29,0.33,0.85
1393,55.66,0.0,100.0,641.77,6.44,33.17,0.54,0.75
1394,63.75,0.09,91.0,259.1,1.91,29.9,0.28,0.78
1395,73.42,0.0,100.0,401.34,3.06,38.22,0.4,0.85
1396,73.5,0.0,100.0,489.74,4.66,28.83,0.23,0.81
1397,69.76,0.0,100.0,369.91,2.53,38.46,0.5,0.88
1398,68.85,0.01,99.0,487.06,3.36,35.82,0.24,0.79
1399,76.59,0.0,100.0,431.37,3.12,40.84,0.31,0.83
1400,57.71,0.03,97.0,515.42,2.24,40.39,0.65,0.74
1401,49.57,0.0,100.0,403.06,9.44,21.76,0.42,0.8
1402,65.12,0.04,96.0,522.61,2.12,44.09,0.45,0.82
1403,79.12,0.01,99.0,483.55,2.25,40.66,0.29,0.8
1404,39.88,0.04,96.0,297.61,9.56,20.13,0.48,0.76
1405,59.73,0.03,97.0,371.27,6.45,30.08,0.2,0.97
1406,55.18,0.01,99.0,520.65,5.82,22.05,0.48,0.79
1407,58.85,0.0,100.0,443.85,2.64,34.63,0.68,0.63
1408,72.97,0.01,99.0,494.33,3.19,30.31,0.34,0.68
1409,55.52,0.0,100.0,653.4,6.62,37.5,0.48,0.78
1410,72.55,0.02,98.0,531.92,2.27,40.2,0.34,0.81
1411,58.62,0.02,98.0,483.69,3.03,37.5,0.63,0.81
1412,67.95,0.01,99.0,549.83,2.54,39.55,0.48,0.76
1413,58.06,0.02,98.0,449.69,8.8,23.02,0.19,0.82
1414,58.97,0.0,100.0,668.65,4.12,44.92,0.59,0.77
1415,41.02,0.0,100.0,410.02,13.45,14.51,0.37,0.86
1416,63.03,0.03,97.0,518.52,5.98,23.94,0.25,0.81
1417,63.5,0.02,98.0,500.0,2.95,42.45,0.49,0.9
1418,62.33,0.02,98.0,534.55,2.26,32.38,0.62,0.84
1419,74.81,0.0,100.0,433.56,3.48,40.33,0.36,0.84
1420,65.51,0.01,99.0,370.55,3.86,32.7,0.42,0.77
1421,57.7,0.03,97.0,422.47,5.98,41.69,0.4,0.73
1422,70.47,0.01,99.0,428.08,5.3,29.74,0.19,0.67
1423,49.23,0.01,99.0,598.92,6.83,31.28,0.54,0.73
1424,46.88,0.03,97.0,384.61,8.05,21.02,0.48,0.82
1425,56.61,0.0,100.0,546.47,5.0,32.06,0.6,0.78
1426,85.06,0.01,99.0,486.32,2.52,34.19,0.08,0.74
1427,64.01,0.02,98.0,466.37,2.65,38.79,0.47,0.79
1428,63.85,0.0,100.0,369.12,4.96,32.83,0.48,0.77
1429,67.6,0.01,99.0,585.29,3.74,30.74,0.43,0.77
1430,38.25,0.0,100.0,600.48,12.54,14.86,0.44,0.83
1431,80.69,0.0,100.0,430.01,2.35,36.38,0.31,0.76
1432,70.91,0.02,98.0,430.28,1.97,33.56,0.39,0.77
1433,74.01,0.0,100.0,399.07,2.78,33.15,0.4,0.77
1434,29.01,0.01,99.0,652.11,12.76,16.28,0.56,0.79
1435,66.04,0.0,100.0,505.24,2.39,37.45,0.51,0.8
1436,79.96,0.03,97.0,378.41,1.89,37.78,0.32,0.78
1437,73.64,0.05,95.0,270.91,1.57,32.57,0.19,0.85
1438,77.41,0.01,99.0,336.84,2.29,43.38,0.38,0.8
1439,51.83,0.02,98.0,517.24,4.37,38.38,0.69,0.8
1440,65.42,0.01,99.0,412.46,7.5,30.66,0.23,0.79
1441,77.39,0.0,100.0,307.53,3.34,35.55,0.37,0.73
1442,73.34,0.02,98.0,514.21,5.59,24.12,0.13,0.77
1443,58.92,0.01,99.0,319.76,2.61,36.63,0.66,0.77
1444,73.29,0.0,100.0,348.6,2.86,39.58,0.42,0.89
1445,60.34,0.01,99.0,498.08,3.47,41.99,0.6,0.89
1446,49.24,0.01,99.0,598.77,5.7,35.13,0.67,0.86
1447,74.29,0.0,100.0,421.0,2.95,35.44,0.39,0.74
1448,74.56,0.01,99.0,470.18,1.72,38.26,0.35,0.74
1449,72.86,0.0,100.0,514.68,2.42,39.49,0.44,0.71
1450,62.19,0.07,93.0,290.03,3.2,21.45,0.36,0.79
1451,66.74,0.01,99.0,318.75,4.59,38.83,0.4,0.64
1452,49.89,0.0,100.0,260.97,7.37,21.07,0.53,0.74
1453,66.55,0.02,98.0,493.83,6.03,22.87,0.19,0.73
1454,67.5,0.0,100.0,489.45,1.77,37.48,0.52,0.85
1455,74.15,0.01,99.0,422.75,2.67,36.59,0.35,0.78
1456,78.55,0.0,100.0,486.22,1.62,36.79,0.25,0.77
1457,60.85,0.01,99.0,659.36,2.43,36.14,0.69,0.78
1458,60.41,0.0,100.0,577.64,2.28,43.14,0.7,0.73
1459,45.64,0.01,99.0,647.06,7.1,22.49,0.68,0.75
1460,52.66,0.01,99.0,548.61,7.8,25.14,0.47,0.72
1461,70.9,0.02,98.0,586.67,2.0,34.28,0.47,0.74
1462,59.08,0.02,98.0,410.81,2.65,39.43,0.65,0.65
1463,75.32,0.01,99.0,375.63,2.56,42.62,0.35,0.72
1464,58.57,0.01,99.0,465.92,4.67,35.24,0.51,0.7
1465,60.02,0.01,99.0,425.99,2.23,43.84,0.71,0.74
1466,64.83,0.01,99.0,387.7,3.55,30.86,0.45,0.68
1467,65.37,0.0,100.0,558.14,3.12,36.78,0.49,0.72
1468,74.96,0.01,99.0,343.85,2.45,38.55,0.39,0.74
1469,67.12,0.0,100.0,599.16,2.76,33.02,0.53,0.75
1470,65.95,0.02,98.0,459.54,3.11,39.34,0.51,0.67
1471,60.97,0.0,100.0,394.38,6.04,28.49,0.39,0.68
1472,40.98,0.0,100.0,571.15,8.08,18.5,0.72,0.67
1473,64.73,0.0,100.0,564.9,3.33,38.4,0.62,0.74
1474,67.49,0.07,93.0,235.56,2.35,27.36,0.15,0.77
1475,64.85,0.0,100.0,313.14,2.47,38.92,0.63,0.85
1476,59.95,0.02,98.0,589.93,5.87,26.48,0.37,0.69
1477,72.23,0.02,98.0,405.92,1.54,43.36,0.47,0.54
1478,72.25,0.0,100.0,420.03,2.82,31.51,0.4,0.74
1479,60.47,0.02,98.0,483.34,4.6,35.09,0.37,0.71
1480,58.12,0.0,100.0,264.5,6.29,25.71,0.44,0.59
1481,68.61,0.0,100.0,292.52,2.41,40.42,0.49,0.61
1482,69.05,0.0,100.0,569.02,2.86,42.06,0.5,0.71
1483,72.1,0.02,98.0,288.81,2.09,38.11,0.35,0.63
1484,63.71,0.0,100.0,481.99,2.34,40.21,0.66,0.71
1485,63.66,0.01,99.0,322.8,2.48,38.43,0.64,0.6
1486,77.1,0.0,100.0,584.74,1.74,38.73,0.49,0.38
1487,71.69,0.03,97.0,334.69,2.78,37.5,0.29,0.39
1488,73.47,0.01,99.0,444.59,1.99,38.08,0.44,0.39
1489,65.96,0.0,100.0,588.67,2.94,34.41,0.49,0.35
1490,84.24,0.02,98.0,431.0,1.4,39.38,0.18,0.38
1491,80.8,0.02,98.0,500.55,2.14,39.06,0.28,0.39
1492,88.4,0.0,100.0,521.49,2.2,41.65,0.11,0.6
1493,57.79,0.02,98.0,628.8,2.33,39.26,0.71,0.91
1494,65.79,0.02,98.0,523.88,1.94,35.83,0.56,0.74
1495,61.29,0.0,100.0,471.71,2.2,37.86,0.69,0.81
1496,50.52,0.06,94.0,329.54,4.02,39.34,0.53,0.71
1497,58.73,0.02,98.0,365.79,2.59,30.53,0.66,0.8
1498,62.03,0.01,99.0,445.03,2.26,40.33,0.66,0.79
1499,69.59,0.0,100.0,456.71,2.03,39.31,0.5,0.85
1500,76.43,0.01,99.0,190.72,1.34,41.23,0.47,0.88
1501,71.13,0.0,100.0,384.55,4.36,37.53,0.36,0.79
1502,67.05,0.0,100.0,603.24,3.59,38.79,0.47,0.72
1503,69.42,0.0,100.0,289.52,4.93,32.42,0.3,0.72
1504,60.48,0.03,97.0,478.74,4.01,29.43,0.43,0.69
1505,69.4,0.01,99.0,388.31,1.4,36.95,0.49,0.52
1506,51.79,0.0,100.0,370.44,4.24,41.57,0.74,0.73
1507,55.87,0.02,98.0,433.85,2.71,32.6,0.62,0.76
1508,68.84,0.02,98.0,525.57,2.13,36.76,0.44,0.78
1509,70.06,0.0,100.0,626.68,3.39,30.04,0.49,0.67
1510,62.6,0.08,92.0,254.52,1.81,30.14,0.4,0.63
1511,68.96,0.01,99.0,266.46,3.03,38.08,0.31,0.46
1512,64.38,0.04,96.0,560.7,1.71,37.0,0.46,0.68
1513,56.87,0.02,98.0,322.38,2.57,40.73,0.69,0.53
1514,62.6,0.0,100.0,472.13,3.07,39.93,0.57,0.43
1515,63.35,0.01,99.0,341.99,2.06,38.28,0.62,0.43
1516,66.84,0.01,99.0,394.26,3.29,36.86,0.52,0.57
1517,74.92,0.01,99.0,420.92,1.89,39.72,0.37,0.51
1518,39.57,0.01,99.0,659.75,8.16,23.15,0.68,0.49
1519,76.02,0.0,100.0,507.3,1.88,41.45,0.31,0.55
1520,69.78,0.04,96.0,506.74,1.94,41.61,0.35,0.41
1521,83.74,0.02,98.0,208.63,1.0,24.52,0.33,0.45
1522,61.56,0.01,99.0,416.2,4.54,25.11,0.45,0.42
1523,73.84,0.0,100.0,299.81,1.99,37.65,0.48,0.47
1524,70.87,0.0,100.0,632.46,3.42,36.51,0.46,0.46
1525,76.08,0.01,99.0,433.35,2.69,38.17,0.22,0.49
1526,71.62,0.0,100.0,508.99,1.96,38.62,0.51,0.7
1527,68.32,0.0,100.0,292.97,2.24,36.92,0.55,0.7
1528,72.24,0.01,99.0,575.77,1.31,36.8,0.52,0.8
1529,67.39,0.03,97.0,521.29,2.14,40.0,0.48,0.58
1530,74.69,0.01,99.0,358.19,2.55,46.09,0.33,0.51
1531,56.64,0.0,100.0,377.63,3.89,41.02,0.67,0.56
1532,74.08,0.0,100.0,437.49,2.74,44.6,0.2,0.63
1533,68.24,0.01,99.0,356.85,2.85,43.47,0.38,0.44
1534,58.85,0.01,99.0,486.02,2.22,45.19,0.72,0.59
1535,61.51,0.02,98.0,403.53,2.37,40.69,0.49,0.53
1536,67.45,0.01,99.0,413.06,4.07,33.01,0.36,0.47
1537,67.09,0.02,98.0,399.56,2.86,38.02,0.42,0.7
1538,70.51,0.0,100.0,429.92,2.69,41.19,0.49,0.63
1539,63.12,0.0,100.0,240.3,4.28,35.44,0.56,0.56
1540,67.04,0.0,100.0,368.4,3.89,28.48,0.48,0.54
1541,75.69,0.01,99.0,460.2,1.47,39.44,0.35,0.65
1542,73.57,0.0,100.0,455.45,2.38,41.31,0.47,0.81
1543,73.85,0.0,100.0,472.24,2.49,42.7,0.33,0.76
1544,63.98,0.03,97.0,349.32,3.79,29.96,0.49,0.79
1545,56.17,0.02,98.0,449.68,2.57,37.74,0.68,0.62
1546,70.26,0.01,99.0,451.55,3.89,31.9,0.35,0.52
1547,71.2,0.07,93.0,288.17,1.17,27.95,0.37,0.46
1548,69.88,0.02,98.0,422.09,2.04,41.52,0.46,0.39
1549,60.88,0.0,100.0,488.21,2.62,39.55,0.65,0.36
1550,72.74,0.0,100.0,501.22,1.81,39.59,0.49,0.36
1551,71.6,0.02,98.0,594.05,2.22,40.46,0.42,0.4
1552,80.66,0.01,99.0,321.29,3.71,30.16,0.18,0.39
1553,64.94,0.01,99.0,367.1,3.36,38.54,0.51,0.37
1554,65.6,0.0,100.0,463.84,2.32,42.02,0.58,0.37
1555,55.72,0.08,92.0,271.38,2.73,23.9,0.49,0.43
1556,66.27,0.01,99.0,440.71,2.39,42.18,0.48,0.38
1557,71.24,0.01,99.0,388.52,2.52,41.09,0.45,0.36
1558,69.91,0.0,100.0,489.83,3.0,32.97,0.39,0.36
1559,69.34,0.02,98.0,499.9,2.42,39.61,0.45,0.37
1560,63.8,0.01,99.0,394.7,2.79,39.02,0.41,0.68
1561,57.62,0.02,98.0,514.65,7.28,26.29,0.37,0.67
1562,68.41,0.0,100.0,705.37,1.9,33.61,0.52,0.59
1563,67.62,0.03,97.0,508.82,1.53,34.96,0.46,0.64
1564,71.37,0.0,100.0,505.54,3.72,36.25,0.29,0.61
1565,57.27,0.0,100.0,307.62,4.6,34.44,0.6,0.56
1566,70.85,0.01,99.0,541.74,1.72,40.64,0.51,0.64
1567,53.27,0.0,100.0,357.13,4.72,37.49,0.65,0.48
1568,63.65,0.04,96.0,452.84,4.79,31.19,0.3,0.59
1569,65.77,0.04,96.0,380.75,2.45,37.76,0.44,0.58
1570,66.41,0.03,97.0,489.62,2.8,36.89,0.32,0.53
1571,72.77,0.02,98.0,371.7,2.26,40.41,0.35,0.68
1572,71.05,0.01,99.0,426.25,1.96,39.13,0.26,0.62
1573,66.6,0.01,99.0,384.31,2.37,39.02,0.52,0.59
1574,49.46,0.02,98.0,423.23,4.61,37.96,0.72,0.58
1575,64.18,0.01,99.0,477.01,3.86,38.43,0.45,0.59
1576,60.06,0.01,99.0,412.02,2.72,37.25,0.65,0.47
1577,68.18,0.0,100.0,315.79,1.75,43.66,0.45,0.7
1578,75.6,0.02,98.0,456.91,1.78,41.92,0.31,0.64
1579,61.59,0.0,100.0,365.85,2.3,39.0,0.7,0.63
1580,71.87,0.02,98.0,397.58,1.64,40.65,0.48,0.58
1581,54.41,0.04,96.0,384.02,4.29,38.52,0.54,0.5
1582,61.67,0.01,99.0,275.41,2.44,38.07,0.61,0.63
1583,52.47,0.0,100.0,399.54,5.38,28.61,0.53,0.73
1584,62.66,0.02,98.0,575.36,3.56,39.47,0.44,0.7
1585,57.48,0.02,98.0,299.03,2.53,42.74,0.7,0.41
1586,77.47,0.01,99.0,347.54,2.2,35.63,0.41,0.41
1587,79.07,0.0,100.0,389.28,2.75,27.61,0.25,0.41
1588,72.67,0.02,98.0,469.08,3.6,42.44,0.26,0.39
1589,56.82,0.04,96.0,511.84,5.92,29.65,0.41,0.4
1590,68.54,0.0,100.0,382.12,2.41,38.56,0.45,0.42
1591,68.64,0.01,99.0,445.08,3.82,35.23,0.44,0.43
1592,69.81,0.01,99.0,594.1,3.61,29.83,0.37,0.6
1593,68.74,0.02,98.0,480.1,2.84,40.14,0.32,0.66
1594,65.47,0.02,98.0,388.13,2.6,37.86,0.43,0.68
1595,74.97,0.01,99.0,441.73,3.08,37.03,0.35,0.8
1596,53.64,0.02,98.0,650.79,4.29,38.26,0.7,0.69
1597,62.38,0.0,100.0,485.6,2.06,42.27,0.69,0.67
1598,77.02,0.01,99.0,452.7,3.02,36.59,0.17,0.71
1599,69.47,0.04,96.0,577.92,3.29,37.69,0.31,0.7
1600,60.63,0.01,99.0,440.68,6.85,28.15,0.35,0.69
1601,47.99,0.13,87.0,277.69,4.43,17.78,0.36,0.75
1602,60.46,0.01,99.0,509.36,3.41,39.5,0.5,0.73
1603,57.18,0.1,90.0,139.29,1.93,18.56,0.32,0.75
1604,49.58,0.02,98.0,684.63,7.27,25.16,0.52,0.66
1605,64.66,0.0,100.0,405.56,3.48,40.39,0.52,0.65
1606,67.28,0.01,99.0,477.53,3.96,28.23,0.4,0.65
1607,80.31,0.01,99.0,454.91,1.86,34.57,0.28,0.72
1608,67.82,0.0,100.0,354.54,2.08,40.2,0.55,0.67
1609,67.7,0.01,99.0,459.77,2.94,38.25,0.36,0.65
1610,71.28,0.03,97.0,530.84,1.95,36.44,0.37,0.67
1611,63.19,0.01,99.0,586.26,2.56,37.08,0.58,0.65
1612,70.27,0.02,98.0,429.69,2.59,37.62,0.29,0.71
1613,56.12,0.01,99.0,598.45,4.89,35.68,0.61,0.67
1614,69.71,0.01,99.0,607.64,2.85,40.61,0.48,0.71
1615,47.88,0.03,97.0,669.49,4.99,35.67,0.67,0.7
1616,72.76,0.02,98.0,385.0,2.59,38.46,0.41,0.69
1617,60.8,0.01,99.0,392.92,3.49,41.33,0.56,0.64
1618,74.05,0.0,100.0,484.56,2.71,38.02,0.38,0.63
1619,58.81,0.0,100.0,654.06,4.02,37.0,0.53,0.66
1620,73.32,0.01,99.0,380.78,2.86,35.39,0.33,0.7
1621,57.15,0.01,99.0,478.45,2.72,42.38,0.68,0.67
1622,65.85,0.01,99.0,320.82,5.36,37.06,0.37,0.71
1623,75.78,0.03,97.0,285.35,3.79,21.02,0.24,0.67
1624,59.93,0.06,94.0,163.46,3.97,15.5,0.4,0.83
1625,53.11,0.07,93.0,247.31,5.72,11.54,0.37,0.76
1626,66.23,0.05,95.0,509.18,3.87,31.38,0.2,0.77
1627,59.19,0.04,96.0,665.49,5.23,42.99,0.46,0.64
1628,69.29,0.03,97.0,387.11,2.06,25.99,0.39,0.71
1629,66.47,0.05,95.0,290.69,3.88,18.37,0.31,0.74
1630,73.72,0.0,100.0,248.43,2.31,35.04,0.41,0.69
1631,62.21,0.03,97.0,526.85,3.77,32.23,0.36,0.66
1632,65.87,0.01,99.0,206.69,5.3,32.4,0.45,0.7
1633,51.09,0.03,97.0,263.31,8.45,19.4,0.34,0.78
1634,70.47,0.01,99.0,560.03,3.82,28.65,0.23,0.69
1635,48.3,0.01,99.0,492.47,10.59,15.77,0.26,0.77
1636,57.88,0.03,97.0,555.25,3.3,35.41,0.55,0.72
1637,62.91,0.0,100.0,520.01,4.08,30.93,0.4,0.69
1638,23.97,0.11,89.0,445.48,12.36,11.39,0.46,0.83
1639,51.31,0.08,92.0,214.1,5.16,19.88,0.4,0.8
1640,69.15,0.04,96.0,419.39,2.63,31.43,0.42,0.4
1641,52.87,0.02,98.0,405.42,5.73,23.7,0.57,0.59
1642,60.96,0.0,100.0,206.11,2.84,34.38,0.65,0.59
1643,42.26,0.12,88.0,168.98,6.9,10.75,0.42,0.75
1644,63.14,0.01,99.0,290.61,2.88,35.79,0.58,0.66
1645,66.71,0.02,98.0,273.07,3.63,16.57,0.4,0.67
1646,64.74,0.08,92.0,182.49,2.03,15.52,0.38,0.8
1647,64.19,0.01,99.0,626.58,3.33,40.85,0.53,0.71
1648,82.44,0.01,99.0,607.56,2.17,37.73,0.2,0.77
1649,65.58,0.04,96.0,214.66,2.22,38.22,0.42,0.67
1650,68.48,0.03,97.0,450.5,1.96,37.68,0.39,0.71
1651,57.23,0.03,97.0,531.69,6.54,28.14,0.4,0.69
1652,72.69,0.01,99.0,289.58,2.79,37.23,0.34,0.64
1653,76.79,0.01,99.0,591.17,2.51,40.43,0.36,0.62
1654,64.89,0.01,99.0,405.74,3.75,41.75,0.37,0.57
1655,64.57,0.06,94.0,347.24,2.48,35.0,0.42,0.73
1656,62.48,0.03,97.0,246.9,2.63,32.03,0.63,0.63
1657,58.8,0.02,98.0,336.26,3.55,42.0,0.58,0.64
1658,66.72,0.02,98.0,185.43,2.79,34.37,0.49,0.76
1659,70.9,0.04,96.0,162.3,1.96,38.67,0.33,0.73
1660,71.96,0.0,100.0,333.34,4.25,20.79,0.24,0.86
1661,70.35,0.02,98.0,290.17,2.92,25.98,0.39,0.67
1662,64.83,0.06,94.0,389.66,4.34,25.07,0.17,0.81
1663,64.16,0.0,100.0,131.48,4.87,31.82,0.36,0.7
1664,48.43,0.13,87.0,353.35,3.5,25.0,0.3,0.82
1665,63.69,0.01,99.0,251.02,3.07,37.26,0.51,0.65
1666,77.06,0.0,100.0,303.46,1.85,40.28,0.45,0.51
1667,70.2,0.01,99.0,472.94,3.11,35.8,0.46,0.62
1668,66.89,0.0,100.0,394.47,2.95,36.99,0.63,0.72
1669,57.99,0.02,98.0,482.31,2.51,43.8,0.69,0.69
1670,71.69,0.06,94.0,525.96,1.62,33.18,0.23,0.71
1671,59.94,0.01,99.0,469.16,2.91,36.92,0.64,0.58
1672,75.8,0.01,99.0,233.29,2.19,30.87,0.14,0.72
1673,58.02,0.01,99.0,414.5,3.4,38.87,0.62,0.65
1674,50.03,0.02,98.0,183.45,4.38,44.14,0.7,0.65
1675,78.35,0.01,99.0,361.5,2.13,31.29,0.35,0.58
1676,70.18,0.02,98.0,456.05,3.44,22.62,0.22,0.75
1677,69.8,0.03,97.0,136.73,2.37,37.25,0.42,0.79
1678,73.32,0.02,98.0,289.19,1.97,37.27,0.42,0.73
1679,59.47,0.03,97.0,424.44,3.13,39.52,0.54,0.74
1680,59.49,0.07,93.0,351.12,2.8,38.92,0.46,0.73
1681,62.6,0.02,98.0,342.19,2.56,32.99,0.53,0.71
1682,58.83,0.04,96.0,248.98,5.2,15.14,0.46,0.79
1683,42.69,0.09,91.0,441.09,6.33,16.82,0.42,0.69
1684,72.38,0.03,97.0,200.0,1.52,18.59,0.43,0.72
1685,63.06,0.02,98.0,470.05,4.58,32.08,0.48,0.67
1686,55.72,0.01,99.0,374.44,3.52,40.64,0.67,0.63
1687,77.55,0.02,98.0,354.98,2.01,31.09,0.18,0.69
1688,69.82,0.04,96.0,550.55,2.02,35.67,0.42,0.64
1689,50.38,0.01,99.0,321.43,6.78,24.19,0.45,0.71
1690,61.63,0.02,98.0,577.17,6.12,28.78,0.36,0.69
1691,66.14,0.03,97.0,511.63,2.45,35.86,0.55,0.61
1692,56.77,0.02,98.0,516.83,6.26,33.61,0.3,0.61
1693,39.24,0.14,86.0,129.62,3.98,16.62,0.61,0.73
1694,47.39,0.16,84.0,152.82,2.08,16.86,0.47,0.76
1695,45.82,0.09,91.0,163.95,3.48,17.73,0.63,0.73
1696,76.15,0.02,98.0,301.89,1.68,39.44,0.27,0.65
1697,52.26,0.05,95.0,506.34,6.44,21.43,0.4,0.71
1698,73.71,0.0,100.0,489.02,3.37,33.94,0.29,0.78
1699,63.6,0.01,99.0,253.56,3.88,37.22,0.53,0.66
1700,57.48,0.04,96.0,633.01,4.07,37.91,0.55,0.66
1701,33.85,0.02,98.0,416.95,10.37,16.21,0.53,0.75
1702,67.15,0.04,96.0,254.77,1.95,14.3,0.44,0.85
1703,51.0,0.16,84.0,248.29,1.42,15.18,0.32,0.76
1704,63.59,0.06,94.0,383.84,2.52,31.41,0.27,0.68
1705,52.9,0.04,96.0,386.05,4.31,36.36,0.6,0.69
1706,38.82,0.02,98.0,309.24,8.9,18.2,0.59,0.68
1707,57.48,0.0,100.0,462.32,4.76,30.21,0.36,0.68
1708,70.71,0.0,100.0,328.66,4.0,31.71,0.35,0.66
1709,56.37,0.08,92.0,394.81,1.79,27.79,0.43,0.77
1710,52.79,0.01,99.0,393.45,4.69,40.95,0.69,0.61
1711,62.94,0.01,99.0,289.15,2.63,37.28,0.58,0.66
1712,60.86,0.01,99.0,428.04,4.32,37.78,0.6,0.71
1713,63.1,0.13,87.0,176.31,1.29,25.35,0.19,0.66
1714,71.86,0.01,99.0,153.31,3.02,23.0,0.32,0.66
1715,41.63,0.01,99.0,264.27,9.13,20.28,0.61,0.61
1716,68.74,0.0,100.0,545.91,2.88,36.76,0.41,0.68
1717,25.53,0.07,93.0,269.12,12.11,9.89,0.54,0.77
1718,71.75,0.01,99.0,462.14,2.65,39.1,0.44,0.68
1719,33.74,0.12,88.0,294.08,7.68,11.82,0.56,0.71
1720,-2.33,0.17,83.0,331.45,16.0,3.11,0.63,0.82
1721,71.11,0.02,98.0,148.16,3.39,22.42,0.39,0.88
1722,49.35,0.06,94.0,342.06,7.52,17.95,0.42,0.81
1723,59.71,0.01,99.0,398.62,7.66,17.25,0.38,0.82
1724,56.06,0.05,95.0,206.0,6.48,21.07,0.28,0.83
1725,66.89,0.03,97.0,377.76,2.01,36.49,0.51,0.71
1726,61.52,0.01,99.0,472.58,2.43,36.26,0.6,0.72
1727,64.9,0.04,96.0,377.18,3.2,33.57,0.42,0.74
1728,36.5,0.12,88.0,388.05,6.14,15.76,0.53,0.69
1729,48.49,0.05,95.0,273.42,7.33,18.89,0.35,0.8
1730,60.23,0.05,95.0,406.93,5.71,21.77,0.38,0.81
1731,72.27,0.0,100.0,534.06,1.48,38.08,0.48,0.65
1732,59.11,0.02,98.0,394.48,3.64,37.11,0.59,0.78
1733,63.02,0.04,96.0,302.76,1.69,30.28,0.49,0.82
1734,11.26,0.1,90.0,407.24,15.38,7.45,0.56,0.8
1735,68.65,0.01,99.0,568.52,4.82,27.85,0.31,0.72
1736,58.79,0.01,99.0,488.15,6.79,26.95,0.35,0.69
1737,70.02,0.01,99.0,359.5,2.24,39.01,0.46,0.63
1738,68.98,0.05,95.0,193.91,1.51,20.52,0.43,0.78
1739,74.15,0.0,100.0,363.6,2.35,41.85,0.42,0.6
1740,71.9,0.04,96.0,365.45,2.02,40.35,0.38,0.63
1741,71.09,0.02,98.0,382.75,2.27,30.43,0.47,0.73
1742,60.92,0.0,100.0,514.02,5.35,25.41,0.48,0.71
1743,70.15,0.01,99.0,462.39,3.05,42.27,0.54,0.76
1744,76.42,0.02,98.0,374.23,2.33,40.59,0.3,0.59
1745,74.82,0.01,99.0,344.46,2.75,33.31,0.24,0.78
1746,71.31,0.01,99.0,302.01,4.03,19.7,0.26,0.83
1747,58.32,0.03,97.0,375.69,3.31,34.91,0.59,0.69
1748,64.39,0.01,99.0,393.36,3.29,42.91,0.51,0.63
1749,59.04,0.0,100.0,428.22,3.81,38.8,0.64,0.71
1750,76.47,0.0,100.0,380.52,2.88,46.66,0.3,0.74
1751,60.56,0.02,98.0,356.51,2.57,37.2,0.61,0.66
1752,64.96,0.01,99.0,561.77,3.6,37.5,0.39,0.67
1753,56.72,0.0,100.0,345.62,5.74,33.45,0.51,0.67
1754,57.59,0.02,98.0,361.29,3.76,41.18,0.62,0.72
1755,61.42,0.01,99.0,440.36,2.44,41.8,0.63,0.7
1756,68.89,0.02,98.0,373.69,2.03,46.09,0.5,0.73
1757,73.37,0.03,97.0,396.64,2.37,41.08,0.28,0.75
1758,70.0,0.02,98.0,439.53,2.27,39.66,0.44,0.72
1759,61.62,0.0,100.0,442.83,2.58,37.63,0.6,0.62
1760,74.63,0.0,100.0,400.39,2.16,38.15,0.5,0.67
1761,47.17,0.12,88.0,319.02,2.08,26.83,0.6,0.72
1762,60.08,0.02,98.0,324.03,5.2,23.36,0.38,0.73
1763,73.15,0.02,98.0,506.5,1.69,39.44,0.39,0.68
1764,68.47,0.01,99.0,502.15,2.5,40.67,0.38,0.71
1765,64.54,0.03,97.0,346.85,4.55,28.93,0.3,0.75
1766,63.43,0.0,100.0,437.16,6.23,21.8,0.47,0.74
1767,79.53,0.03,97.0,385.98,1.39,40.32,0.34,0.86
1768,74.08,0.04,96.0,428.84,2.46,39.64,0.21,0.83
1769,58.01,0.07,93.0,475.27,2.4,35.08,0.58,0.69
1770,56.8,0.02,98.0,352.65,4.0,41.43,0.61,0.69
1771,73.08,0.0,100.0,371.22,4.98,20.71,0.18,0.75
1772,76.91,0.0,100.0,272.36,3.9,32.85,0.25,0.76
1773,85.85,0.0,100.0,365.05,2.11,36.26,0.27,0.66
1774,66.14,0.0,100.0,425.24,3.34,43.37,0.48,0.67
1775,69.48,0.02,98.0,454.78,2.57,40.4,0.5,0.68
1776,54.75,0.0,100.0,371.15,4.17,41.71,0.65,0.73
1777,52.47,0.06,94.0,472.63,3.23,34.81,0.53,0.69
1778,61.6,0.03,97.0,283.93,4.58,20.54,0.41,0.76
1779,68.26,0.04,96.0,377.62,1.57,35.5,0.39,0.72
1780,64.74,0.03,97.0,412.62,2.06,37.72,0.5,0.69
1781,65.75,0.02,98.0,388.72,2.87,36.45,0.54,0.66
1782,75.02,0.01,99.0,408.57,3.74,31.01,0.27,0.71
1783,63.91,0.07,93.0,255.24,2.0,24.33,0.36,0.8
1784,59.96,0.0,100.0,295.46,3.56,40.29,0.64,0.76
1785,78.57,0.0,100.0,360.13,2.25,36.52,0.3,0.7
1786,63.5,0.02,98.0,257.04,3.92,37.43,0.51,0.68
1787,65.07,0.06,94.0,364.09,2.73,34.65,0.38,0.73
1788,70.3,0.02,98.0,407.56,2.32,34.74,0.41,0.7
1789,68.77,0.0,100.0,412.69,2.39,42.19,0.52,0.7
1790,78.36,0.0,100.0,284.94,3.0,30.72,0.32,0.77
1791,65.18,0.01,99.0,291.25,3.31,33.54,0.48,0.69
1792,80.08,0.02,98.0,333.49,3.52,29.4,0.08,0.68
1793,58.57,0.0,100.0,494.17,4.6,42.33,0.57,0.71
1794,81.75,0.0,100.0,473.55,2.23,42.24,0.35,0.59
1795,73.84,0.02,98.0,412.65,2.7,37.36,0.3,0.57
1796,52.93,0.04,96.0,433.03,6.0,42.72,0.44,0.56
1797,73.85,0.0,100.0,359.72,2.97,34.05,0.34,0.71
1798,65.45,0.0,100.0,526.38,3.6,33.21,0.53,0.81
1799,44.32,0.01,99.0,419.34,8.08,21.4,0.63,0.75
1800,59.27,0.03,97.0,376.79,3.36,40.34,0.5,0.75
1801,49.15,0.1,90.0,184.76,4.96,14.36,0.42,0.8
1802,72.26,0.02,98.0,403.43,3.89,32.67,0.37,0.55
1803,73.84,0.01,99.0,414.23,2.43,33.92,0.32,0.73
1804,71.77,0.0,100.0,521.1,2.5,37.88,0.39,0.75
1805,79.9,0.0,100.0,333.0,2.16,35.15,0.31,0.75
1806,59.56,0.02,98.0,414.94,4.35,31.11,0.47,0.72
1807,59.68,0.03,97.0,512.57,2.53,34.44,0.6,0.62
1808,42.9,0.03,97.0,449.95,9.57,17.96,0.47,0.64
1809,61.66,0.0,100.0,412.52,2.48,40.7,0.69,0.61
1810,63.93,0.02,98.0,520.91,3.46,37.97,0.52,0.72
1811,67.24,0.0,100.0,301.04,2.41,40.72,0.57,0.65
1812,66.46,0.02,98.0,406.2,2.11,34.2,0.53,0.44
1813,68.31,0.04,96.0,356.52,2.9,45.01,0.42,0.55
1814,64.83,0.01,99.0,462.16,2.7,38.9,0.54,0.63
1815,74.26,0.01,99.0,386.26,1.74,40.7,0.38,0.67
1816,58.44,0.04,96.0,358.24,2.37,36.05,0.55,0.66
1817,67.12,0.01,99.0,425.84,2.99,41.03,0.53,0.69
1818,75.02,0.03,97.0,329.17,1.49,36.73,0.19,0.74
1819,66.62,0.0,100.0,383.64,2.07,35.9,0.6,0.75
1820,77.12,0.01,99.0,399.23,2.35,37.65,0.36,0.63
1821,55.59,0.03,97.0,263.75,2.74,42.27,0.69,0.65
1822,16.37,0.16,84.0,281.91,12.86,10.61,0.44,0.75
1823,69.05,0.03,97.0,316.18,3.39,32.66,0.36,0.71
1824,75.97,0.01,99.0,452.82,2.06,39.52,0.36,0.68
1825,57.7,0.01,99.0,399.34,3.9,45.38,0.65,0.64
1826,76.73,0.0,100.0,397.64,2.13,40.91,0.38,0.76
1827,49.55,0.03,97.0,415.15,4.21,38.7,0.7,0.66
1828,65.63,0.05,95.0,310.06,4.24,22.35,0.29,0.77
1829,67.04,0.01,99.0,258.61,2.5,37.24,0.5,0.64
1830,48.02,0.01,99.0,433.99,6.95,23.38,0.62,0.67
1831,75.53,0.0,100.0,325.03,2.74,38.16,0.31,0.71
1832,56.7,0.05,95.0,389.02,3.55,30.61,0.46,0.68
1833,76.85,0.04,96.0,265.87,1.87,38.72,0.28,0.73
1834,64.65,0.01,99.0,486.66,6.13,23.0,0.3,0.61
1835,57.45,0.03,97.0,280.97,2.27,38.9,0.69,0.64
1836,69.0,0.05,95.0,296.42,2.63,33.47,0.42,0.67
1837,68.98,0.0,100.0,315.89,2.81,39.14,0.47,0.67
1838,70.1,0.0,100.0,342.9,3.69,30.34,0.4,0.74
1839,64.14,0.02,98.0,364.99,4.79,34.4,0.51,0.72
1840,64.34,0.01,99.0,353.4,2.88,29.23,0.55,0.44
1841,61.94,0.02,98.0,308.21,2.87,34.96,0.56,0.67
1842,72.63,0.04,96.0,262.52,1.6,25.96,0.26,0.82
1843,64.71,0.01,99.0,387.21,3.03,27.59,0.52,0.69
1844,58.67,0.01,99.0,262.16,2.61,40.36,0.68,0.72
1845,57.25,0.0,100.0,563.82,5.0,27.43,0.51,0.72
1846,52.69,0.11,89.0,343.8,3.61,19.24,0.44,0.73
1847,63.88,0.07,93.0,262.3,3.28,26.43,0.1,0.76
1848,65.28,0.01,99.0,419.89,5.8,20.67,0.29,0.69
1849,62.94,0.06,94.0,292.48,3.89,19.86,0.38,0.79
1850,65.45,0.05,95.0,303.64,1.98,33.84,0.52,0.7
1851,40.53,0.06,94.0,285.12,5.66,44.67,0.67,0.78
1852,72.42,0.01,99.0,388.43,2.31,38.3,0.29,0.78
1853,67.32,0.03,97.0,411.79,3.89,29.45,0.4,0.79
1854,58.51,0.01,99.0,325.61,2.38,41.16,0.69,0.75
1855,71.39,0.0,100.0,380.78,5.19,27.6,0.22,0.77
1856,65.67,0.03,97.0,321.97,2.43,31.28,0.46,0.67
1857,67.93,0.04,96.0,172.86,3.84,18.66,0.29,0.71
1858,74.19,0.0,100.0,469.01,4.47,30.96,0.28,0.68
1859,68.29,0.01,99.0,512.53,3.04,30.97,0.36,0.62
1860,63.0,0.02,98.0,447.8,4.21,38.02,0.45,0.71
1861,54.3,0.02,98.0,304.52,5.02,30.28,0.56,0.72
1862,74.83,0.05,95.0,263.97,3.07,30.06,0.19,0.66
1863,60.89,0.01,99.0,404.7,2.48,36.82,0.64,0.64
1864,77.12,0.0,100.0,522.01,1.73,43.47,0.36,0.67
1865,56.39,0.0,100.0,423.63,4.6,35.58,0.64,0.74
1866,62.82,0.02,98.0,316.57,2.43,35.98,0.63,0.69
1867,51.42,0.0,100.0,534.86,4.76,37.42,0.66,0.75
1868,57.87,0.01,99.0,429.67,3.45,39.46,0.63,0.66
1869,71.17,0.0,100.0,499.82,2.06,33.04,0.49,0.77
1870,65.07,0.01,99.0,339.92,3.43,25.46,0.46,0.9
1871,70.14,0.01,99.0,361.02,2.66,33.9,0.37,0.9
1872,58.59,0.01,99.0,498.83,2.83,34.9,0.63,0.79
1873,47.72,0.03,97.0,407.58,5.36,35.03,0.65,0.73
1874,55.24,0.02,98.0,461.62,2.69,37.72,0.68,0.61
1875,64.6,0.01,99.0,399.22,2.41,43.61,0.56,0.71
1876,63.03,0.0,100.0,449.82,4.0,36.01,0.56,0.64
1877,59.13,0.02,98.0,426.21,2.33,36.38,0.68,0.68
1878,57.29,0.0,100.0,505.12,5.73,34.91,0.51,0.64
1879,64.04,0.02,98.0,368.35,2.35,35.95,0.49,0.4
1880,66.56,0.02,98.0,331.84,3.86,26.93,0.34,0.54
1881,66.88,0.01,99.0,572.97,2.82,37.52,0.47,0.63
1882,74.37,0.0,100.0,326.68,4.08,26.32,0.33,0.72
1883,66.71,0.01,99.0,317.98,2.35,39.01,0.58,0.69
1884,59.45,0.0,100.0,434.87,3.23,39.03,0.65,0.61
1885,70.61,0.02,98.0,520.14,2.45,38.6,0.38,0.65
1886,59.15,0.01,99.0,458.39,2.32,31.47,0.72,0.53
1887,60.83,0.01,99.0,557.57,4.65,31.03,0.5,0.69
1888,54.01,0.0,100.0,473.95,4.24,41.74,0.73,0.67
1889,40.46,0.0,100.0,530.11,8.4,22.3,0.7,0.64
1890,59.03,0.02,98.0,346.11,2.19,42.43,0.63,0.66
1891,68.34,0.01,99.0,436.37,2.84,32.18,0.45,0.54
1892,56.03,0.01,99.0,457.69,4.48,38.84,0.67,0.62
1893,74.01,0.01,99.0,388.21,1.92,37.16,0.43,0.66
1894,55.55,0.01,99.0,344.07,4.69,31.34,0.62,0.61
1895,75.58,0.02,98.0,369.06,2.42,40.93,0.28,0.69
1896,72.65,0.03,97.0,389.14,2.58,36.95,0.23,0.67
1897,54.28,0.0,100.0,382.87,4.36,37.78,0.73,0.63
1898,71.64,0.01,99.0,476.99,2.08,45.52,0.41,0.71
1899,73.4,0.01,99.0,517.16,1.88,38.24,0.38,0.65
1900,56.03,0.02,98.0,468.38,3.29,39.03,0.65,0.6
1901,68.79,0.0,100.0,290.28,2.29,40.01,0.51,0.65
1902,60.54,0.02,98.0,532.93,3.24,42.98,0.57,0.67
1903,68.76,0.01,99.0,472.53,2.74,33.71,0.43,0.61
1904,58.58,0.0,100.0,400.04,2.8,38.13,0.68,0.67
1905,65.57,0.03,97.0,349.69,3.37,29.45,0.49,0.76
1906,49.72,0.06,94.0,416.24,6.27,23.08,0.36,0.78
1907,65.07,0.09,91.0,236.93,2.1,25.15,0.25,0.75
1908,67.96,0.0,100.0,481.57,2.34,44.27,0.64,0.65
1909,73.86,0.0,100.0,388.27,2.14,38.71,0.34,0.62
1910,70.63,0.0,100.0,366.95,1.85,40.23,0.56,0.68
1911,71.01,0.0,100.0,419.0,1.63,40.28,0.47,0.67
1912,69.83,0.03,97.0,339.88,3.21,23.66,0.25,0.78
1913,64.16,0.01,99.0,453.53,2.5,34.21,0.64,0.7
1914,68.13,0.02,98.0,432.34,1.78,43.64,0.48,0.58
1915,39.93,0.06,94.0,425.06,10.12,13.97,0.18,0.66
1916,68.49,0.01,99.0,345.95,3.43,25.13,0.32,0.75
1917,59.61,0.0,100.0,427.48,4.48,41.92,0.58,0.66
1918,75.68,0.0,100.0,558.82,5.17,26.15,0.19,0.43
1919,72.5,0.0,100.0,520.33,1.36,41.25,0.49,0.48
1920,74.56,0.0,100.0,531.42,1.68,42.01,0.46,0.71
1921,69.05,0.0,100.0,455.77,2.11,39.21,0.55,0.74
1922,66.86,0.0,100.0,583.77,3.67,38.82,0.48,0.71
1923,66.16,0.01,99.0,412.88,3.02,38.14,0.55,0.61
1924,58.7,0.01,99.0,489.87,3.78,41.36,0.59,0.64
1925,70.02,0.0,100.0,494.35,4.17,28.64,0.34,0.66
1926,61.79,0.02,98.0,547.72,3.45,30.23,0.51,0.68
1927,74.75,0.02,98.0,396.31,2.55,43.27,0.36,0.66
1928,67.84,0.01,99.0,505.18,2.85,35.09,0.38,0.67
1929,64.46,0.02,98.0,524.31,2.11,35.45,0.56,0.77
1930,57.89,0.02,98.0,369.84,6.44,26.99,0.39,0.68
1931,44.26,0.05,95.0,509.03,4.67,30.77,0.62,0.68
1932,82.12,0.01,99.0,427.61,1.62,35.14,0.3,0.72
1933,68.27,0.02,98.0,511.12,3.13,28.51,0.48,0.62
1934,70.25,0.0,100.0,628.41,2.35,40.14,0.45,0.65
1935,43.88,0.0,100.0,523.36,8.08,21.54,0.65,0.63
1936,45.7,0.01,99.0,510.78,8.16,20.63,0.6,0.59
1937,72.44,0.06,94.0,245.98,2.13,15.39,0.29,0.71
1938,68.68,0.0,100.0,498.44,2.06,43.02,0.52,0.58
1939,88.25,0.0,100.0,486.3,1.31,34.79,0.16,0.72
1940,59.11,0.02,98.0,421.04,2.55,43.03,0.63,0.69
1941,65.33,0.01,99.0,454.74,4.37,28.11,0.36,0.73
1942,57.04,0.02,98.0,412.96,2.8,33.02,0.66,0.68
1943,70.65,0.05,95.0,399.93,2.3,28.3,0.28,0.75
1944,50.9,0.03,97.0,209.91,4.33,34.83,0.61,0.69
1945,59.96,0.04,96.0,476.0,4.25,30.74,0.4,0.63
1946,52.31,0.05,95.0,541.68,4.73,42.38,0.5,0.71
1947,82.33,0.02,98.0,200.7,1.58,27.67,0.24,0.78
1948,62.91,0.07,93.0,219.35,2.75,19.98,0.41,0.75
1949,59.89,0.0,100.0,529.36,2.56,39.39,0.7,0.66
1950,64.08,0.01,99.0,329.99,2.24,45.14,0.61,0.68
1951,50.3,0.0,100.0,362.34,7.14,24.11,0.6,0.67
1952,75.52,0.01,99.0,318.18,1.74,28.54,0.36,0.64
1953,60.42,0.0,100.0,420.94,2.94,38.13,0.65,0.62
1954,57.36,0.01,99.0,643.8,4.13,41.03,0.62,0.73
1955,75.63,0.01,99.0,369.1,3.29,36.13,0.29,0.72
1956,57.71,0.0,100.0,565.05,3.77,40.69,0.56,0.7
1957,71.99,0.01,99.0,405.36,1.42,34.73,0.51,0.6
1958,57.89,0.01,99.0,480.91,2.38,41.6,0.7,0.73
1959,65.84,0.02,98.0,571.02,2.99,46.14,0.49,0.69
1960,74.72,0.03,97.0,414.92,1.82,34.06,0.33,0.75
1961,68.9,0.01,99.0,571.06,4.43,38.08,0.39,0.72
1962,58.12,0.01,99.0,607.96,3.92,41.82,0.58,0.6
1963,69.39,0.0,100.0,599.53,3.76,37.63,0.45,0.7
1964,54.5,0.01,99.0,597.42,4.32,40.92,0.63,0.68
1965,81.02,0.01,99.0,592.22,1.97,37.19,0.28,0.75
1966,60.48,0.0,100.0,476.46,2.06,36.99,0.71,0.69
1967,70.14,0.0,100.0,453.5,1.9,35.39,0.52,0.64
1968,65.82,0.02,98.0,622.41,2.56,39.05,0.5,0.69
1969,51.04,0.09,91.0,381.93,2.43,40.04,0.49,0.73
1970,54.07,0.03,97.0,428.36,3.25,36.42,0.65,0.69
1971,62.32,0.0,100.0,588.98,3.48,36.18,0.63,0.62
1972,68.37,0.02,98.0,509.09,2.97,33.5,0.46,0.63
1973,66.35,0.01,99.0,699.18,2.07,40.55,0.54,0.66
1974,64.0,0.0,100.0,530.97,2.72,43.14,0.63,0.68
1975,73.92,0.0,100.0,373.26,4.73,23.54,0.12,0.76
1976,71.99,0.0,100.0,652.3,1.77,40.05,0.52,0.61
1977,65.1,0.01,99.0,275.6,2.32,35.68,0.49,0.71
1978,47.8,0.01,99.0,509.9,5.28,34.08,0.65,0.68
1979,64.04,0.07,93.0,338.74,1.72,23.75,0.37,0.81
1980,65.55,0.0,100.0,263.5,2.83,33.86,0.56,0.65
1981,87.59,0.0,100.0,562.93,1.67,39.64,0.17,0.65
1982,68.88,0.01,99.0,388.55,2.24,37.6,0.49,0.68
1983,75.61,0.01,99.0,224.38,1.67,44.21,0.42,0.73
1984,57.22,0.0,100.0,476.01,5.4,38.97,0.58,0.67
1985,76.32,0.01,99.0,374.72,1.6,36.12,0.33,0.61
1986,86.58,0.01,99.0,193.28,1.0,21.15,0.24,0.77
1987,66.3,0.03,97.0,356.49,2.21,36.51,0.52,0.71
1988,70.97,0.01,99.0,525.2,1.62,43.12,0.48,0.68
1989,70.51,0.01,99.0,492.82,3.26,39.16,0.3,0.69
1990,53.74,0.02,98.0,454.05,4.63,42.53,0.62,0.53
1991,73.58,0.01,99.0,486.33,1.41,36.32,0.4,0.65
1992,40.14,0.0,100.0,327.68,9.28,16.16,0.62,0.7
1993,68.63,0.0,100.0,359.56,2.77,34.45,0.52,0.54
1994,78.86,0.0,100.0,480.91,1.47,38.0,0.4,0.45
1995,65.22,0.02,98.0,345.01,2.33,38.96,0.5,0.59
1996,69.95,0.04,96.0,407.11,3.24,37.01,0.33,0.55
1997,60.4,0.02,98.0,533.02,3.04,38.32,0.48,0.42
1998,56.81,0.0,100.0,413.76,4.1,43.73,0.63,0.48
1999,73.7,0.01,99.0,661.6,1.95,43.64,0.38,0.59
2000,62.02,0.0,100.0,537.43,5.05,28.68,0.49,0.43
