1,36.94,0.18,82.0,363.59,4.36,29.2,0.24,0.26
2,30.27,0.23,77.0,342.44,10.01,21.41,0.15,0.26
3,46.43,0.15,85.0,435.49,8.07,25.45,0.08,0.26
4,33.58,0.2,80.0,472.72,7.06,31.32,0.13,0.27
5,31.87,0.18,82.0,482.79,10.83,17.13,0.28,0.19
6,35.1,0.21,79.0,338.68,6.98,24.38,0.25,0.26
7,17.04,0.29,71.0,495.54,6.98,24.79,0.21,0.41
8,37.27,0.21,79.0,293.28,2.8,34.02,0.18,0.25
9,32.0,0.2,80.0,475.15,8.8,27.54,0.19,0.22
10,38.27,0.21,79.0,375.64,4.74,32.59,0.04,0.21
11,40.5,0.15,85.0,400.32,7.4,28.17,0.19,0.38
12,36.71,0.21,79.0,329.51,2.56,33.8,0.13,0.25
13,24.29,0.23,77.0,455.73,8.01,22.3,0.28,0.2
14,53.92,0.16,84.0,206.34,7.51,20.58,0.1,0.2
15,38.16,0.2,80.0,354.07,4.43,29.2,0.18,0.18
16,40.68,0.17,83.0,408.79,4.89,31.17,0.14,0.22
17,42.96,0.17,83.0,358.75,5.63,26.7,0.21,0.27
18,39.91,0.2,80.0,280.6,8.58,21.32,0.21,0.33
19,35.93,0.19,81.0,386.48,10.96,17.47,0.16,0.32
20,45.77,0.18,82.0,262.8,6.9,29.8,0.14,0.18
21,34.19,0.2,80.0,397.14,13.1,12.32,0.17,0.19
22,33.77,0.22,78.0,318.85,10.2,21.65,0.19,0.19
23,25.33,0.24,76.0,388.8,14.34,11.89,0.29,0.22
24,38.97,0.17,83.0,426.44,3.69,35.62,0.14,0.28
25,37.76,0.15,85.0,450.89,9.91,17.34,0.22,0.27
26,45.18,0.19,81.0,166.37,10.96,19.7,0.16,0.29
27,33.38,0.22,78.0,399.61,1.6,39.51,0.18,0.26
28,45.22,0.18,82.0,289.71,6.78,21.95,0.15,0.2
29,36.79,0.18,82.0,455.86,8.64,27.23,0.2,0.22
30,25.61,0.22,78.0,394.84,10.04,17.75,0.36,0.35
31,31.47,0.24,76.0,384.36,8.03,25.97,0.15,0.34
32,47.45,0.13,87.0,346.99,12.53,13.85,0.26,0.32
33,43.43,0.17,83.0,399.72,3.01,34.33,0.1,0.33
34,30.28,0.24,76.0,304.24,6.97,21.82,0.2,0.3
35,24.18,0.24,76.0,400.86,7.54,26.22,0.27,0.23
36,37.93,0.2,80.0,311.44,8.51,22.7,0.22,0.22
37,48.03,0.16,84.0,302.66,2.65,34.26,0.12,0.25
38,43.14,0.21,79.0,185.67,12.1,17.71,0.14,0.19
39,28.03,0.27,73.0,323.77,5.37,29.8,0.1,0.26
40,28.45,0.25,75.0,385.6,8.95,24.51,0.13,0.35
41,38.6,0.17,83.0,329.96,9.84,22.29,0.31,0.4
42,8.42,0.31,69.0,417.3,9.48,20.94,0.41,0.29
43,35.52,0.24,76.0,223.25,1.33,34.78,0.2,0.37
44,34.4,0.18,82.0,480.76,2.98,40.1,0.05,0.33
45,24.27,0.21,79.0,522.46,8.05,24.58,0.29,0.37
46,28.64,0.19,81.0,499.67,9.37,17.65,0.27,0.33
47,49.82,0.15,85.0,266.91,4.83,33.24,0.14,0.35
48,52.78,0.16,84.0,209.66,7.94,23.58,0.15,0.34
49,36.81,0.18,82.0,383.63,8.23,21.5,0.23,0.37
50,45.65,0.14,86.0,251.87,9.56,18.34,0.37,0.44
51,23.33,0.26,74.0,338.92,9.85,17.71,0.34,0.47
52,37.16,0.23,77.0,291.64,7.25,29.53,0.1,0.49
53,32.28,0.23,77.0,303.47,11.06,19.99,0.21,0.44
54,31.65,0.2,80.0,366.82,7.87,24.95,0.27,0.39
55,20.57,0.25,75.0,482.92,9.54,22.68,0.25,0.35
56,35.24,0.22,78.0,202.08,9.99,18.24,0.32,0.32
57,41.8,0.17,83.0,296.31,10.08,21.3,0.25,0.26
58,33.46,0.22,78.0,421.65,3.35,41.6,0.13,0.23
59,34.47,0.18,82.0,461.36,3.03,30.37,0.22,0.29
60,31.58,0.23,77.0,272.28,11.94,17.46,0.28,0.31
61,35.58,0.22,78.0,287.82,6.21,26.62,0.19,0.46
62,30.98,0.24,76.0,296.33,4.65,32.22,0.21,0.29
63,32.13,0.2,80.0,362.51,9.58,16.5,0.23,0.37
64,29.19,0.22,78.0,229.54,5.14,28.32,0.35,0.29
65,34.02,0.18,82.0,550.61,8.01,27.04,0.13,0.31
66,35.68,0.2,80.0,391.86,5.59,32.73,0.21,0.36
67,32.24,0.2,80.0,295.83,1.54,34.34,0.36,0.23
68,37.53,0.15,85.0,477.96,4.29,30.05,0.25,0.37
69,29.76,0.22,78.0,498.09,5.12,29.58,0.09,0.3
70,32.46,0.2,80.0,373.24,9.63,20.49,0.29,0.33
71,45.98,0.14,86.0,301.06,10.32,17.94,0.19,0.32
72,44.98,0.15,85.0,293.2,4.28,31.44,0.18,0.35
73,25.43,0.24,76.0,303.85,6.74,20.62,0.29,0.37
74,41.07,0.16,84.0,322.0,2.42,32.96,0.29,0.38
75,39.73,0.14,86.0,443.94,9.45,20.42,0.3,0.42
76,35.0,0.18,82.0,403.13,7.1,27.73,0.21,0.29
77,20.61,0.29,71.0,379.81,6.1,23.94,0.2,0.37
78,40.21,0.19,81.0,278.84,7.67,22.87,0.18,0.42
79,39.66,0.18,82.0,272.25,4.23,32.51,0.29,0.23
80,35.82,0.18,82.0,466.75,5.53,27.86,0.13,0.2
81,37.17,0.17,83.0,322.68,3.03,33.9,0.33,0.25
82,30.0,0.19,81.0,489.25,4.36,25.45,0.27,0.2
83,30.2,0.22,78.0,299.32,8.66,26.18,0.26,0.29
84,32.79,0.2,80.0,461.06,4.12,30.97,0.2,0.41
85,40.93,0.16,84.0,260.1,8.09,21.14,0.34,0.4
86,30.81,0.17,83.0,487.74,7.42,27.48,0.21,0.42
87,39.52,0.21,79.0,355.81,1.59,37.89,0.16,0.43
88,29.07,0.24,76.0,340.62,4.73,30.3,0.21,0.35
89,48.85,0.12,88.0,430.15,6.23,26.21,0.14,0.33
90,35.45,0.2,80.0,362.49,4.71,26.85,0.2,0.46
91,52.96,0.13,87.0,289.78,4.97,30.68,0.16,0.32
92,32.9,0.21,79.0,413.06,13.34,14.09,0.23,0.3
93,33.94,0.2,80.0,471.68,13.0,16.98,0.1,0.28
94,41.81,0.15,85.0,414.69,5.6,23.69,0.24,0.4
95,29.25,0.23,77.0,392.56,5.9,22.31,0.3,0.33
96,42.58,0.18,82.0,335.24,4.8,28.48,0.18,0.35
97,63.08,0.29,71.0,259.48,1.0,25.48,0.12,0.35
98,58.73,0.08,92.0,319.19,4.29,28.62,0.19,0.34
99,21.68,0.26,74.0,398.82,2.71,41.37,0.28,0.32
100,30.41,0.25,75.0,297.5,10.25,19.4,0.19,0.31
101,30.97,0.25,75.0,196.96,2.98,32.56,0.23,0.65
102,24.25,0.21,79.0,446.27,13.39,13.87,0.39,0.53
103,27.71,0.21,79.0,469.89,11.41,16.7,0.29,0.56
104,34.14,0.19,81.0,378.07,5.51,24.27,0.2,0.62
105,29.6,0.21,79.0,468.92,11.39,15.75,0.18,0.63
106,43.09,0.11,89.0,505.68,10.97,19.54,0.23,0.6
107,50.53,0.12,88.0,238.79,9.42,25.96,0.33,0.65
108,47.17,0.18,82.0,238.79,1.77,33.7,0.23,0.59
109,32.48,0.18,82.0,468.41,5.83,23.09,0.21,0.43
110,35.67,0.17,83.0,426.97,4.84,26.4,0.31,0.52
111,49.56,0.11,89.0,275.8,12.95,14.0,0.32,0.64
112,33.06,0.17,83.0,585.09,10.72,18.92,0.18,0.49
113,39.18,0.15,85.0,355.26,6.4,21.79,0.33,0.44
114,37.72,0.18,82.0,377.99,9.02,22.5,0.19,0.39
115,35.11,0.18,82.0,388.06,8.5,25.31,0.25,0.54
116,34.82,0.17,83.0,406.06,8.28,27.57,0.31,0.44
117,39.49,0.18,82.0,430.16,5.54,26.31,0.13,0.48
118,32.56,0.2,80.0,444.02,8.91,23.25,0.24,0.53
119,31.58,0.18,82.0,484.62,8.03,26.47,0.19,0.4
120,36.49,0.16,84.0,427.2,3.52,39.02,0.21,0.53
121,33.38,0.18,82.0,506.97,5.89,22.81,0.18,0.5
122,29.47,0.23,77.0,415.43,1.44,29.5,0.27,0.56
123,26.99,0.24,76.0,436.75,9.13,23.79,0.19,0.44
124,40.0,0.19,81.0,271.5,10.51,19.31,0.18,0.45
125,27.81,0.21,79.0,494.48,8.05,25.54,0.2,0.56
126,33.36,0.24,76.0,198.6,12.86,15.53,0.27,0.5
127,35.53,0.2,80.0,366.68,8.8,22.18,0.27,0.46
128,32.1,0.22,78.0,253.4,4.45,28.68,0.2,0.41
129,23.74,0.22,78.0,481.26,6.03,24.0,0.28,0.41
130,30.03,0.2,80.0,450.11,6.38,25.94,0.25,0.35
131,41.14,0.2,80.0,245.49,3.68,29.11,0.19,0.42
132,28.3,0.26,74.0,395.17,6.96,23.62,0.08,0.39
133,23.04,0.28,72.0,315.73,8.77,19.55,0.25,0.4
134,34.43,0.2,80.0,364.5,1.78,30.56,0.15,0.33
135,30.27,0.2,80.0,436.24,9.23,20.01,0.27,0.31
136,46.03,0.16,84.0,264.29,4.63,28.75,0.28,0.35
137,36.75,0.19,81.0,403.14,3.63,34.88,0.16,0.33
138,43.56,0.15,85.0,367.04,11.84,20.17,0.22,0.35
139,50.98,0.16,84.0,247.83,2.77,41.3,0.08,0.44
140,34.0,0.16,84.0,490.79,13.43,14.16,0.19,0.37
141,32.83,0.16,84.0,468.5,8.11,23.7,0.24,0.38
142,47.51,0.17,83.0,234.48,7.91,27.85,0.17,0.55
143,37.4,0.16,84.0,408.54,9.38,23.84,0.21,0.47
144,28.58,0.2,80.0,354.19,8.87,23.58,0.3,0.56
145,40.15,0.15,85.0,470.05,2.0,37.87,0.14,0.55
146,48.75,0.15,85.0,358.45,8.41,22.91,0.1,0.39
147,31.62,0.18,82.0,494.37,11.71,19.37,0.22,0.47
148,22.61,0.22,78.0,397.65,9.25,18.91,0.4,0.6
149,36.51,0.18,82.0,388.53,8.16,27.54,0.27,0.62
150,42.55,0.14,86.0,362.86,7.91,26.32,0.27,0.59
151,35.31,0.18,82.0,324.41,10.41,19.76,0.3,0.55
152,36.65,0.21,79.0,286.1,2.88,40.07,0.18,0.53
153,49.55,0.12,88.0,370.55,11.64,21.95,0.14,0.54
154,51.9,0.13,87.0,191.82,5.56,26.82,0.25,0.45
155,54.22,0.12,88.0,224.99,11.4,16.12,0.28,0.51
156,39.28,0.19,81.0,306.97,4.6,29.98,0.2,0.53
157,39.98,0.14,86.0,490.12,6.06,23.22,0.29,0.57
158,26.84,0.22,78.0,380.82,5.31,26.27,0.24,0.51
159,35.37,0.17,83.0,399.69,10.82,16.01,0.3,0.56
160,36.45,0.15,85.0,496.87,8.78,24.74,0.26,0.55
161,49.82,0.11,89.0,330.57,12.49,13.75,0.38,0.58
162,49.51,0.12,88.0,295.06,6.91,24.5,0.26,0.47
163,30.85,0.22,78.0,377.36,8.17,17.17,0.34,0.55
164,33.83,0.21,79.0,395.72,10.94,17.72,0.2,0.52
165,36.99,0.18,82.0,317.51,14.93,10.17,0.31,0.51
166,48.52,0.17,83.0,278.95,7.64,30.41,0.06,0.44
167,45.2,0.09,91.0,539.16,5.81,25.17,0.23,0.37
168,34.78,0.2,80.0,327.66,5.17,30.72,0.34,0.39
169,44.23,0.18,82.0,267.06,4.58,32.39,0.17,0.44
170,54.67,0.08,92.0,339.94,5.46,24.53,0.32,0.48
171,38.05,0.18,82.0,406.03,11.27,15.24,0.24,0.47
172,50.23,0.14,86.0,323.84,1.69,36.89,0.27,0.55
173,37.36,0.17,83.0,429.74,9.15,27.66,0.2,0.53
174,39.43,0.16,84.0,384.62,7.33,21.08,0.28,0.53
175,49.47,0.13,87.0,269.43,4.19,34.7,0.2,0.51
176,36.9,0.19,81.0,306.37,12.25,15.25,0.34,0.52
177,33.5,0.17,83.0,489.48,8.92,18.61,0.25,0.53
178,32.6,0.2,80.0,413.93,3.18,37.17,0.23,0.48
179,33.93,0.15,85.0,562.07,7.53,27.06,0.2,0.61
180,45.34,0.13,87.0,292.13,11.32,17.51,0.27,0.61
181,49.3,0.14,86.0,297.83,9.17,20.9,0.26,0.58
182,38.62,0.16,84.0,441.17,12.48,17.6,0.17,0.62
183,36.75,0.19,81.0,461.55,8.91,23.96,0.04,0.47
184,35.87,0.18,82.0,347.58,9.95,22.41,0.3,0.49
185,32.17,0.19,81.0,498.48,8.08,24.06,0.22,0.51
186,34.11,0.18,82.0,451.43,8.5,25.99,0.22,0.54
187,57.98,0.11,89.0,191.22,2.3,33.7,0.16,0.52
188,45.63,0.14,86.0,258.14,6.07,22.13,0.3,0.49
189,31.96,0.16,84.0,570.24,7.43,20.41,0.19,0.42
190,40.66,0.13,87.0,404.67,8.19,25.74,0.28,0.46
191,44.91,0.12,88.0,347.34,11.13,15.92,0.28,0.34
192,28.93,0.18,82.0,501.07,4.69,30.42,0.25,0.29
193,39.26,0.19,81.0,356.95,5.56,27.34,0.15,0.32
194,29.32,0.18,82.0,384.65,9.18,23.41,0.42,0.31
195,47.89,0.13,87.0,409.96,3.11,30.63,0.24,0.29
196,33.61,0.19,81.0,428.5,8.24,23.85,0.21,0.3
197,40.04,0.17,83.0,383.9,11.26,12.99,0.22,0.27
198,24.16,0.22,78.0,460.3,3.26,34.0,0.37,0.26
199,31.23,0.23,77.0,387.93,4.29,30.08,0.24,0.29
200,36.27,0.17,83.0,432.78,5.9,28.1,0.19,0.28
201,31.02,0.18,82.0,544.46,7.66,20.27,0.22,0.3
202,43.48,0.16,84.0,191.43,4.24,24.92,0.37,0.34
203,46.08,0.14,86.0,319.83,9.71,20.33,0.27,0.31
204,50.96,0.12,88.0,321.64,7.75,26.02,0.24,0.31
205,35.64,0.17,83.0,528.65,10.06,20.02,0.16,0.31
206,50.19,0.11,89.0,358.4,11.69,17.19,0.09,0.3
207,35.73,0.13,87.0,419.33,6.65,23.76,0.38,0.33
208,29.83,0.2,80.0,446.63,4.03,28.51,0.29,0.31
209,44.16,0.13,87.0,284.8,13.01,15.75,0.33,0.3
210,49.35,0.12,88.0,291.17,1.8,37.06,0.19,0.31
211,33.95,0.19,81.0,390.71,5.67,20.25,0.28,0.3
212,44.68,0.12,88.0,316.19,10.04,20.47,0.34,0.32
213,60.44,0.06,94.0,289.38,10.78,16.28,0.26,0.35
214,28.85,0.25,75.0,359.06,3.46,29.85,0.22,0.34
215,27.2,0.2,80.0,433.69,8.59,24.19,0.28,0.34
216,37.71,0.14,86.0,362.64,9.32,23.31,0.37,0.33
217,28.27,0.17,83.0,602.69,7.73,27.46,0.18,0.28
218,44.85,0.16,84.0,294.88,10.16,19.35,0.33,0.3
219,40.05,0.15,85.0,397.65,9.29,18.23,0.26,0.29
220,37.59,0.15,85.0,461.36,2.6,39.78,0.25,0.4
221,26.64,0.21,79.0,562.24,5.87,26.46,0.18,0.3
222,36.68,0.15,85.0,450.7,3.19,44.82,0.23,0.36
223,43.06,0.14,86.0,437.35,8.96,24.52,0.19,0.31
224,31.02,0.18,82.0,368.94,10.88,15.68,0.41,0.29
225,28.32,0.22,78.0,440.49,2.96,31.78,0.23,0.42
226,43.9,0.15,85.0,252.09,9.69,18.71,0.39,0.39
227,52.0,0.1,90.0,252.9,10.34,21.36,0.29,0.35
228,35.04,0.2,80.0,329.11,2.23,40.42,0.26,0.35
229,39.41,0.14,86.0,409.22,9.03,23.64,0.29,0.34
230,50.82,0.13,87.0,268.95,11.65,15.42,0.34,0.37
231,45.36,0.15,85.0,234.99,10.4,17.77,0.32,0.32
232,42.91,0.14,86.0,458.41,7.69,29.99,0.1,0.38
233,57.95,0.14,86.0,140.2,7.5,22.98,0.17,0.39
234,31.42,0.16,84.0,553.45,4.42,29.96,0.25,0.44
235,37.81,0.17,83.0,333.38,12.85,13.02,0.34,0.53
236,29.92,0.24,76.0,262.15,5.87,26.41,0.3,0.47
237,40.56,0.15,85.0,243.99,11.83,19.81,0.47,0.47
238,38.54,0.14,86.0,483.48,2.48,42.73,0.18,0.4
239,39.85,0.16,84.0,389.82,9.99,21.16,0.24,0.35
240,42.29,0.15,85.0,277.17,13.55,10.6,0.32,0.48
241,36.95,0.14,86.0,303.6,11.27,17.5,0.42,0.35
242,37.72,0.2,80.0,356.22,9.63,23.97,0.25,0.37
243,43.01,0.18,82.0,336.23,6.2,25.62,0.02,0.43
244,36.97,0.18,82.0,401.56,7.53,27.78,0.16,0.45
245,46.63,0.12,88.0,422.98,10.44,17.73,0.22,0.42
246,52.45,0.14,86.0,210.15,6.52,26.9,0.19,0.37
247,31.27,0.12,88.0,612.08,4.35,36.28,0.24,0.47
248,52.07,0.11,89.0,217.87,8.89,25.41,0.32,0.58
249,37.02,0.16,84.0,390.39,9.66,25.56,0.32,0.43
250,34.43,0.18,82.0,455.23,5.46,28.27,0.22,0.61
251,38.2,0.17,83.0,260.41,9.94,20.84,0.32,0.66
252,31.31,0.2,80.0,400.25,10.8,19.13,0.36,0.47
253,51.82,0.12,88.0,292.89,6.03,29.61,0.18,0.56
254,27.37,0.22,78.0,388.27,9.03,22.44,0.36,0.5
255,29.92,0.23,77.0,313.53,1.7,36.49,0.35,0.45
256,53.09,0.12,88.0,275.88,11.19,19.16,0.22,0.49
257,54.17,0.12,88.0,303.99,7.28,29.86,0.16,0.41
258,29.21,0.22,78.0,433.3,8.61,22.28,0.31,0.48
259,47.53,0.08,92.0,528.86,7.85,31.23,0.12,0.45
260,55.05,0.13,87.0,188.22,6.2,27.31,0.23,0.47
261,55.97,0.1,90.0,306.56,5.85,27.63,0.2,0.46
262,42.52,0.15,85.0,297.97,8.77,18.33,0.35,0.4
263,40.85,0.12,88.0,391.45,5.16,33.55,0.39,0.38
264,51.56,0.12,88.0,390.6,13.14,14.47,0.13,0.42
265,35.74,0.2,80.0,347.68,4.14,29.27,0.19,0.45
266,35.34,0.16,84.0,439.38,8.06,21.09,0.37,0.57
267,42.91,0.15,85.0,385.04,4.63,34.19,0.1,0.36
268,41.5,0.13,87.0,418.18,9.09,22.82,0.2,0.5
269,52.01,0.11,89.0,360.09,6.42,27.57,0.2,0.45
270,48.01,0.14,86.0,329.53,4.55,29.96,0.2,0.49
271,24.19,0.21,79.0,417.68,13.42,14.91,0.4,0.48
272,42.54,0.13,87.0,334.99,6.76,25.47,0.39,0.44
273,48.1,0.11,89.0,415.06,4.1,25.42,0.21,0.54
274,41.07,0.17,83.0,256.45,15.1,10.07,0.3,0.38
275,45.12,0.15,85.0,305.37,10.42,23.23,0.22,0.41
276,32.62,0.16,84.0,553.49,5.42,29.32,0.31,0.47
277,47.11,0.11,89.0,370.08,13.93,12.15,0.28,0.31
278,25.85,0.19,81.0,409.69,4.75,34.29,0.36,0.35
279,29.91,0.22,78.0,350.38,1.35,31.38,0.22,0.31
280,41.34,0.17,83.0,272.18,4.48,28.32,0.29,0.33
281,37.93,0.15,85.0,438.81,7.58,22.56,0.29,0.37
282,41.95,0.18,82.0,261.69,4.51,31.3,0.25,0.54
283,42.54,0.18,82.0,317.76,1.81,38.33,0.18,0.33
284,43.8,0.16,84.0,272.68,12.85,17.67,0.27,0.36
285,60.12,0.11,89.0,145.76,9.38,23.81,0.21,0.32
286,32.9,0.16,84.0,353.52,12.41,15.75,0.54,0.33
287,34.53,0.17,83.0,307.21,13.11,13.55,0.38,0.49
288,40.65,0.12,88.0,626.15,13.73,12.87,0.15,0.5
289,44.64,0.12,88.0,329.03,2.69,38.68,0.34,0.52
290,34.47,0.18,82.0,232.59,11.8,15.53,0.52,0.59
291,42.79,0.15,85.0,283.52,1.87,34.39,0.3,0.45
292,39.0,0.15,85.0,376.46,3.52,25.86,0.26,0.48
293,41.66,0.17,83.0,353.03,11.66,21.13,0.27,0.49
294,34.42,0.19,81.0,368.11,13.01,13.3,0.31,0.53
295,32.23,0.17,83.0,467.92,6.81,20.05,0.26,0.41
296,52.2,0.1,90.0,374.54,10.93,16.98,0.23,0.57
297,27.64,0.2,80.0,324.51,11.02,18.45,0.49,0.42
298,49.42,0.15,85.0,296.2,2.56,34.74,0.21,0.61
299,40.14,0.21,79.0,316.53,1.91,36.57,0.09,0.52
300,43.79,0.15,85.0,401.82,2.19,37.17,0.21,0.51
301,55.87,0.08,92.0,360.31,6.93,29.62,0.24,0.51
302,60.12,0.08,92.0,258.89,2.48,33.65,0.27,0.6
303,48.95,0.11,89.0,363.07,4.86,25.56,0.26,0.52
304,47.95,0.14,86.0,330.87,4.37,37.59,0.13,0.39
305,43.36,0.15,85.0,323.18,8.35,27.25,0.3,0.42
306,55.21,0.12,88.0,172.57,11.98,15.88,0.3,0.39
307,53.23,0.08,92.0,314.42,13.28,13.77,0.38,0.34
308,32.63,0.17,83.0,343.8,9.57,18.72,0.44,0.39
309,42.59,0.17,83.0,216.85,10.99,20.68,0.31,0.5
310,47.94,0.11,89.0,256.41,10.45,22.13,0.38,0.54
311,46.53,0.14,86.0,348.3,6.01,30.1,0.2,0.43
312,50.02,0.12,88.0,351.98,6.55,24.9,0.25,0.37
313,46.88,0.15,85.0,348.56,4.36,36.08,0.17,0.44
314,44.92,0.13,87.0,370.41,10.28,17.75,0.28,0.49
315,53.25,0.07,93.0,369.13,12.39,16.4,0.29,0.52
316,41.23,0.15,85.0,412.7,6.31,33.26,0.24,0.39
317,49.41,0.16,84.0,245.07,5.55,34.15,0.16,0.47
318,44.62,0.11,89.0,374.94,9.99,22.41,0.4,0.46
319,44.67,0.13,87.0,487.76,3.94,34.06,0.08,0.41
320,42.87,0.15,85.0,425.97,8.26,26.1,0.23,0.37
321,27.84,0.21,79.0,545.83,11.14,17.87,0.22,0.3
322,46.98,0.13,87.0,249.0,7.22,30.13,0.3,0.39
323,28.35,0.21,79.0,406.7,11.48,15.8,0.26,0.34
324,37.44,0.17,83.0,429.73,12.24,18.6,0.2,0.33
325,57.25,0.09,91.0,392.32,1.49,36.83,0.04,0.34
326,48.75,0.14,86.0,370.38,11.26,16.96,0.22,0.31
327,44.32,0.14,86.0,401.43,5.49,32.22,0.27,0.33
328,33.06,0.19,81.0,263.85,11.83,15.7,0.38,0.32
329,36.36,0.14,86.0,510.26,6.32,25.88,0.28,0.35
330,38.07,0.18,82.0,420.61,11.76,19.8,0.26,0.38
331,42.93,0.17,83.0,247.73,7.05,23.92,0.24,0.46
332,53.89,0.1,90.0,332.6,2.46,35.27,0.17,0.34
333,60.46,0.09,91.0,278.68,2.71,31.59,0.06,0.51
334,52.63,0.12,88.0,239.92,10.39,19.76,0.3,0.55
335,30.98,0.14,86.0,489.12,3.31,31.96,0.42,0.4
336,39.96,0.15,85.0,414.82,5.27,29.39,0.2,0.33
337,39.96,0.18,82.0,416.83,3.14,35.05,0.16,0.35
338,41.1,0.1,90.0,463.05,7.04,31.05,0.41,0.32
339,37.13,0.19,81.0,305.56,9.16,21.83,0.3,0.39
340,52.74,0.08,92.0,430.34,2.12,36.23,0.16,0.52
341,46.01,0.15,85.0,328.09,10.27,20.22,0.2,0.61
342,36.04,0.17,83.0,331.24,4.5,26.05,0.4,0.3
343,34.69,0.13,87.0,628.57,4.21,34.89,0.2,0.32
344,44.24,0.12,88.0,417.84,9.18,21.59,0.27,0.31
345,47.25,0.1,90.0,464.35,9.34,24.77,0.22,0.5
346,59.33,0.13,87.0,187.59,3.23,30.85,0.14,0.53
347,45.75,0.16,84.0,354.75,5.15,31.93,0.12,0.52
348,27.95,0.2,80.0,377.12,13.95,12.52,0.28,0.45
349,49.01,0.1,90.0,233.05,8.93,20.52,0.4,0.58
350,57.17,0.11,89.0,276.92,9.91,23.89,0.12,0.66
351,36.34,0.17,83.0,381.14,4.83,26.0,0.21,0.6
352,38.77,0.2,80.0,330.81,6.69,31.83,0.19,0.31
353,40.62,0.14,86.0,387.41,3.19,37.1,0.28,0.34
354,32.44,0.17,83.0,392.36,10.59,17.69,0.45,0.42
355,52.61,0.11,89.0,209.61,10.25,18.75,0.32,0.65
356,52.37,0.12,88.0,339.02,9.62,17.8,0.16,0.55
357,31.51,0.21,79.0,332.79,9.28,23.04,0.34,0.48
358,49.91,0.13,87.0,426.2,2.8,39.47,0.11,0.51
359,38.75,0.14,86.0,548.24,7.92,25.86,0.21,0.47
360,34.83,0.18,82.0,470.28,13.95,11.52,0.3,0.43
361,52.39,0.1,90.0,374.4,6.04,32.15,0.17,0.33
362,37.9,0.15,85.0,525.8,2.89,38.9,0.22,0.33
363,45.41,0.13,87.0,291.6,12.78,15.15,0.22,0.3
364,56.53,0.09,91.0,368.87,7.75,23.61,0.13,0.31
365,43.05,0.12,88.0,455.56,8.43,28.02,0.2,0.31
366,39.0,0.16,84.0,405.5,9.14,24.35,0.31,0.34
367,38.33,0.18,82.0,244.67,6.98,23.66,0.28,0.32
368,45.58,0.11,89.0,511.53,4.37,34.41,0.1,0.32
369,51.37,0.11,89.0,341.52,5.26,30.26,0.23,0.3
370,35.48,0.2,80.0,344.35,7.4,22.84,0.18,0.32
371,47.72,0.1,90.0,476.91,10.4,22.63,0.12,0.33
372,40.64,0.14,86.0,380.06,7.86,30.97,0.29,0.32
373,57.79,0.09,91.0,271.82,6.93,30.01,0.15,0.32
374,46.73,0.1,90.0,371.34,10.46,22.29,0.33,0.33
375,42.08,0.17,83.0,350.04,9.04,23.75,0.14,0.3
376,35.46,0.16,84.0,327.65,5.27,22.97,0.37,0.3
377,32.05,0.17,83.0,373.71,13.67,14.76,0.42,0.35
378,49.76,0.07,93.0,396.28,4.61,24.89,0.32,0.33
379,57.18,0.07,93.0,344.39,8.67,20.79,0.24,0.32
380,38.7,0.15,85.0,438.72,8.49,24.53,0.28,0.33
381,41.97,0.11,89.0,485.03,2.79,36.18,0.21,0.31
382,48.76,0.14,86.0,339.94,7.21,27.83,0.18,0.44
383,34.89,0.17,83.0,463.65,16.0,10.45,0.28,0.41
384,46.82,0.16,84.0,284.54,8.48,22.93,0.18,0.38
385,46.84,0.19,81.0,160.29,3.62,32.74,0.11,0.56
386,55.51,0.07,93.0,411.31,9.06,28.97,0.17,0.43
387,45.99,0.13,87.0,387.87,8.59,17.17,0.2,0.35
388,30.28,0.18,82.0,493.64,2.38,37.54,0.34,0.34
389,44.01,0.13,87.0,373.78,7.85,24.26,0.37,0.32
390,46.39,0.16,84.0,282.04,11.42,16.65,0.18,0.33
391,39.36,0.12,88.0,447.65,5.77,31.08,0.34,0.32
392,51.22,0.11,89.0,379.34,11.07,18.03,0.24,0.38
393,57.76,0.07,93.0,352.55,12.67,15.2,0.25,0.33
394,57.88,0.05,95.0,369.43,2.41,36.03,0.27,0.35
395,44.19,0.14,86.0,396.34,3.66,26.27,0.15,0.34
396,38.7,0.15,85.0,512.77,4.94,28.48,0.32,0.34
397,28.18,0.18,82.0,405.8,10.16,14.22,0.39,0.39
398,44.56,0.1,90.0,450.59,7.56,29.73,0.29,0.34
399,56.84,0.06,94.0,275.12,12.72,18.35,0.29,0.41
400,44.38,0.11,89.0,476.99,11.76,16.01,0.33,0.49
401,56.88,0.09,91.0,371.84,11.4,18.4,0.15,0.59
402,51.1,0.16,84.0,258.55,1.3,32.45,0.2,0.42
403,53.07,0.08,92.0,431.11,12.63,17.48,0.24,0.36
404,49.26,0.1,90.0,417.82,9.12,21.99,0.3,0.49
405,50.46,0.1,90.0,482.75,3.57,32.5,0.17,0.43
406,35.16,0.17,83.0,574.18,10.36,22.18,0.09,0.62
407,59.69,0.1,90.0,239.05,6.25,30.24,0.17,0.57
408,39.3,0.15,85.0,383.8,3.53,27.87,0.28,0.51
409,33.36,0.19,81.0,459.87,3.27,36.65,0.17,0.58
410,41.77,0.12,88.0,425.62,10.46,16.63,0.23,0.55
411,43.79,0.15,85.0,351.08,3.87,33.0,0.2,0.57
412,31.46,0.15,85.0,546.62,13.13,14.59,0.29,0.44
413,31.17,0.16,84.0,439.18,13.41,13.89,0.42,0.59
414,49.83,0.1,90.0,322.89,10.76,20.29,0.31,0.48
415,26.05,0.21,79.0,384.03,12.03,14.79,0.34,0.52
416,56.36,0.08,92.0,380.06,4.29,23.29,0.24,0.47
417,65.32,0.05,95.0,246.0,11.89,18.37,0.14,0.55
418,52.34,0.06,94.0,474.86,10.07,18.23,0.31,0.38
419,33.91,0.14,86.0,513.11,12.46,11.38,0.37,0.33
420,60.67,0.06,94.0,362.94,12.68,12.75,0.13,0.32
421,38.85,0.15,85.0,375.36,10.75,19.27,0.31,0.47
422,46.24,0.1,90.0,448.75,5.36,29.11,0.35,0.52
423,46.11,0.11,89.0,319.66,6.55,25.92,0.35,0.46
424,57.46,0.21,79.0,181.61,1.0,26.13,0.15,0.57
425,57.3,0.09,91.0,354.38,6.97,28.13,0.12,0.68
426,54.73,0.1,90.0,350.88,10.26,17.63,0.22,0.54
427,41.14,0.15,85.0,340.68,4.61,30.38,0.32,0.57
428,25.47,0.2,80.0,387.14,10.28,20.31,0.4,0.6
429,35.14,0.18,82.0,250.07,6.14,26.2,0.43,0.43
430,40.68,0.1,90.0,503.88,9.34,17.85,0.26,0.51
431,51.19,0.11,89.0,404.59,7.06,21.59,0.18,0.42
432,38.53,0.17,83.0,476.54,10.94,21.26,0.18,0.55
433,62.18,0.06,94.0,273.28,3.51,40.52,0.22,0.36
434,44.33,0.13,87.0,346.97,8.71,21.26,0.33,0.38
435,53.24,0.11,89.0,251.4,7.33,27.55,0.18,0.41
436,56.7,0.1,90.0,253.08,7.2,21.1,0.2,0.57
437,41.33,0.17,83.0,331.01,2.87,31.67,0.19,0.53
438,58.5,0.08,92.0,329.28,2.32,35.96,0.15,0.53
439,57.51,0.09,91.0,260.28,3.81,34.43,0.09,0.52
440,50.25,0.12,88.0,336.37,5.82,22.9,0.27,0.44
441,40.83,0.15,85.0,499.47,2.54,39.38,0.2,0.56
442,50.2,0.12,88.0,302.5,6.0,24.63,0.26,0.57
443,41.02,0.16,84.0,434.23,5.77,33.51,0.14,0.57
444,49.96,0.12,88.0,390.98,7.12,30.6,0.12,0.64
445,50.71,0.1,90.0,339.08,7.01,26.16,0.28,0.47
446,49.56,0.1,90.0,335.05,9.08,22.24,0.24,0.34
447,52.99,0.08,92.0,518.2,7.69,27.02,0.18,0.35
448,54.68,0.11,89.0,275.35,11.02,16.77,0.28,0.54
449,62.12,0.07,93.0,325.04,11.2,16.14,0.21,0.42
450,46.7,0.14,86.0,280.44,7.16,20.88,0.26,0.45
451,53.32,0.1,90.0,311.86,7.02,30.11,0.16,0.51
452,47.16,0.14,86.0,346.01,5.86,30.56,0.21,0.6
453,51.25,0.12,88.0,331.52,5.77,30.57,0.17,0.44
454,57.46,0.07,93.0,415.37,3.59,37.1,0.28,0.56
455,57.6,0.1,90.0,265.45,7.01,28.68,0.23,0.48
456,36.75,0.14,86.0,438.58,2.25,35.06,0.28,0.43
457,54.63,0.1,90.0,343.11,5.93,25.21,0.13,0.39
458,40.98,0.11,89.0,341.77,4.55,28.32,0.37,0.51
459,50.06,0.14,86.0,311.18,3.84,32.87,0.12,0.42
460,47.56,0.07,93.0,466.84,12.9,15.71,0.28,0.45
461,53.95,0.07,93.0,381.61,9.99,21.64,0.36,0.49
462,48.7,0.1,90.0,355.25,6.62,32.1,0.34,0.44
463,56.56,0.11,89.0,323.3,7.8,28.86,0.09,0.45
464,35.02,0.14,86.0,558.55,2.33,39.68,0.34,0.51
465,42.3,0.17,83.0,315.96,5.95,24.66,0.27,0.6
466,40.41,0.15,85.0,422.37,7.72,19.97,0.26,0.33
467,48.36,0.08,92.0,354.89,11.7,19.13,0.42,0.33
468,43.58,0.14,86.0,435.15,8.0,18.02,0.15,0.35
469,45.49,0.11,89.0,341.21,10.03,19.93,0.33,0.56
470,57.82,0.07,93.0,413.11,11.53,14.94,0.18,0.5
471,46.97,0.07,93.0,474.53,5.98,32.68,0.31,0.56
472,41.59,0.15,85.0,330.41,9.32,24.41,0.31,0.6
473,32.27,0.14,86.0,579.98,5.94,26.89,0.35,0.5
474,45.11,0.12,88.0,386.45,9.13,15.81,0.31,0.46
475,38.18,0.14,86.0,457.63,5.74,35.81,0.28,0.5
476,48.34,0.09,91.0,384.99,7.42,28.19,0.26,0.41
477,50.32,0.1,90.0,419.55,4.08,36.24,0.21,0.43
478,34.25,0.12,88.0,499.99,9.18,22.66,0.38,0.44
479,53.74,0.07,93.0,236.15,9.99,20.82,0.4,0.47
480,55.33,0.06,94.0,404.47,3.58,34.8,0.23,0.52
481,53.66,0.11,89.0,294.71,3.6,31.53,0.28,0.62
482,63.96,0.06,94.0,312.68,6.83,33.78,0.16,0.37
483,56.78,0.1,90.0,339.08,6.25,25.25,0.07,0.38
484,50.15,0.06,94.0,520.72,10.0,18.14,0.3,0.41
485,45.81,0.08,92.0,566.17,10.24,18.78,0.25,0.38
486,48.54,0.13,87.0,316.67,6.64,28.27,0.19,0.34
487,50.85,0.06,94.0,545.18,7.03,29.21,0.25,0.38
488,42.03,0.15,85.0,417.02,12.02,17.35,0.13,0.46
489,40.82,0.14,86.0,441.02,5.77,29.15,0.27,0.4
490,34.25,0.12,88.0,449.81,14.64,10.17,0.49,0.36
491,34.56,0.14,86.0,512.11,14.7,10.84,0.35,0.4
492,39.44,0.14,86.0,439.18,7.88,26.17,0.24,0.43
493,39.53,0.11,89.0,542.79,8.99,29.11,0.14,0.54
494,46.09,0.11,89.0,372.77,9.38,19.16,0.26,0.44
495,51.65,0.07,93.0,465.53,3.86,36.8,0.19,0.55
496,45.49,0.12,88.0,405.07,8.61,33.83,0.22,0.35
497,40.86,0.15,85.0,343.07,7.76,26.09,0.22,0.27
498,50.78,0.13,87.0,266.91,9.72,17.84,0.22,0.29
499,32.06,0.18,82.0,339.41,12.89,12.4,0.47,0.28
500,45.88,0.12,88.0,326.1,4.63,30.43,0.3,0.3
501,54.94,0.1,90.0,285.26,8.55,25.32,0.22,0.3
502,58.69,0.06,94.0,333.21,9.97,16.48,0.31,0.33
503,44.38,0.07,93.0,437.21,13.72,12.67,0.37,0.38
504,40.83,0.11,89.0,563.63,6.53,30.26,0.18,0.53
505,37.91,0.16,84.0,376.6,6.5,23.09,0.34,0.38
506,55.91,0.06,94.0,357.3,3.43,29.71,0.18,0.44
507,58.29,0.06,94.0,421.68,11.57,15.31,0.06,0.39
508,45.47,0.11,89.0,565.83,4.91,35.76,0.11,0.36
509,57.34,0.07,93.0,393.5,11.32,20.41,0.27,0.33
510,54.1,0.07,93.0,433.98,5.68,31.19,0.22,0.32
511,32.58,0.12,88.0,549.6,5.82,34.72,0.35,0.35
512,40.95,0.12,88.0,359.58,4.8,31.99,0.38,0.33
513,51.3,0.1,90.0,325.19,10.62,20.0,0.33,0.36
514,55.88,0.1,90.0,316.67,7.84,25.36,0.2,0.34
515,48.51,0.11,89.0,372.36,11.2,17.41,0.33,0.35
516,53.46,0.08,92.0,430.13,5.14,32.68,0.19,0.34
517,43.94,0.15,85.0,335.91,7.87,23.6,0.27,0.31
518,38.35,0.11,89.0,510.05,4.76,30.54,0.23,0.34
519,67.29,0.07,93.0,208.99,4.79,36.91,0.33,0.32
520,49.16,0.12,88.0,356.08,4.47,32.02,0.19,0.32
521,40.73,0.14,86.0,501.28,7.49,28.13,0.18,0.44
522,46.1,0.08,92.0,534.81,9.83,20.7,0.28,0.59
523,58.64,0.11,89.0,214.53,4.25,32.75,0.25,0.63
524,58.0,0.05,95.0,359.45,4.55,33.04,0.22,0.51
525,47.18,0.16,84.0,188.0,4.92,25.63,0.25,0.51
526,45.2,0.14,86.0,274.38,12.38,15.14,0.27,0.52
527,70.25,0.04,96.0,236.54,6.02,35.54,0.16,0.56
528,33.44,0.14,86.0,422.25,8.65,23.53,0.41,0.7
529,42.61,0.16,84.0,295.73,5.61,28.21,0.16,0.56
530,35.13,0.16,84.0,317.91,8.92,23.61,0.39,0.61
531,46.73,0.07,93.0,346.8,11.83,15.82,0.53,0.55
532,47.42,0.09,91.0,414.85,9.81,19.36,0.29,0.6
533,46.54,0.11,89.0,383.66,9.54,19.08,0.27,0.49
534,55.48,0.11,89.0,246.65,4.46,24.51,0.18,0.44
535,60.91,0.05,95.0,419.93,6.49,24.32,0.22,0.5
536,41.05,0.14,86.0,497.99,7.74,26.92,0.17,0.61
537,54.06,0.07,93.0,404.49,3.68,35.64,0.26,0.38
538,47.63,0.08,92.0,438.47,4.63,26.96,0.34,0.44
539,42.64,0.08,92.0,453.57,6.38,22.71,0.35,0.6
540,39.82,0.08,92.0,501.07,9.76,21.98,0.48,0.59
541,47.72,0.09,91.0,434.79,5.0,22.04,0.34,0.58
542,45.17,0.08,92.0,480.19,6.31,30.44,0.38,0.54
543,58.95,0.1,90.0,227.7,1.87,32.1,0.19,0.66
544,39.6,0.05,95.0,526.55,5.47,35.12,0.42,0.6
545,41.75,0.1,90.0,437.09,6.04,27.77,0.42,0.51
546,39.82,0.09,91.0,471.63,4.03,29.71,0.33,0.49
547,57.82,0.1,90.0,336.74,1.8,38.69,0.31,0.62
548,29.31,0.16,84.0,508.63,4.76,32.2,0.35,0.37
549,54.23,0.08,92.0,335.8,6.91,24.62,0.29,0.42
550,48.07,0.11,89.0,323.19,10.02,19.61,0.31,0.49
551,60.66,0.09,91.0,277.73,1.58,37.15,0.29,0.5
552,34.55,0.12,88.0,481.89,4.81,30.51,0.36,0.52
553,39.2,0.09,91.0,512.31,7.6,18.94,0.45,0.5
554,50.23,0.12,88.0,266.34,3.65,29.83,0.32,0.65
555,40.83,0.15,85.0,325.82,8.85,24.0,0.33,0.48
556,57.12,0.1,90.0,268.62,4.91,32.45,0.18,0.44
557,66.74,0.08,92.0,192.77,3.49,30.61,0.09,0.44
558,48.66,0.06,94.0,377.28,10.54,18.23,0.38,0.44
559,48.64,0.09,91.0,373.36,8.62,29.77,0.32,0.48
560,58.16,0.09,91.0,214.94,13.55,14.86,0.27,0.47
561,44.34,0.09,91.0,347.56,4.78,32.6,0.42,0.55
562,46.87,0.11,89.0,300.8,10.03,21.21,0.36,0.48
563,62.08,0.06,94.0,187.16,13.32,16.03,0.42,0.63
564,45.3,0.11,89.0,448.35,8.52,20.6,0.28,0.51
565,51.54,0.12,88.0,356.52,1.69,40.02,0.21,0.44
566,44.58,0.06,94.0,412.19,10.84,16.38,0.44,0.49
567,39.81,0.11,89.0,517.48,11.96,20.69,0.28,0.39
568,43.88,0.12,88.0,289.2,12.14,14.22,0.34,0.37
569,56.38,0.04,96.0,432.88,14.0,12.42,0.33,0.37
570,54.49,0.13,87.0,260.2,4.1,32.09,0.25,0.43
571,47.42,0.08,92.0,411.42,2.93,33.45,0.42,0.43
572,48.52,0.1,90.0,311.38,9.94,21.16,0.29,0.48
573,52.4,0.06,94.0,419.08,6.24,22.17,0.28,0.58
574,61.34,0.07,93.0,220.13,2.44,39.03,0.22,0.51
575,57.9,0.06,94.0,384.92,7.13,32.28,0.17,0.53
576,51.44,0.09,91.0,353.26,9.38,18.85,0.23,0.49
577,41.3,0.11,89.0,430.03,9.79,25.32,0.37,0.59
578,65.96,0.05,95.0,241.84,7.87,26.03,0.16,0.52
579,50.86,0.09,91.0,241.25,9.62,22.12,0.31,0.44
580,52.86,0.1,90.0,417.08,8.49,24.23,0.2,0.56
581,54.51,0.05,95.0,410.66,7.76,27.44,0.27,0.6
582,45.94,0.11,89.0,440.5,5.98,30.74,0.26,0.54
583,52.84,0.1,90.0,409.38,14.13,15.21,0.13,0.52
584,50.64,0.08,92.0,354.11,5.11,31.56,0.33,0.55
585,46.36,0.11,89.0,319.58,12.7,19.66,0.35,0.53
586,43.22,0.1,90.0,361.48,11.91,16.7,0.45,0.57
587,40.3,0.12,88.0,493.38,8.48,25.53,0.3,0.37
588,40.36,0.12,88.0,477.77,14.25,10.66,0.24,0.54
589,43.05,0.1,90.0,406.2,13.14,12.41,0.34,0.44
590,34.37,0.12,88.0,452.4,3.29,31.67,0.4,0.52
591,49.36,0.07,93.0,409.87,6.31,34.23,0.34,0.61
592,65.53,0.04,96.0,294.63,4.28,34.38,0.17,0.57
593,39.75,0.05,95.0,537.39,12.24,13.54,0.5,0.53
594,67.81,0.07,93.0,133.07,2.99,31.35,0.16,0.54
595,42.54,0.09,91.0,387.44,11.54,16.03,0.43,0.55
596,43.08,0.05,95.0,450.94,14.04,12.15,0.44,0.55
597,37.37,0.11,89.0,518.37,11.03,19.4,0.42,0.44
598,52.58,0.09,91.0,442.71,4.94,34.98,0.27,0.46
599,35.12,0.12,88.0,465.66,14.14,11.89,0.38,0.51
600,47.94,0.07,93.0,270.31,13.28,15.36,0.55,0.32
601,47.01,0.11,89.0,288.26,10.94,17.33,0.43,0.32
602,60.37,0.08,92.0,183.26,7.95,24.42,0.29,0.32
603,41.98,0.11,89.0,314.2,4.91,30.35,0.45,0.48
604,53.2,0.02,98.0,406.33,7.8,30.74,0.42,0.51
605,46.56,0.14,86.0,315.95,1.23,32.54,0.13,0.6
606,45.94,0.11,89.0,433.09,2.26,34.54,0.24,0.5
607,52.06,0.06,94.0,326.58,2.68,41.91,0.35,0.52
608,53.68,0.06,94.0,395.42,11.34,18.32,0.36,0.5
609,52.27,0.06,94.0,354.43,9.18,28.13,0.32,0.6
610,44.88,0.06,94.0,567.45,7.22,25.94,0.36,0.67
611,50.84,0.06,94.0,386.63,7.11,24.1,0.3,0.55
612,58.85,0.06,94.0,381.81,9.09,21.64,0.18,0.58
613,44.95,0.05,95.0,416.13,14.99,10.89,0.53,0.74
614,51.37,0.04,96.0,432.64,5.85,29.3,0.33,0.63
615,55.0,0.06,94.0,378.1,5.83,29.84,0.31,0.65
616,46.55,0.12,88.0,251.14,2.54,33.97,0.32,0.49
617,46.42,0.06,94.0,446.73,11.68,20.23,0.48,0.59
618,49.85,0.11,89.0,274.14,13.55,15.95,0.36,0.41
619,45.88,0.12,88.0,332.54,7.36,21.68,0.37,0.47
620,61.21,0.07,93.0,358.45,8.58,18.86,0.17,0.68
621,54.86,0.09,91.0,313.36,5.4,31.48,0.22,0.68
622,37.01,0.13,87.0,523.96,5.65,22.54,0.32,0.65
623,59.18,0.04,96.0,340.17,7.5,25.26,0.31,0.62
624,49.79,0.08,92.0,446.6,8.83,20.49,0.24,0.45
625,55.54,0.02,98.0,404.98,6.2,33.82,0.39,0.53
626,43.67,0.11,89.0,360.59,5.96,23.91,0.33,0.47
627,37.98,0.09,91.0,413.46,14.59,12.15,0.46,0.58
628,47.06,0.1,90.0,416.66,3.23,36.48,0.22,0.55
629,53.56,0.08,92.0,371.79,8.86,20.59,0.23,0.62
630,43.37,0.04,96.0,464.16,12.03,17.95,0.49,0.44
631,41.17,0.11,89.0,494.33,13.66,14.61,0.35,0.36
632,50.65,0.1,90.0,324.48,15.07,12.23,0.29,0.42
633,52.04,0.03,97.0,331.9,15.57,10.72,0.52,0.47
634,31.15,0.14,86.0,499.94,8.37,24.17,0.39,0.49
635,48.98,0.07,93.0,458.72,8.84,26.5,0.26,0.44
636,46.42,0.09,91.0,418.54,8.27,24.87,0.29,0.41
637,45.87,0.08,92.0,502.02,10.97,17.27,0.33,0.41
638,40.27,0.08,92.0,422.2,12.05,19.21,0.5,0.59
639,46.99,0.11,89.0,287.36,4.51,25.99,0.32,0.37
640,64.0,0.06,94.0,301.54,7.84,25.47,0.14,0.56
641,55.16,0.1,90.0,173.94,8.91,21.42,0.36,0.52
642,42.37,0.08,92.0,426.17,2.11,36.96,0.41,0.55
643,38.2,0.12,88.0,550.9,2.59,41.48,0.27,0.54
644,44.95,0.09,91.0,457.35,8.46,24.36,0.34,0.52
645,61.57,0.1,90.0,161.15,7.0,30.14,0.22,0.58
646,40.65,0.1,90.0,537.44,3.14,37.65,0.27,0.48
647,45.66,0.11,89.0,509.06,8.59,25.9,0.22,0.49
648,51.59,0.04,96.0,555.51,7.81,20.73,0.22,0.61
649,46.25,0.09,91.0,445.62,3.25,38.05,0.39,0.53
650,48.3,0.05,95.0,395.23,11.17,18.81,0.48,0.47
651,39.69,0.09,91.0,556.67,3.71,31.74,0.4,0.47
652,55.51,0.06,94.0,366.83,1.68,35.09,0.25,0.53
653,48.42,0.12,88.0,289.3,7.26,30.16,0.16,0.59
654,42.37,0.11,89.0,355.14,8.29,21.8,0.34,0.37
655,44.47,0.1,90.0,403.43,7.43,31.78,0.29,0.31
656,47.08,0.08,92.0,369.95,2.48,38.52,0.28,0.48
657,46.56,0.05,95.0,417.27,13.58,13.66,0.52,0.55
658,42.04,0.11,89.0,495.83,3.12,40.04,0.33,0.35
659,62.72,0.04,96.0,268.8,8.75,22.47,0.24,0.32
660,52.09,0.06,94.0,383.32,6.51,25.23,0.44,0.32
661,54.11,0.07,93.0,357.64,10.17,18.5,0.23,0.37
662,55.52,0.06,94.0,190.32,9.33,24.28,0.4,0.37
663,52.15,0.03,97.0,363.49,10.66,18.85,0.43,0.36
664,44.59,0.08,92.0,454.74,2.94,36.93,0.27,0.62
665,37.66,0.1,90.0,557.6,6.7,25.57,0.31,0.51
666,49.71,0.11,89.0,176.88,5.67,22.68,0.45,0.33
667,38.88,0.09,91.0,496.44,4.21,30.35,0.4,0.34
668,43.64,0.08,92.0,407.13,8.21,31.51,0.37,0.4
669,56.9,0.04,96.0,473.06,4.46,29.58,0.27,0.36
670,42.68,0.09,91.0,406.61,12.19,16.93,0.42,0.49
671,42.82,0.09,91.0,444.41,2.03,37.0,0.33,0.57
672,54.5,0.06,94.0,223.13,13.97,15.03,0.53,0.53
673,43.02,0.11,89.0,428.98,8.07,21.84,0.31,0.52
674,63.9,0.01,99.0,314.26,12.78,14.51,0.41,0.56
675,46.66,0.07,93.0,436.61,4.56,28.51,0.34,0.51
676,40.44,0.05,95.0,423.38,12.17,16.87,0.52,0.46
677,38.63,0.07,93.0,663.99,9.89,19.4,0.38,0.42
678,39.33,0.1,90.0,480.88,4.34,26.37,0.38,0.58
679,41.82,0.04,96.0,529.7,7.88,25.22,0.51,0.64
680,54.88,0.03,97.0,425.61,3.55,27.03,0.19,0.29
681,42.69,0.11,89.0,485.26,1.92,36.3,0.33,0.27
682,44.21,0.11,89.0,425.78,9.97,21.37,0.32,0.28
683,46.47,0.06,94.0,430.61,15.04,11.07,0.5,0.56
684,60.02,0.03,97.0,275.16,12.3,15.46,0.27,0.54
685,50.28,0.1,90.0,179.01,13.43,13.99,0.56,0.35
686,58.46,0.08,92.0,352.84,7.03,26.64,0.11,0.35
687,47.36,0.1,90.0,366.37,2.02,40.29,0.22,0.34
688,49.84,0.09,91.0,462.4,8.7,23.6,0.24,0.32
689,49.15,0.07,93.0,429.96,5.73,23.77,0.34,0.36
690,49.05,0.09,91.0,519.61,4.4,34.5,0.21,0.52
691,42.44,0.08,92.0,404.13,12.43,15.27,0.49,0.64
692,59.96,0.06,94.0,262.02,2.6,40.76,0.24,0.51
693,45.22,0.07,93.0,425.46,3.07,35.88,0.38,0.54
694,57.2,0.04,96.0,270.54,9.36,23.41,0.28,0.53
695,47.79,0.06,94.0,563.4,4.2,29.92,0.24,0.53
696,45.76,0.05,95.0,522.85,9.56,16.56,0.4,0.43
697,38.92,0.06,94.0,595.11,6.98,21.91,0.52,0.56
698,39.29,0.09,91.0,576.8,2.09,36.24,0.25,0.48
699,48.28,0.04,96.0,481.05,4.84,34.36,0.36,0.47
700,45.65,0.04,96.0,558.69,13.38,13.81,0.39,0.54
701,41.03,0.06,94.0,614.92,6.5,34.34,0.35,0.46
702,59.73,0.07,93.0,321.84,1.57,38.8,0.12,0.49
703,45.09,0.05,95.0,558.95,3.15,37.62,0.4,0.52
704,40.14,0.11,89.0,549.46,12.81,14.08,0.35,0.49
705,52.95,0.11,89.0,288.08,2.47,36.17,0.27,0.45
706,35.05,0.12,88.0,561.99,14.95,12.38,0.31,0.45
707,47.31,0.09,91.0,310.05,14.77,10.63,0.38,0.48
708,41.65,0.08,92.0,565.93,8.57,28.65,0.29,0.49
709,33.18,0.09,91.0,619.93,12.37,16.04,0.34,0.56
710,49.85,0.08,92.0,398.01,9.95,19.68,0.31,0.51
711,47.89,0.04,96.0,546.76,5.12,28.88,0.27,0.45
712,48.2,0.07,93.0,396.53,12.77,18.03,0.31,0.45
713,42.62,0.04,96.0,483.6,5.1,33.51,0.57,0.46
714,44.56,0.06,94.0,524.31,11.31,16.07,0.47,0.59
715,49.98,0.04,96.0,536.77,4.27,37.46,0.36,0.42
716,43.42,0.05,95.0,422.62,14.23,16.13,0.54,0.31
717,38.79,0.08,92.0,544.93,10.64,17.4,0.38,0.31
718,31.63,0.09,91.0,587.74,7.08,22.61,0.56,0.35
719,50.14,0.08,92.0,509.54,2.82,39.32,0.22,0.49
720,42.68,0.06,94.0,470.3,15.49,11.92,0.53,0.79
721,47.34,0.08,92.0,479.17,3.75,30.71,0.25,0.71
722,57.56,0.04,96.0,293.04,5.31,29.52,0.45,0.55
723,52.01,0.08,92.0,489.5,2.07,38.44,0.17,0.54
724,45.8,0.03,97.0,594.03,14.85,12.31,0.36,0.65
725,49.25,0.07,93.0,582.28,2.15,36.4,0.18,0.49
726,53.92,0.04,96.0,422.2,13.96,12.83,0.26,0.58
727,62.6,0.02,98.0,319.65,14.37,13.46,0.35,0.45
728,54.5,0.05,95.0,456.43,4.27,34.1,0.13,0.4
729,38.05,0.07,93.0,551.74,11.9,19.94,0.45,0.39
730,44.92,0.07,93.0,564.91,2.59,37.71,0.33,0.41
731,41.49,0.06,94.0,455.26,10.93,20.13,0.51,0.37
732,46.67,0.05,95.0,523.06,11.03,15.77,0.42,0.5
733,49.42,0.06,94.0,375.57,11.05,17.36,0.4,0.4
734,62.43,0.06,94.0,267.91,6.37,25.36,0.24,0.47
735,49.6,0.05,95.0,501.08,9.14,19.99,0.3,0.38
736,46.68,0.07,93.0,593.57,9.06,25.06,0.33,0.46
737,41.63,0.03,97.0,595.84,2.56,37.73,0.45,0.38
738,53.45,0.02,98.0,407.7,12.55,17.65,0.46,0.35
739,41.09,0.06,94.0,581.92,7.84,25.42,0.39,0.48
740,40.75,0.02,98.0,579.93,14.78,12.51,0.49,0.5
741,46.29,0.06,94.0,447.61,13.0,15.61,0.48,0.55
742,28.75,0.12,88.0,517.58,4.5,37.17,0.61,0.5
743,59.69,0.03,97.0,388.55,2.67,35.05,0.23,0.58
744,32.91,0.09,91.0,440.72,13.5,14.03,0.61,0.52
745,39.12,0.05,95.0,629.82,8.41,19.75,0.48,0.39
746,47.99,0.11,89.0,355.96,1.59,39.17,0.34,0.4
747,62.94,0.06,94.0,309.51,4.1,31.79,0.16,0.4
748,62.23,0.05,95.0,331.31,4.44,33.68,0.22,0.37
749,54.97,0.05,95.0,385.68,3.36,35.28,0.26,0.43
750,41.63,0.05,95.0,434.52,12.19,15.27,0.52,0.43
751,47.65,0.07,93.0,426.42,3.23,28.45,0.33,0.41
752,54.6,0.06,94.0,347.98,11.34,22.18,0.38,0.35
753,33.99,0.08,92.0,566.33,5.22,29.95,0.55,0.37
754,44.83,0.07,93.0,561.42,5.41,35.26,0.36,0.35
755,49.4,0.05,95.0,534.7,3.9,40.21,0.37,0.49
756,41.09,0.05,95.0,407.46,2.51,36.98,0.52,0.4
757,59.48,0.04,96.0,336.6,6.07,23.39,0.3,0.4
758,57.22,0.03,97.0,287.08,12.4,14.9,0.46,0.37
759,53.0,0.07,93.0,292.15,9.42,21.37,0.39,0.4
760,47.53,0.07,93.0,510.14,6.47,24.04,0.31,0.36
761,54.29,0.07,93.0,336.27,10.1,21.19,0.3,0.4
762,50.76,0.05,95.0,491.36,2.66,42.38,0.31,0.42
763,62.97,0.04,96.0,175.11,13.31,13.56,0.38,0.39
764,54.43,0.06,94.0,496.18,5.05,32.25,0.18,0.38
765,50.22,0.02,98.0,360.67,9.36,17.51,0.61,0.35
766,42.06,0.04,96.0,469.03,7.88,20.49,0.6,0.47
767,58.43,0.04,96.0,360.95,2.32,33.15,0.35,0.4
768,53.18,0.07,93.0,263.76,6.32,30.66,0.47,0.46
769,54.66,0.05,95.0,271.11,11.9,15.85,0.43,0.49
770,57.51,0.03,97.0,392.45,10.53,19.53,0.4,0.4
771,36.26,0.03,97.0,599.84,5.89,33.13,0.52,0.44
772,52.97,0.02,98.0,364.03,2.34,40.52,0.53,0.47
773,50.24,0.07,93.0,355.48,6.39,30.15,0.37,0.34
774,37.93,0.07,93.0,498.3,3.0,34.5,0.53,0.31
775,49.9,0.07,93.0,428.85,2.41,35.59,0.32,0.39
776,57.46,0.04,96.0,441.89,7.29,17.87,0.4,0.39
777,55.61,0.03,97.0,485.21,4.2,39.31,0.33,0.42
778,41.23,0.06,94.0,436.36,12.85,14.31,0.41,0.39
779,54.57,0.03,97.0,412.76,7.55,36.08,0.27,0.47
780,48.2,0.07,93.0,333.93,2.6,35.27,0.44,0.46
781,57.27,0.04,96.0,371.61,2.7,37.41,0.28,0.35
782,58.85,0.05,95.0,239.51,11.93,16.36,0.5,0.33
783,68.13,0.05,95.0,219.29,6.36,31.46,0.29,0.43
784,58.48,0.01,99.0,350.86,6.18,29.18,0.37,0.48
785,54.32,0.07,93.0,194.25,12.48,16.01,0.53,0.51
786,62.19,0.04,96.0,398.52,3.58,40.3,0.21,0.44
787,54.47,0.04,96.0,433.64,3.39,42.08,0.27,0.43
788,58.65,0.04,96.0,510.36,3.92,39.74,0.12,0.47
789,56.92,0.04,96.0,213.67,12.48,17.57,0.52,0.47
790,55.05,0.06,94.0,260.49,13.64,14.03,0.42,0.46
791,62.05,0.02,98.0,387.9,8.67,20.71,0.24,0.43
792,60.07,0.04,96.0,296.62,4.98,35.24,0.33,0.43
793,51.87,0.03,97.0,342.88,2.48,43.95,0.52,0.55
794,58.24,0.02,98.0,462.14,5.35,30.22,0.26,0.34
795,47.14,0.08,92.0,558.01,4.07,37.15,0.25,0.41
796,46.46,0.07,93.0,384.96,6.68,21.87,0.51,0.46
797,46.47,0.07,93.0,442.63,2.39,42.11,0.35,0.45
798,59.51,0.01,99.0,348.83,9.3,18.86,0.3,0.35
799,62.58,0.01,99.0,174.68,12.89,16.56,0.53,0.51
800,61.23,0.03,97.0,399.94,8.76,18.45,0.24,0.52
801,51.71,0.03,97.0,528.88,4.61,31.17,0.29,0.45
802,51.37,0.02,98.0,417.26,2.63,39.66,0.48,0.56
803,51.15,0.06,94.0,410.86,3.28,34.62,0.29,0.44
804,63.66,0.01,99.0,373.03,5.75,28.91,0.12,0.47
805,66.28,0.02,98.0,320.82,11.81,17.36,0.21,0.45
806,57.84,0.07,93.0,261.65,3.02,37.3,0.23,0.41
807,44.96,0.0,100.0,569.98,5.4,25.77,0.32,0.43
808,32.77,0.08,92.0,550.79,3.73,36.4,0.57,0.49
809,51.51,0.05,95.0,420.99,6.06,26.56,0.44,0.53
810,57.71,0.06,94.0,395.5,4.11,32.91,0.21,0.63
811,56.15,0.04,96.0,240.44,2.8,33.89,0.42,0.66
812,42.75,0.06,94.0,447.32,3.29,37.81,0.4,0.65
813,36.32,0.04,96.0,631.27,3.85,36.71,0.53,0.55
814,51.04,0.04,96.0,540.75,5.13,33.89,0.35,0.69
815,62.68,0.04,96.0,266.38,8.8,24.04,0.29,0.59
816,48.33,0.03,97.0,473.49,3.0,36.7,0.42,0.55
817,43.63,0.06,94.0,574.13,2.85,40.54,0.4,0.68
818,46.49,0.03,97.0,466.77,3.06,33.91,0.52,0.75
819,36.12,0.05,95.0,575.04,2.82,38.32,0.51,0.51
820,42.25,0.04,96.0,582.13,4.11,40.65,0.53,0.65
821,57.6,0.02,98.0,403.52,4.31,34.61,0.39,0.7
822,53.63,0.02,98.0,465.07,1.81,40.54,0.41,0.7
823,61.1,0.01,99.0,346.0,6.4,36.59,0.49,0.71
824,63.13,0.02,98.0,359.01,3.49,31.56,0.32,0.7
825,55.31,0.04,96.0,309.69,3.0,34.36,0.39,0.69
826,61.07,0.05,95.0,204.02,7.93,24.42,0.43,0.71
827,50.73,0.03,97.0,458.47,5.57,29.03,0.4,0.69
828,44.95,0.05,95.0,477.11,2.5,36.35,0.39,0.61
829,61.86,0.03,97.0,351.26,1.39,30.14,0.33,0.68
830,64.85,0.05,95.0,320.88,4.12,34.8,0.18,0.6
831,57.48,0.03,97.0,397.13,8.02,28.0,0.28,0.7
832,56.94,0.04,96.0,293.39,14.1,12.71,0.42,0.66
833,48.55,0.05,95.0,311.45,7.56,22.24,0.54,0.64
834,52.51,0.05,95.0,348.33,8.04,20.53,0.24,0.63
835,44.57,0.05,95.0,515.89,14.23,12.72,0.39,0.62
836,48.31,0.03,97.0,402.36,13.28,18.91,0.51,0.72
837,46.66,0.04,96.0,521.9,5.42,40.04,0.51,0.61
838,46.87,0.06,94.0,411.0,5.12,31.22,0.42,0.66
839,65.19,0.04,96.0,279.99,8.55,19.86,0.11,0.75
840,57.22,0.05,95.0,404.82,7.4,26.43,0.05,0.56
841,51.77,0.09,91.0,434.58,5.6,28.34,0.12,0.65
842,58.07,0.04,96.0,351.34,15.92,9.21,0.25,0.57
843,49.5,0.06,94.0,507.92,9.99,19.08,0.29,0.67
844,60.87,0.06,94.0,253.64,2.56,36.36,0.24,0.59
845,63.3,0.07,93.0,269.03,7.42,24.72,0.2,0.7
846,45.08,0.06,94.0,439.91,10.04,22.22,0.42,0.76
847,58.29,0.03,97.0,260.29,11.18,14.4,0.47,0.72
848,48.12,0.03,97.0,509.28,6.89,24.05,0.32,0.7
849,54.41,0.03,97.0,470.92,4.75,27.91,0.38,0.69
850,44.58,0.05,95.0,363.56,12.19,15.07,0.6,0.75
851,51.22,0.03,97.0,354.17,15.51,9.68,0.45,0.66
852,48.8,0.05,95.0,489.97,15.49,10.72,0.3,0.73
853,41.37,0.04,96.0,519.36,15.56,11.74,0.47,0.65
854,74.44,0.02,98.0,252.89,2.82,38.4,0.16,0.7
855,48.72,0.02,98.0,390.87,11.46,17.64,0.46,0.8
856,55.89,0.06,94.0,426.07,7.43,27.87,0.09,0.61
857,69.09,0.02,98.0,334.76,2.92,34.11,0.29,0.65
858,44.56,0.05,95.0,471.86,2.03,39.66,0.44,0.42
859,62.02,0.03,97.0,176.9,11.51,18.78,0.52,0.4
860,66.27,0.03,97.0,290.97,7.95,25.62,0.26,0.43
861,56.12,0.03,97.0,393.83,14.3,12.42,0.35,0.4
862,55.87,0.06,94.0,322.13,10.93,20.44,0.43,0.44
863,53.19,0.03,97.0,434.25,11.49,15.58,0.38,0.38
864,45.37,0.05,95.0,512.91,7.92,19.06,0.34,0.34
865,66.13,0.04,96.0,268.87,9.25,24.43,0.15,0.42
866,56.03,0.05,95.0,326.43,9.68,27.78,0.41,0.42
867,51.39,0.05,95.0,402.57,11.94,15.21,0.38,0.43
868,59.52,0.03,97.0,258.67,3.44,37.35,0.44,0.37
869,54.35,0.04,96.0,413.87,15.38,8.61,0.44,0.39
870,59.65,0.09,91.0,256.02,9.01,23.71,0.2,0.38
871,55.75,0.05,95.0,347.23,7.2,24.14,0.29,0.35
872,52.06,0.02,98.0,446.17,2.69,40.9,0.39,0.35
873,53.11,0.02,98.0,503.46,8.86,28.15,0.19,0.36
874,43.78,0.04,96.0,540.42,6.76,22.25,0.46,0.38
875,49.38,0.03,97.0,518.43,5.01,30.75,0.49,0.43
876,44.41,0.02,98.0,536.88,12.39,17.75,0.5,0.44
877,58.01,0.02,98.0,361.42,11.18,21.64,0.44,0.51
878,37.0,0.04,96.0,583.79,2.08,43.01,0.59,0.51
879,51.99,0.02,98.0,537.65,8.32,23.71,0.32,0.53
880,52.56,0.04,96.0,398.31,4.5,32.04,0.36,0.46
881,55.85,0.02,98.0,287.23,7.11,21.2,0.55,0.51
882,47.51,0.04,96.0,490.79,1.75,37.4,0.45,0.41
883,54.9,0.04,96.0,313.16,7.61,34.43,0.33,0.39
884,40.31,0.03,97.0,443.21,3.62,34.53,0.63,0.43
885,69.31,0.06,94.0,244.19,2.83,32.3,0.11,0.51
886,69.27,0.03,97.0,292.37,4.59,32.55,0.09,0.43
887,52.72,0.02,98.0,313.16,6.55,23.19,0.56,0.49
888,59.79,0.05,95.0,291.83,2.54,34.36,0.34,0.41
889,62.42,0.0,100.0,403.85,12.42,15.76,0.29,0.42
890,56.36,0.02,98.0,420.37,5.12,25.95,0.4,0.4
891,56.35,0.04,96.0,320.41,13.5,12.58,0.27,0.43
892,41.39,0.04,96.0,491.27,13.16,15.63,0.59,0.52
893,41.46,0.03,97.0,458.93,13.97,15.81,0.63,0.5
894,59.47,0.0,100.0,192.39,14.8,12.65,0.59,0.55
895,37.89,0.07,93.0,476.67,3.52,42.03,0.56,0.46
896,51.2,0.07,93.0,285.53,3.98,32.19,0.4,0.56
897,38.28,0.03,97.0,557.96,10.06,23.98,0.49,0.49
898,48.52,0.05,95.0,389.13,5.8,31.56,0.4,0.53
899,43.9,0.06,94.0,466.53,6.68,26.31,0.5,0.43
900,72.08,0.02,98.0,210.22,2.0,38.93,0.13,0.49
901,56.49,0.03,97.0,334.85,12.05,17.44,0.52,0.43
902,58.26,0.02,98.0,413.26,2.3,41.11,0.24,0.6
903,51.5,0.01,99.0,419.85,11.18,17.01,0.47,0.53
904,33.99,0.05,95.0,609.26,3.8,38.59,0.63,0.48
905,59.05,0.02,98.0,477.3,8.21,24.22,0.31,0.55
906,50.93,0.03,97.0,488.2,11.74,19.08,0.42,0.46
907,60.93,0.02,98.0,249.81,10.96,18.52,0.4,0.39
908,59.56,0.02,98.0,189.6,13.35,14.69,0.47,0.41
909,66.18,0.01,99.0,314.74,12.63,18.56,0.35,0.43
910,59.01,0.01,99.0,314.6,13.56,13.04,0.5,0.6
911,40.4,0.05,95.0,431.83,15.05,11.86,0.53,0.43
912,46.21,0.01,99.0,567.38,5.15,21.61,0.43,0.43
913,49.57,0.02,98.0,431.02,6.57,20.15,0.45,0.52
914,52.52,0.04,96.0,202.92,14.58,14.02,0.68,0.34
915,40.06,0.03,97.0,426.15,14.21,14.07,0.63,0.46
916,70.73,0.0,100.0,278.28,3.98,38.18,0.34,0.41
917,36.92,0.05,95.0,430.7,14.17,13.45,0.64,0.33
918,56.56,0.02,98.0,401.05,6.85,26.25,0.3,0.48
919,40.74,0.02,98.0,486.42,14.5,10.93,0.66,0.44
920,55.6,0.02,98.0,516.03,2.67,31.52,0.15,0.48
921,52.37,0.05,95.0,440.16,6.95,33.26,0.23,0.35
922,52.28,0.03,97.0,348.15,14.45,11.78,0.49,0.47
923,72.6,0.0,100.0,194.83,6.8,26.53,0.24,0.43
924,47.44,0.04,96.0,389.13,13.06,16.19,0.6,0.51
925,56.29,0.02,98.0,340.44,3.72,39.79,0.53,0.52
926,51.96,0.03,97.0,345.29,9.66,24.48,0.43,0.55
927,41.64,0.05,95.0,464.44,12.76,16.91,0.51,0.43
928,55.33,0.0,100.0,451.99,10.82,22.87,0.41,0.54
929,50.12,0.03,97.0,385.27,4.73,29.46,0.53,0.48
930,45.97,0.03,97.0,368.16,2.48,35.84,0.63,0.44
931,50.03,0.03,97.0,438.54,6.1,25.94,0.45,0.44
932,52.49,0.03,97.0,467.3,14.1,10.88,0.37,0.53
933,54.88,0.04,96.0,202.5,6.67,24.15,0.55,0.54
934,57.4,0.02,98.0,334.09,5.94,24.66,0.5,0.63
935,56.16,0.02,98.0,379.61,9.77,19.51,0.43,0.54
936,55.04,0.0,100.0,417.22,5.71,35.08,0.5,0.46
937,45.71,0.02,98.0,462.53,14.65,11.76,0.56,0.57
938,50.59,0.02,98.0,492.89,13.18,15.51,0.34,0.39
939,53.99,0.01,99.0,471.36,14.3,12.2,0.43,0.47
940,58.41,0.0,100.0,446.65,13.48,13.76,0.36,0.5
941,52.26,0.05,95.0,346.43,4.61,25.78,0.48,0.42
942,60.46,0.02,98.0,395.32,6.5,21.98,0.39,0.6
943,46.23,0.01,99.0,358.48,14.72,14.74,0.66,0.38
944,55.43,0.02,98.0,292.22,8.8,20.5,0.54,0.38
945,71.08,0.0,100.0,253.12,5.02,35.79,0.15,0.36
946,48.06,0.02,98.0,515.62,8.82,18.79,0.59,0.36
947,53.44,0.03,97.0,489.22,11.32,19.72,0.3,0.37
948,51.23,0.0,100.0,432.08,11.97,17.37,0.53,0.41
949,59.17,0.02,98.0,204.59,2.89,40.58,0.52,0.37
950,59.79,0.0,100.0,410.61,7.2,31.37,0.39,0.39
951,63.09,0.03,97.0,396.25,4.14,35.97,0.32,0.38
952,49.37,0.0,100.0,500.69,10.03,21.1,0.49,0.37
953,61.96,0.04,96.0,256.09,4.49,36.27,0.33,0.34
954,50.29,0.04,96.0,462.06,11.03,19.49,0.42,0.37
955,51.32,0.02,98.0,573.84,4.28,37.5,0.41,0.48
956,55.56,0.03,97.0,397.76,11.67,16.98,0.42,0.35
957,76.37,0.02,98.0,174.15,2.0,34.71,0.26,0.36
958,57.26,0.01,99.0,427.17,10.66,19.12,0.34,0.34
959,60.7,0.01,99.0,289.5,3.16,37.85,0.44,0.37
960,69.81,0.01,99.0,290.31,6.3,29.07,0.22,0.36
961,60.66,0.01,99.0,355.49,7.12,27.1,0.39,0.33
962,59.57,0.0,100.0,336.72,8.88,27.08,0.33,0.33
963,68.79,0.01,99.0,253.98,6.34,29.17,0.3,0.34
964,51.98,0.01,99.0,457.91,12.36,20.98,0.47,0.33
965,65.17,0.0,100.0,322.76,11.27,18.42,0.3,0.34
966,43.91,0.03,97.0,432.19,3.54,34.01,0.45,0.33
967,60.94,0.01,99.0,355.86,2.98,33.67,0.34,0.45
968,69.89,0.02,98.0,299.34,6.97,28.25,0.19,0.39
969,62.18,0.03,97.0,346.97,6.94,27.6,0.23,0.41
970,54.09,0.01,99.0,482.28,8.24,24.81,0.33,0.39
971,59.89,0.0,100.0,413.1,1.99,41.06,0.35,0.4
972,70.51,0.01,99.0,316.68,1.79,34.67,0.25,0.36
973,51.6,0.0,100.0,408.09,2.31,35.94,0.52,0.38
974,50.43,0.0,100.0,481.38,2.07,38.09,0.54,0.4
975,59.59,0.01,99.0,318.71,5.45,34.23,0.49,0.37
976,72.14,0.01,99.0,266.56,5.02,35.57,0.27,0.41
977,50.95,0.02,98.0,438.64,3.43,30.74,0.41,0.42
978,67.34,0.03,97.0,267.5,2.22,45.49,0.11,0.44
979,61.9,0.02,98.0,411.27,2.08,39.97,0.26,0.43
980,57.3,0.0,100.0,293.73,10.48,26.19,0.5,0.41
981,63.4,0.0,100.0,294.02,6.32,23.46,0.46,0.37
982,73.62,0.01,99.0,246.01,1.84,40.68,0.2,0.4
983,52.54,0.02,98.0,414.94,3.09,38.44,0.33,0.53
984,55.31,0.01,99.0,315.6,15.88,10.35,0.53,0.58
985,52.89,0.02,98.0,475.03,3.06,32.35,0.36,0.48
986,65.28,0.0,100.0,226.41,7.28,20.04,0.44,0.56
987,50.92,0.02,98.0,483.41,4.5,34.82,0.36,0.39
988,74.95,0.0,100.0,372.83,2.42,37.01,0.04,0.52
989,48.29,0.02,98.0,404.44,4.16,43.07,0.54,0.53
990,60.69,0.0,100.0,401.82,10.43,17.4,0.4,0.61
991,66.47,0.02,98.0,257.39,3.17,37.39,0.37,0.37
992,55.59,0.01,99.0,306.86,7.78,20.22,0.48,0.32
993,63.47,0.0,100.0,368.79,2.73,33.96,0.36,0.34
994,55.06,0.01,99.0,348.88,11.76,22.08,0.5,0.33
995,51.12,0.0,100.0,400.77,12.08,16.38,0.55,0.37
996,45.94,0.03,97.0,468.86,11.51,15.83,0.56,0.36
997,57.73,0.0,100.0,463.81,2.31,39.09,0.47,0.36
998,69.46,0.01,99.0,282.73,2.55,41.78,0.24,0.39
999,60.97,0.01,99.0,398.63,7.6,24.74,0.45,0.34
1000,52.13,0.0,100.0,335.96,5.92,26.97,0.59,0.41
1001,58.76,0.0,100.0,361.58,2.64,38.08,0.52,0.36
1002,45.36,0.0,100.0,571.73,10.56,25.97,0.48,0.43
1003,39.06,0.0,100.0,584.09,4.46,38.02,0.61,0.37
1004,53.19,0.03,97.0,552.27,2.16,37.19,0.15,0.48
1005,45.15,0.03,97.0,496.26,9.98,14.71,0.53,0.42
1006,63.14,0.03,97.0,388.08,4.18,33.28,0.27,0.34
1007,62.36,0.02,98.0,382.59,9.63,24.01,0.2,0.49
1008,52.8,0.04,96.0,536.44,1.87,35.3,0.16,0.55
1009,56.54,0.03,97.0,447.14,3.62,39.1,0.38,0.51
1010,44.54,0.01,99.0,596.37,2.39,39.72,0.51,0.44
1011,51.4,0.01,99.0,511.55,3.23,36.03,0.52,0.51
1012,60.88,0.0,100.0,424.52,8.64,25.21,0.36,0.4
1013,50.09,0.01,99.0,489.56,1.63,39.36,0.45,0.48
1014,48.61,0.01,99.0,542.6,3.09,39.94,0.33,0.51
1015,48.89,0.03,97.0,539.14,2.12,41.45,0.34,0.4
1016,66.8,0.03,97.0,176.68,2.28,36.0,0.36,0.35
1017,44.75,0.01,99.0,494.82,2.63,37.51,0.49,0.39
1018,52.33,0.01,99.0,562.1,4.12,35.86,0.3,0.39
1019,74.87,0.0,100.0,164.21,1.6,36.12,0.29,0.39
1020,63.1,0.01,99.0,408.56,4.18,38.82,0.3,0.35
1021,53.57,0.01,99.0,398.48,2.18,43.45,0.61,0.41
1022,54.06,0.03,97.0,502.87,3.83,30.88,0.3,0.39
1023,52.03,0.01,99.0,552.84,3.09,40.72,0.37,0.37
1024,50.4,0.04,96.0,387.29,1.91,37.47,0.46,0.41
1025,50.08,0.03,97.0,276.69,2.44,42.19,0.64,0.35
1026,53.97,0.02,98.0,481.4,5.36,28.83,0.39,0.35
1027,51.22,0.02,98.0,520.54,5.43,28.0,0.38,0.4
1028,42.08,0.0,100.0,530.27,4.58,33.83,0.58,0.45
1029,53.06,0.0,100.0,597.33,3.45,29.13,0.3,0.35
1030,69.52,0.0,100.0,443.82,3.08,30.19,0.17,0.39
1031,68.49,0.01,99.0,159.93,2.91,31.89,0.34,0.45
1032,46.84,0.0,100.0,519.25,10.0,25.81,0.45,0.35
1033,61.01,0.03,97.0,303.5,4.29,31.98,0.27,0.37
1034,50.33,0.03,97.0,444.72,5.73,40.07,0.48,0.35
1035,64.3,0.02,98.0,483.63,4.17,31.59,0.16,0.38
1036,58.2,0.02,98.0,459.23,3.21,29.86,0.35,0.41
1037,59.69,0.02,98.0,432.78,5.24,31.73,0.11,0.43
1038,61.36,0.01,99.0,421.12,4.74,32.48,0.24,0.35
1039,51.94,0.01,99.0,538.23,5.55,33.72,0.42,0.36
1040,41.7,0.03,97.0,524.85,2.99,43.62,0.44,0.36
1041,51.22,0.03,97.0,446.36,14.39,11.56,0.43,0.38
1042,59.54,0.01,99.0,371.68,10.32,17.73,0.4,0.38
1043,61.66,0.01,99.0,284.39,8.06,28.01,0.19,0.36
1044,57.94,0.01,99.0,311.56,6.44,27.59,0.35,0.33
1045,51.3,0.01,99.0,451.52,5.8,28.6,0.48,0.33
1046,78.11,0.01,99.0,226.07,1.9,41.43,0.11,0.35
1047,49.46,0.01,99.0,450.95,2.94,43.04,0.54,0.4
1048,64.02,0.01,99.0,279.04,12.95,13.71,0.49,0.37
1049,57.69,0.01,99.0,341.22,6.07,32.27,0.45,0.38
1050,64.71,0.01,99.0,414.38,7.34,25.55,0.21,0.34
1051,76.65,0.0,100.0,165.82,4.5,31.95,0.27,0.34
1052,54.31,0.0,100.0,557.34,5.42,31.32,0.31,0.41
1053,50.92,0.0,100.0,376.24,15.02,12.1,0.5,0.34
1054,58.3,0.0,100.0,313.24,10.16,20.94,0.43,0.46
1055,57.81,0.03,97.0,327.26,6.5,26.36,0.47,0.39
1056,47.13,0.02,98.0,447.51,5.79,25.45,0.49,0.51
1057,50.0,0.01,99.0,468.61,7.5,20.99,0.41,0.33
1058,55.71,0.0,100.0,386.02,2.25,39.58,0.47,0.41
1059,66.42,0.01,99.0,322.24,7.52,30.77,0.28,0.34
1060,57.9,0.03,97.0,298.61,10.65,18.2,0.39,0.49
1061,62.01,0.01,99.0,123.91,4.42,37.44,0.62,0.38
1062,72.33,0.03,97.0,257.91,9.28,20.03,0.24,0.5
1063,64.4,0.01,99.0,365.84,7.09,28.67,0.26,0.43
1064,61.2,0.05,95.0,355.44,2.08,35.42,0.27,0.44
1065,57.05,0.0,100.0,430.7,13.2,14.23,0.41,0.32
1066,56.84,0.0,100.0,426.66,10.6,19.51,0.49,0.35
1067,66.16,0.03,97.0,365.31,6.58,25.67,0.16,0.37
1068,55.63,0.01,99.0,399.3,10.53,19.04,0.39,0.68
1069,66.75,0.01,99.0,338.0,6.02,23.29,0.27,0.71
1070,62.2,0.0,100.0,359.28,13.06,19.47,0.29,0.6
1071,51.86,0.0,100.0,398.46,12.6,13.88,0.5,0.66
1072,41.79,0.0,100.0,529.92,12.98,13.85,0.63,0.63
1073,62.22,0.0,100.0,394.11,13.74,14.63,0.38,0.71
1074,53.32,0.02,98.0,411.46,13.71,12.76,0.44,0.68
1075,60.92,0.01,99.0,264.4,12.53,16.97,0.31,0.59
1076,47.81,0.0,100.0,408.27,15.88,10.62,0.61,0.59
1077,50.47,0.0,100.0,397.82,7.43,32.96,0.57,0.33
1078,36.12,0.01,99.0,578.09,4.99,34.92,0.64,0.46
1079,48.81,0.03,97.0,455.32,3.68,35.13,0.28,0.48
1080,56.35,0.01,99.0,455.46,3.74,38.39,0.37,0.46
1081,55.29,0.01,99.0,378.21,6.88,26.15,0.54,0.65
1082,54.37,0.0,100.0,413.77,15.4,10.77,0.45,0.57
1083,57.98,0.01,99.0,483.83,5.59,24.75,0.34,0.5
1084,54.87,0.0,100.0,374.84,3.02,43.02,0.51,0.61
1085,70.0,0.01,99.0,129.72,8.26,21.41,0.38,0.57
1086,62.63,0.01,99.0,229.49,4.99,29.64,0.47,0.71
1087,58.84,0.04,96.0,302.68,7.83,25.06,0.4,0.63
1088,52.83,0.0,100.0,427.12,12.4,17.9,0.55,0.6
1089,66.5,0.01,99.0,360.7,1.79,41.27,0.17,0.61
1090,48.78,0.01,99.0,490.42,14.71,12.88,0.45,0.53
1091,66.63,0.02,98.0,256.03,1.43,34.38,0.39,0.69
1092,53.59,0.02,98.0,279.03,12.92,15.29,0.58,0.54
1093,62.09,0.01,99.0,362.9,7.31,35.41,0.38,0.62
1094,66.62,0.0,100.0,115.98,1.91,38.04,0.58,0.79
1095,50.5,0.06,94.0,305.64,12.71,13.95,0.46,0.56
1096,49.13,0.02,98.0,250.63,13.16,12.68,0.68,0.45
1097,51.1,0.02,98.0,419.28,7.33,24.44,0.43,0.59
1098,59.82,0.0,100.0,356.68,5.14,32.41,0.44,0.58
1099,66.44,0.02,98.0,205.7,2.07,40.69,0.34,0.63
1100,59.3,0.06,94.0,242.62,7.74,17.77,0.4,0.6
1101,42.09,0.03,97.0,419.12,9.98,18.13,0.58,0.61
1102,64.65,0.0,100.0,322.15,9.78,24.74,0.33,0.42
1103,59.05,0.01,99.0,422.57,2.54,38.39,0.35,0.44
1104,48.92,0.0,100.0,535.36,12.65,14.11,0.49,0.67
1105,45.87,0.02,98.0,456.6,2.72,31.76,0.51,0.51
1106,61.12,0.02,98.0,402.59,6.08,29.4,0.3,0.49
1107,51.51,0.01,99.0,362.68,2.52,37.47,0.63,0.65
1108,45.0,0.01,99.0,409.23,8.88,20.17,0.66,0.67
1109,54.98,0.01,99.0,360.0,11.99,14.37,0.49,0.45
1110,57.8,0.0,100.0,391.83,3.03,36.2,0.42,0.37
1111,62.95,0.0,100.0,423.93,13.76,15.16,0.31,0.36
1112,73.82,0.0,100.0,207.24,3.82,38.48,0.23,0.55
1113,64.54,0.0,100.0,177.97,15.76,10.48,0.56,0.46
1114,65.4,0.02,98.0,305.9,7.58,25.67,0.19,0.46
1115,57.8,0.02,98.0,387.68,6.0,27.66,0.45,0.55
1116,40.36,0.03,97.0,439.84,6.85,36.34,0.57,0.51
1117,63.45,0.01,99.0,454.94,2.65,43.47,0.19,0.5
1118,64.37,0.0,100.0,306.15,3.22,38.3,0.34,0.55
1119,49.37,0.02,98.0,455.96,12.71,17.41,0.49,0.55
1120,65.37,0.0,100.0,259.72,2.35,37.15,0.51,0.55
1121,51.14,0.03,97.0,286.27,11.81,16.35,0.6,0.7
1122,55.83,0.02,98.0,377.8,7.33,26.45,0.47,0.64
1123,43.82,0.0,100.0,616.63,1.47,39.4,0.46,0.69
1124,47.57,0.0,100.0,445.5,7.24,22.31,0.61,0.73
1125,56.3,0.0,100.0,258.86,3.49,38.54,0.57,0.62
1126,55.91,0.01,99.0,427.17,4.28,37.91,0.47,0.36
1127,39.48,0.01,99.0,630.66,7.09,25.39,0.61,0.35
1128,47.04,0.01,99.0,502.2,2.1,47.14,0.49,0.66
1129,54.48,0.02,98.0,449.15,10.73,26.13,0.43,0.68
1130,53.18,0.0,100.0,278.56,4.2,37.57,0.7,0.77
1131,54.45,0.01,99.0,356.71,13.74,15.01,0.45,0.77
1132,45.23,0.01,99.0,554.75,6.0,22.7,0.45,0.71
1133,53.63,0.0,100.0,528.01,5.15,27.47,0.34,0.66
1134,67.0,0.01,99.0,251.04,3.12,40.08,0.39,0.66
1135,60.65,0.01,99.0,400.52,5.12,25.65,0.31,0.64
1136,46.33,0.01,99.0,713.01,10.34,24.65,0.21,0.63
1137,67.84,0.0,100.0,272.43,8.97,19.97,0.39,0.56
1138,49.69,0.01,99.0,304.16,8.0,20.07,0.71,0.5
1139,49.02,0.01,99.0,244.07,15.73,9.17,0.74,0.52
1140,42.2,0.0,100.0,496.02,12.22,16.56,0.57,0.57
1141,51.03,0.02,98.0,419.81,13.71,16.5,0.59,0.53
1142,59.93,0.0,100.0,432.36,3.96,32.74,0.4,0.38
1143,57.84,0.01,99.0,224.16,13.82,16.2,0.63,0.35
1144,52.78,0.0,100.0,312.18,11.95,19.94,0.55,0.42
1145,45.59,0.01,99.0,601.07,4.62,33.05,0.52,0.62
1146,40.65,0.0,100.0,552.33,12.52,17.54,0.57,0.72
1147,46.82,0.01,99.0,632.01,1.94,39.27,0.41,0.78
1148,36.13,0.02,98.0,555.42,9.37,22.08,0.52,0.7
1149,61.35,0.0,100.0,273.4,4.12,42.73,0.58,0.65
1150,56.55,0.01,99.0,291.62,7.21,33.44,0.54,0.73
1151,40.36,0.03,97.0,407.03,15.38,11.24,0.72,0.71
1152,59.45,0.0,100.0,334.16,3.47,41.72,0.5,0.57
1153,58.4,0.01,99.0,347.35,11.82,18.74,0.53,0.53
1154,48.57,0.01,99.0,431.67,4.0,41.76,0.52,0.58
1155,41.3,0.01,99.0,494.96,2.38,39.33,0.63,0.66
1156,54.83,0.04,96.0,355.31,1.7,38.67,0.52,0.62
1157,54.71,0.02,98.0,370.71,11.43,17.58,0.46,0.37
1158,53.9,0.03,97.0,439.01,5.67,33.22,0.46,0.35
1159,57.09,0.02,98.0,305.18,3.93,29.35,0.46,0.55
1160,51.98,0.01,99.0,481.53,2.06,41.88,0.35,0.69
1161,58.7,0.0,100.0,327.63,3.34,39.13,0.29,0.57
1162,40.51,0.0,100.0,574.58,5.52,31.62,0.56,0.72
1163,55.36,0.01,99.0,427.1,7.72,28.68,0.46,0.78
1164,45.45,0.01,99.0,568.42,15.68,11.12,0.48,0.61
1165,57.52,0.01,99.0,363.71,13.97,15.43,0.39,0.71
1166,53.11,0.01,99.0,357.08,14.55,12.18,0.57,0.67
1167,50.32,0.01,99.0,396.86,10.95,18.67,0.56,0.49
1168,47.11,0.02,98.0,425.02,4.48,35.03,0.53,0.62
1169,59.31,0.0,100.0,378.64,14.56,14.81,0.43,0.72
1170,72.49,0.0,100.0,298.44,13.24,20.19,0.13,0.65
1171,63.41,0.0,100.0,395.57,11.13,18.0,0.44,0.66
1172,63.02,0.02,98.0,413.02,1.69,36.88,0.37,0.59
1173,51.68,0.01,99.0,364.73,15.76,9.37,0.57,0.74
1174,47.16,0.0,100.0,386.67,13.74,12.98,0.65,0.4
1175,62.6,0.0,100.0,432.11,10.54,20.49,0.22,0.34
1176,77.93,0.0,100.0,199.58,7.56,28.7,0.18,0.33
1177,56.17,0.0,100.0,300.26,15.4,11.32,0.66,0.7
1178,69.24,0.0,100.0,259.84,9.36,23.34,0.35,0.67
1179,40.57,0.02,98.0,554.61,1.72,40.45,0.51,0.55
1180,43.91,0.0,100.0,408.44,14.83,11.85,0.59,0.46
1181,43.56,0.0,100.0,558.65,3.46,41.29,0.62,0.42
1182,41.69,0.0,100.0,686.46,2.0,39.55,0.4,0.59
1183,52.01,0.01,99.0,465.24,2.38,34.17,0.42,0.59
1184,48.0,0.01,99.0,447.17,12.04,17.36,0.58,0.56
1185,43.52,0.01,99.0,488.96,4.69,35.0,0.52,0.57
1186,49.4,0.01,99.0,407.87,13.99,10.44,0.65,0.8
1187,61.35,0.01,99.0,394.45,5.67,26.59,0.36,0.47
1188,65.23,0.0,100.0,302.89,2.39,35.39,0.47,0.38
1189,46.6,0.02,98.0,479.54,2.04,38.03,0.53,0.59
1190,57.56,0.0,100.0,302.06,7.47,19.9,0.59,0.62
1191,46.96,0.01,99.0,394.13,14.47,12.28,0.68,0.85
1192,63.11,0.01,99.0,227.78,3.99,31.94,0.43,0.43
1193,50.72,0.03,97.0,360.03,8.7,21.65,0.41,0.41
1194,61.33,0.0,100.0,352.47,6.08,28.64,0.18,0.43
1195,47.33,0.0,100.0,505.91,11.92,17.71,0.52,0.45
1196,42.36,0.03,97.0,497.95,14.14,13.5,0.66,0.35
1197,51.83,0.01,99.0,309.51,13.59,15.02,0.6,0.39
1198,54.63,0.01,99.0,313.65,2.02,36.36,0.57,0.67
1199,48.26,0.01,99.0,356.06,16.0,9.95,0.62,0.7
1200,63.73,0.01,99.0,154.41,6.5,28.36,0.57,0.68
1201,40.45,0.01,99.0,418.12,3.92,42.63,0.72,0.69
1202,66.04,0.03,97.0,207.85,3.98,38.69,0.4,0.53
1203,64.77,0.01,99.0,235.73,3.91,34.48,0.36,0.71
1204,66.5,0.0,100.0,213.08,10.47,23.48,0.46,0.72
1205,54.59,0.02,98.0,401.25,15.59,10.16,0.22,0.58
1206,52.46,0.03,97.0,513.73,1.67,36.41,0.17,0.58
1207,55.93,0.01,99.0,340.62,3.52,28.51,0.49,0.61
1208,73.31,0.0,100.0,239.04,7.75,24.14,0.25,0.54
1209,45.49,0.01,99.0,322.55,7.78,16.47,0.73,0.68
1210,55.08,0.01,99.0,293.61,3.14,39.2,0.55,0.58
1211,49.91,0.01,99.0,273.77,2.28,42.54,0.72,0.62
1212,55.76,0.01,99.0,386.28,7.82,22.32,0.26,0.66
1213,61.86,0.0,100.0,312.76,3.24,38.71,0.51,0.58
1214,41.36,0.01,99.0,408.99,15.56,11.44,0.73,0.61
1215,51.24,0.02,98.0,352.66,8.51,25.45,0.46,0.69
1216,61.55,0.01,99.0,310.85,4.54,36.28,0.48,0.56
1217,51.35,0.02,98.0,343.45,2.79,40.78,0.54,0.61
1218,53.98,0.02,98.0,433.75,2.24,39.11,0.21,0.54
1219,42.2,0.01,99.0,649.97,2.21,40.4,0.42,0.67
1220,69.61,0.0,100.0,320.36,3.79,36.35,0.18,0.62
1221,44.55,0.02,98.0,447.39,4.37,42.18,0.62,0.5
1222,56.65,0.0,100.0,288.58,4.32,26.28,0.53,0.6
1223,69.26,0.04,96.0,268.95,5.2,35.0,0.06,0.67
1224,59.47,0.0,100.0,326.14,7.12,25.72,0.39,0.54
1225,44.27,0.01,99.0,365.84,2.26,43.08,0.68,0.45
1226,36.31,0.02,98.0,636.06,2.39,42.84,0.6,0.35
1227,61.75,0.03,97.0,415.61,3.55,34.18,0.16,0.4
1228,60.12,0.03,97.0,285.22,2.04,34.21,0.38,0.78
1229,67.06,0.0,100.0,274.41,9.02,23.62,0.39,0.68
1230,46.04,0.01,99.0,426.86,6.13,41.12,0.64,0.56
1231,54.83,0.01,99.0,389.77,8.04,27.15,0.51,0.56
1232,50.91,0.02,98.0,404.14,12.79,17.52,0.38,0.57
1233,44.48,0.03,97.0,402.32,15.55,10.04,0.57,0.7
1234,54.29,0.0,100.0,403.4,5.72,29.63,0.4,0.71
1235,49.98,0.04,96.0,290.54,5.12,37.72,0.58,0.62
1236,67.76,0.02,98.0,345.39,5.48,29.98,0.23,0.72
1237,65.87,0.0,100.0,308.29,11.95,15.93,0.48,0.67
1238,69.65,0.01,99.0,344.47,5.38,26.9,0.29,0.69
1239,72.26,0.01,99.0,232.67,1.28,36.65,0.31,0.7
1240,50.85,0.04,96.0,384.39,6.64,22.8,0.57,0.59
1241,54.46,0.02,98.0,393.99,1.98,39.48,0.29,0.6
1242,57.71,0.02,98.0,367.77,10.27,18.69,0.34,0.72
1243,62.05,0.0,100.0,337.22,4.28,31.95,0.4,0.73
1244,51.7,0.0,100.0,329.64,7.71,23.66,0.65,0.71
1245,59.45,0.01,99.0,295.96,15.52,11.24,0.49,0.68
1246,54.48,0.0,100.0,365.25,3.23,36.93,0.51,0.5
1247,57.32,0.01,99.0,311.87,9.83,19.22,0.38,0.67
1248,54.65,0.01,99.0,370.5,7.37,28.73,0.33,0.64
1249,42.1,0.0,100.0,487.15,14.09,13.0,0.65,0.7
1250,50.21,0.0,100.0,501.03,15.52,10.93,0.48,0.61
1251,51.51,0.03,97.0,385.99,11.24,23.41,0.51,0.78
1252,60.37,0.04,96.0,264.78,3.92,27.76,0.22,0.6
1253,51.51,0.03,97.0,551.77,4.04,36.41,0.33,0.71
1254,59.89,0.03,97.0,255.93,3.57,35.65,0.59,0.66
1255,50.99,0.0,100.0,312.2,7.92,21.16,0.67,0.68
1256,50.31,0.01,99.0,445.84,3.45,43.29,0.49,0.76
1257,65.96,0.01,99.0,205.03,7.97,23.64,0.41,0.53
1258,58.28,0.0,100.0,368.86,5.07,27.1,0.47,0.59
1259,57.97,0.03,97.0,339.23,5.05,29.17,0.26,0.56
1260,76.54,0.02,98.0,269.52,5.62,28.67,0.17,0.53
1261,62.05,0.0,100.0,349.05,6.13,31.07,0.37,0.7
1262,49.5,0.01,99.0,430.97,3.04,40.39,0.52,0.43
1263,44.65,0.01,99.0,553.67,2.43,41.49,0.57,0.35
1264,53.51,0.03,97.0,414.94,3.49,36.96,0.36,0.44
1265,61.6,0.0,100.0,305.62,3.58,39.35,0.49,0.64
1266,69.44,0.0,100.0,261.79,3.18,30.46,0.31,0.6
1267,51.47,0.02,98.0,362.83,7.44,24.74,0.52,0.73
1268,42.84,0.02,98.0,392.91,3.02,39.22,0.69,0.59
1269,60.02,0.01,99.0,156.93,3.23,39.18,0.6,0.68
1270,51.83,0.0,100.0,289.63,3.56,42.27,0.62,0.6
1271,60.92,0.01,99.0,372.02,1.91,39.94,0.35,0.63
1272,49.69,0.01,99.0,467.82,6.06,30.12,0.34,0.61
1273,51.74,0.01,99.0,389.03,1.95,42.05,0.51,0.77
1274,45.05,0.03,97.0,401.96,2.58,41.56,0.61,0.66
1275,44.18,0.0,100.0,442.13,4.28,42.41,0.56,0.66
1276,48.4,0.02,98.0,471.95,2.22,38.12,0.51,0.56
1277,48.16,0.01,99.0,511.62,1.79,38.5,0.42,0.57
1278,65.51,0.0,100.0,461.04,2.92,32.52,0.17,0.46
1279,40.19,0.03,97.0,484.14,2.85,39.79,0.57,0.34
1280,46.77,0.05,95.0,499.01,1.81,37.25,0.26,0.46
1281,50.44,0.01,99.0,443.65,2.12,38.37,0.51,0.41
1282,64.59,0.0,100.0,397.24,3.29,29.37,0.34,0.39
1283,66.68,0.01,99.0,297.49,7.52,23.62,0.3,0.5
1284,67.0,0.02,98.0,257.9,2.4,33.92,0.33,0.63
1285,56.1,0.01,99.0,226.94,6.79,21.63,0.66,0.66
1286,50.02,0.02,98.0,304.47,2.0,35.24,0.58,0.75
1287,52.53,0.02,98.0,399.17,4.72,26.66,0.43,0.7
1288,63.64,0.0,100.0,396.35,5.02,30.91,0.37,0.61
1289,54.29,0.02,98.0,467.94,3.89,30.38,0.26,0.54
1290,60.41,0.0,100.0,189.92,2.64,36.02,0.58,0.62
1291,52.05,0.01,99.0,272.86,2.74,45.92,0.59,0.43
1292,60.81,0.05,95.0,225.67,3.69,26.97,0.35,0.47
1293,49.51,0.0,100.0,369.51,4.37,34.73,0.62,0.53
1294,73.52,0.0,100.0,296.84,5.25,26.24,0.25,0.46
1295,48.92,0.01,99.0,320.95,3.96,48.03,0.66,0.48
1296,63.02,0.0,100.0,228.27,2.34,37.02,0.43,0.35
1297,51.37,0.02,98.0,454.1,12.57,15.44,0.5,0.5
1298,57.23,0.02,98.0,299.65,5.37,31.44,0.48,0.51
1299,56.42,0.02,98.0,510.38,3.7,35.76,0.18,0.45
1300,43.18,0.03,97.0,518.51,9.4,22.0,0.32,0.47
1301,66.01,0.01,99.0,216.09,4.4,35.45,0.48,0.53
1302,52.92,0.01,99.0,620.38,4.64,25.73,0.26,0.46
1303,54.48,0.03,97.0,457.04,6.47,32.38,0.13,0.62
1304,55.27,0.01,99.0,213.73,3.66,41.5,0.67,0.7
1305,32.57,0.12,88.0,339.34,7.89,10.4,0.66,0.53
1306,72.63,0.01,99.0,150.78,3.8,35.69,0.33,0.65
1307,59.31,0.01,99.0,312.38,6.67,26.7,0.33,0.7
1308,61.48,0.05,95.0,322.97,3.93,28.91,0.1,0.63
1309,49.01,0.01,99.0,543.78,3.27,40.96,0.44,0.53
1310,30.01,0.01,99.0,659.44,4.65,37.34,0.68,0.48
1311,60.14,0.0,100.0,385.55,4.7,26.51,0.34,0.56
1312,30.68,0.14,86.0,389.07,2.53,23.61,0.57,0.62
1313,47.35,0.0,100.0,510.5,1.84,35.43,0.51,0.38
1314,62.72,0.02,98.0,379.67,2.13,39.04,0.26,0.55
1315,48.43,0.01,99.0,416.93,8.08,21.48,0.64,0.68
1316,43.12,0.04,96.0,389.23,5.44,35.34,0.49,0.71
1317,52.73,0.01,99.0,439.43,1.64,36.17,0.5,0.69
1318,46.72,0.01,99.0,331.9,3.33,32.04,0.62,0.74
1319,60.95,0.04,96.0,207.98,7.96,15.76,0.48,0.52
1320,51.37,0.01,99.0,423.51,2.4,39.16,0.43,0.55
1321,43.14,0.03,97.0,491.67,4.08,33.67,0.6,0.67
1322,47.15,0.01,99.0,447.03,5.53,30.35,0.41,0.57
1323,57.73,0.0,100.0,290.45,7.8,20.63,0.59,0.5
1324,64.23,0.0,100.0,169.03,1.32,36.31,0.47,0.64
1325,65.48,0.02,98.0,271.78,3.2,32.49,0.33,0.54
1326,59.75,0.01,99.0,263.11,3.12,29.81,0.52,0.64
1327,59.99,0.0,100.0,275.15,2.12,41.45,0.56,0.52
1328,60.92,0.0,100.0,432.1,4.83,30.7,0.19,0.43
1329,48.34,0.02,98.0,459.85,5.35,28.75,0.5,0.44
1330,58.59,0.01,99.0,540.38,2.6,37.14,0.23,0.51
1331,47.79,0.02,98.0,465.65,6.11,26.97,0.45,0.53
1332,54.3,0.01,99.0,320.51,2.06,40.24,0.61,0.35
1333,65.18,0.02,98.0,212.82,13.86,14.02,0.38,0.46
1334,60.72,0.01,99.0,463.57,7.7,28.56,0.15,0.4
1335,48.3,0.02,98.0,450.61,11.28,21.87,0.54,0.44
1336,47.74,0.0,100.0,405.14,4.2,45.64,0.71,0.42
1337,64.62,0.01,99.0,179.3,1.94,34.51,0.56,0.35
1338,65.87,0.0,100.0,296.56,13.48,19.89,0.4,0.32
1339,42.51,0.04,96.0,371.49,9.54,20.91,0.65,0.46
1340,61.84,0.01,99.0,334.55,8.25,21.71,0.39,0.57
1341,46.77,0.0,100.0,370.63,2.7,43.08,0.72,0.57
1342,57.22,0.02,98.0,359.99,6.52,30.01,0.41,0.49
1343,51.21,0.01,99.0,461.33,5.78,28.36,0.39,0.58
1344,59.97,0.03,97.0,231.89,1.92,33.22,0.48,0.51
1345,47.36,0.01,99.0,501.41,6.67,29.31,0.4,0.34
1346,54.51,0.0,100.0,377.56,10.93,17.53,0.56,0.35
1347,54.8,0.01,99.0,352.69,5.74,23.47,0.55,0.57
1348,53.83,0.0,100.0,271.96,3.27,40.73,0.55,0.61
1349,56.41,0.02,98.0,439.57,1.35,41.41,0.36,0.6
1350,46.49,0.02,98.0,462.48,3.54,45.08,0.63,0.53
1351,52.11,0.0,100.0,486.49,6.18,24.23,0.41,0.67
1352,65.05,0.02,98.0,204.03,3.2,40.72,0.42,0.69
1353,50.39,0.0,100.0,404.69,3.9,38.39,0.64,0.48
1354,56.67,0.02,98.0,499.39,1.64,41.99,0.31,0.48
1355,65.54,0.0,100.0,337.53,2.44,39.81,0.29,0.55
1356,61.41,0.01,99.0,184.96,2.32,38.29,0.59,0.62
1357,71.18,0.0,100.0,230.63,4.37,35.32,0.27,0.59
1358,71.31,0.02,98.0,136.65,7.22,24.78,0.36,0.54
1359,49.0,0.01,99.0,488.02,6.61,26.81,0.46,0.68
1360,61.65,0.0,100.0,363.64,3.97,33.74,0.43,0.65
1361,57.61,0.02,98.0,276.7,11.74,20.45,0.48,0.63
1362,64.11,0.01,99.0,234.64,2.15,41.91,0.48,0.5
1363,47.04,0.01,99.0,439.22,5.39,32.32,0.55,0.53
1364,73.47,0.01,99.0,134.69,7.74,19.98,0.25,0.45
1365,52.79,0.02,98.0,390.85,7.94,21.36,0.57,0.48
1366,55.19,0.01,99.0,245.68,2.1,36.92,0.69,0.45
1367,61.92,0.01,99.0,169.81,2.1,33.13,0.58,0.47
1368,67.61,0.0,100.0,230.85,11.08,19.64,0.48,0.43
1369,59.95,0.01,99.0,278.98,13.41,12.56,0.48,0.45
1370,50.49,0.03,97.0,397.0,11.45,19.79,0.54,0.54
1371,69.24,0.01,99.0,277.91,6.83,24.78,0.29,0.63
1372,45.48,0.01,99.0,435.4,2.44,41.42,0.64,0.4
1373,61.81,0.0,100.0,415.03,6.78,28.69,0.32,0.42
1374,55.8,0.0,100.0,247.62,14.68,10.78,0.69,0.54
1375,53.45,0.01,99.0,282.83,5.11,30.38,0.46,0.38
1376,42.89,0.01,99.0,470.8,15.68,9.61,0.62,0.51
1377,70.06,0.02,98.0,235.56,5.34,29.05,0.23,0.56
1378,72.06,0.0,100.0,243.72,3.19,32.96,0.27,0.53
1379,49.31,0.04,96.0,165.44,2.28,34.14,0.72,0.62
1380,49.87,0.02,98.0,260.57,2.57,42.32,0.66,0.49
1381,54.77,0.0,100.0,212.39,14.46,14.14,0.71,0.6
1382,48.82,0.05,95.0,367.09,15.58,10.4,0.47,0.67
1383,59.65,0.0,100.0,315.82,3.03,37.38,0.48,0.66
1384,65.38,0.02,98.0,389.4,4.35,34.63,0.14,0.63
1385,52.6,0.01,99.0,366.88,14.48,12.48,0.41,0.64
1386,41.23,0.01,99.0,485.29,13.27,12.8,0.64,0.66
1387,52.93,0.02,98.0,331.6,14.86,12.52,0.46,0.61
1388,74.85,0.01,99.0,158.16,3.04,31.92,0.33,0.58
1389,49.36,0.01,99.0,551.58,8.08,27.3,0.48,0.76
1390,59.58,0.0,100.0,343.33,4.75,36.93,0.48,0.68
1391,46.92,0.02,98.0,323.25,14.59,11.54,0.67,0.59
1392,67.3,0.0,100.0,434.47,8.47,26.51,0.24,0.59
1393,57.5,0.0,100.0,526.9,7.02,32.84,0.38,0.64
1394,59.84,0.06,94.0,188.92,2.01,29.56,0.42,0.62
1395,57.97,0.0,100.0,199.57,8.4,19.26,0.66,0.67
1396,52.07,0.0,100.0,338.9,12.73,14.31,0.58,0.58
1397,56.51,0.0,100.0,254.53,15.37,11.27,0.63,0.67
1398,49.28,0.04,96.0,415.74,6.62,22.47,0.51,0.63
1399,53.9,0.0,100.0,323.79,3.26,40.13,0.6,0.61
1400,63.14,0.03,97.0,149.65,2.3,45.44,0.49,0.61
1401,68.24,0.0,100.0,283.98,11.56,17.93,0.37,0.72
1402,43.06,0.06,94.0,487.59,2.11,43.06,0.5,0.6
1403,56.13,0.01,99.0,341.53,4.86,32.77,0.42,0.7
1404,61.59,0.04,96.0,119.43,15.46,10.0,0.6,0.68
1405,49.3,0.03,97.0,316.37,13.48,15.51,0.58,0.7
1406,54.23,0.0,100.0,476.28,5.68,26.97,0.41,0.67
1407,45.69,0.0,100.0,459.75,13.08,16.28,0.56,0.66
1408,40.43,0.04,96.0,560.54,4.26,35.93,0.55,0.69
1409,38.55,0.02,98.0,512.31,12.43,19.35,0.58,0.51
1410,45.31,0.07,93.0,321.56,7.72,20.87,0.48,0.79
1411,47.33,0.02,98.0,451.87,12.89,15.7,0.53,0.71
1412,61.6,0.04,96.0,329.71,2.85,31.27,0.24,0.44
1413,41.62,0.02,98.0,410.21,14.85,10.89,0.69,0.4
1414,45.86,0.0,100.0,491.37,13.88,14.26,0.6,0.69
1415,54.2,0.0,100.0,397.56,15.43,10.89,0.51,0.73
1416,41.05,0.03,97.0,472.37,14.16,12.9,0.62,0.68
1417,51.17,0.03,97.0,457.82,2.26,43.13,0.38,0.56
1418,49.37,0.02,98.0,345.52,14.42,10.32,0.55,0.65
1419,45.52,0.0,100.0,470.09,3.92,38.34,0.66,0.65
1420,54.01,0.01,99.0,313.8,13.91,12.36,0.58,0.77
1421,55.33,0.03,97.0,290.88,10.06,27.92,0.45,0.59
1422,46.41,0.02,98.0,443.35,8.6,19.82,0.54,0.67
1423,53.43,0.01,99.0,432.0,14.51,13.96,0.46,0.65
1424,49.58,0.04,96.0,315.4,8.12,21.93,0.58,0.6
1425,61.13,0.0,100.0,323.71,11.74,18.54,0.46,0.68
1426,51.47,0.02,98.0,494.3,2.72,37.64,0.42,0.64
1427,49.87,0.02,98.0,470.48,3.42,30.71,0.35,0.7
1428,60.89,0.0,100.0,349.51,3.82,35.31,0.52,0.64
1429,40.7,0.01,99.0,573.47,5.37,27.94,0.58,0.62
1430,46.16,0.0,100.0,521.01,6.54,38.62,0.6,0.56
1431,61.69,0.0,100.0,336.17,3.27,28.17,0.44,0.41
1432,60.19,0.02,98.0,310.61,2.07,32.23,0.37,0.38
1433,50.28,0.01,99.0,392.9,4.0,29.22,0.36,0.42
1434,58.02,0.01,99.0,348.91,10.03,20.45,0.42,0.47
1435,55.01,0.0,100.0,334.99,11.95,16.71,0.55,0.49
1436,44.88,0.11,89.0,330.58,1.89,27.07,0.41,0.8
1437,55.39,0.07,93.0,396.98,1.82,27.87,0.26,0.66
1438,59.53,0.01,99.0,356.57,3.63,42.62,0.43,0.72
1439,61.51,0.02,98.0,311.29,5.1,37.09,0.21,0.54
1440,60.67,0.03,97.0,249.21,14.34,14.61,0.4,0.75
1441,59.79,0.02,98.0,245.88,6.92,21.73,0.47,0.74
1442,63.01,0.02,98.0,366.32,10.64,16.69,0.32,0.81
1443,50.15,0.01,99.0,414.42,2.97,35.54,0.52,0.78
1444,65.32,0.0,100.0,381.19,5.8,32.73,0.16,0.65
1445,66.88,0.01,99.0,360.27,6.36,29.36,0.25,0.72
1446,58.17,0.01,99.0,355.89,7.24,24.39,0.44,0.67
1447,58.49,0.0,100.0,238.87,4.42,31.27,0.6,0.67
1448,62.08,0.01,99.0,301.83,1.92,35.1,0.42,0.68
1449,58.25,0.0,100.0,383.66,10.32,20.92,0.51,0.63
1450,48.41,0.09,91.0,287.53,3.55,21.27,0.49,0.67
1451,52.85,0.04,96.0,255.47,6.72,26.05,0.58,0.5
1452,64.23,0.0,100.0,203.76,9.05,19.94,0.36,0.56
1453,55.43,0.02,98.0,398.42,5.05,23.92,0.26,0.56
1454,55.65,0.0,100.0,347.27,3.65,39.73,0.44,0.55
1455,51.73,0.01,99.0,387.83,2.67,41.55,0.57,0.57
1456,62.79,0.0,100.0,443.37,2.02,37.09,0.32,0.52
1457,41.77,0.01,99.0,515.73,2.63,35.32,0.65,0.47
1458,46.01,0.01,99.0,498.54,2.85,43.35,0.51,0.65
1459,46.25,0.02,98.0,447.91,6.19,25.75,0.39,0.74
1460,36.31,0.01,99.0,623.42,2.9,38.14,0.68,0.62
1461,49.81,0.07,93.0,360.84,3.03,31.18,0.36,0.67
1462,49.05,0.03,97.0,241.81,2.85,41.0,0.68,0.48
1463,72.47,0.01,99.0,160.01,2.4,37.68,0.34,0.75
1464,48.12,0.01,99.0,454.88,7.52,22.16,0.59,0.42
1465,66.43,0.01,99.0,278.07,4.84,33.08,0.22,0.39
1466,65.72,0.05,95.0,270.2,3.99,24.43,0.27,0.72
1467,55.58,0.0,100.0,458.63,6.6,28.55,0.43,0.56
1468,59.68,0.01,99.0,281.68,2.57,35.45,0.38,0.62
1469,55.2,0.01,99.0,498.61,4.85,29.45,0.43,0.56
1470,68.85,0.02,98.0,292.92,5.29,28.77,0.27,0.51
1471,65.9,0.02,98.0,316.83,7.18,20.75,0.39,0.55
1472,49.9,0.02,98.0,447.41,12.98,13.14,0.5,0.63
1473,58.63,0.0,100.0,268.79,8.29,27.96,0.49,0.57
1474,48.34,0.12,88.0,142.86,3.16,30.95,0.58,0.65
1475,61.48,0.0,100.0,298.27,2.51,39.86,0.48,0.62
1476,48.9,0.02,98.0,548.05,5.87,25.89,0.33,0.72
1477,64.95,0.02,98.0,354.06,2.85,39.32,0.3,0.66
1478,72.11,0.0,100.0,205.61,3.59,30.07,0.36,0.53
1479,68.05,0.02,98.0,258.42,6.24,26.84,0.39,0.45
1480,72.58,0.0,100.0,218.5,9.33,22.29,0.4,0.53
1481,56.33,0.0,100.0,293.68,3.7,38.33,0.49,0.71
1482,53.38,0.02,98.0,494.09,7.77,23.93,0.32,0.65
1483,45.05,0.06,94.0,425.58,4.82,23.29,0.44,0.85
1484,62.76,0.01,99.0,447.29,5.36,35.48,0.29,0.67
1485,44.6,0.06,94.0,477.42,4.55,27.43,0.45,0.42
1486,64.27,0.05,95.0,304.87,3.44,29.53,0.23,0.39
1487,59.84,0.03,97.0,340.6,3.14,35.39,0.26,0.48
1488,61.94,0.01,99.0,122.86,6.44,21.25,0.55,0.64
1489,47.93,0.0,100.0,417.53,2.7,34.57,0.61,0.56
1490,76.2,0.02,98.0,204.57,1.55,38.52,0.14,0.57
1491,58.71,0.02,98.0,355.69,2.14,41.79,0.43,0.5
1492,61.87,0.0,100.0,399.44,2.25,33.01,0.39,0.51
1493,61.01,0.02,98.0,336.09,6.24,27.78,0.42,0.6
1494,57.82,0.03,97.0,363.3,9.24,21.85,0.24,0.55
1495,48.69,0.0,100.0,408.91,3.16,36.9,0.61,0.78
1496,47.28,0.01,99.0,438.08,6.87,22.33,0.55,0.74
1497,50.0,0.01,99.0,461.67,5.33,32.05,0.49,0.67
1498,52.72,0.01,99.0,385.55,2.64,40.98,0.42,0.75
1499,55.13,0.0,100.0,406.74,12.58,13.74,0.52,0.73
1500,73.49,0.02,98.0,143.83,1.75,41.63,0.27,0.36
1501,54.64,0.0,100.0,318.29,4.06,37.81,0.64,0.4
1502,49.02,0.0,100.0,521.98,6.99,31.53,0.5,0.46
1503,63.96,0.0,100.0,261.26,6.07,25.87,0.34,0.52
1504,52.83,0.03,97.0,313.59,10.71,17.75,0.47,0.45
1505,67.46,0.01,99.0,321.14,3.88,33.73,0.36,0.52
1506,54.75,0.0,100.0,300.64,14.08,16.49,0.63,0.67
1507,52.92,0.02,98.0,237.29,7.03,25.81,0.51,0.62
1508,65.69,0.02,98.0,289.66,2.26,35.58,0.32,0.64
1509,68.38,0.0,100.0,328.94,8.81,21.6,0.25,0.55
1510,48.4,0.03,97.0,356.17,2.02,43.22,0.55,0.54
1511,65.94,0.01,99.0,215.66,3.64,36.97,0.46,0.57
1512,32.78,0.13,87.0,365.54,5.21,13.92,0.57,0.82
1513,52.59,0.02,98.0,238.18,8.02,29.4,0.49,0.67
1514,63.25,0.0,100.0,323.74,4.0,28.72,0.43,0.7
1515,46.43,0.11,89.0,268.74,4.8,18.14,0.44,0.66
1516,44.55,0.1,90.0,152.1,7.91,15.24,0.67,0.68
1517,43.46,0.14,86.0,292.42,2.84,19.49,0.38,0.68
1518,40.81,0.01,99.0,594.59,9.21,19.68,0.61,0.57
1519,62.11,0.0,100.0,290.2,2.65,37.47,0.42,0.38
1520,44.67,0.1,90.0,228.15,6.86,10.63,0.6,0.72
1521,57.29,0.12,88.0,127.35,1.0,20.15,0.2,0.7
1522,51.74,0.01,99.0,474.15,13.56,13.9,0.53,0.68
1523,48.23,0.0,100.0,493.12,8.66,18.95,0.51,0.66
1524,44.17,0.0,100.0,491.46,13.71,12.27,0.64,0.69
1525,70.12,0.01,99.0,287.6,3.6,37.69,0.39,0.61
1526,60.98,0.0,100.0,388.31,3.39,35.74,0.45,0.7
1527,58.83,0.0,100.0,259.39,3.67,33.99,0.5,0.73
1528,63.09,0.01,99.0,351.73,3.64,35.33,0.34,0.58
1529,35.6,0.04,96.0,582.78,7.56,20.53,0.66,0.6
1530,60.46,0.01,99.0,307.1,2.4,43.38,0.47,0.69
1531,55.47,0.06,94.0,239.32,7.52,10.56,0.48,0.68
1532,44.66,0.05,95.0,488.22,2.37,37.03,0.38,0.61
1533,46.7,0.01,99.0,366.75,2.38,45.47,0.7,0.65
1534,39.82,0.01,99.0,608.03,5.41,38.82,0.65,0.61
1535,37.97,0.13,87.0,368.84,7.1,14.09,0.49,0.78
1536,47.68,0.01,99.0,523.92,5.06,30.42,0.44,0.48
1537,41.82,0.02,98.0,532.31,14.29,13.36,0.62,0.63
1538,42.42,0.13,87.0,269.1,6.28,18.71,0.52,0.69
1539,65.61,0.0,100.0,241.27,4.25,34.63,0.52,0.46
1540,64.68,0.0,100.0,344.13,7.7,22.87,0.37,0.51
1541,52.94,0.04,96.0,396.68,2.14,35.14,0.43,0.7
1542,48.66,0.01,99.0,477.45,7.35,22.08,0.46,0.77
1543,61.95,0.0,100.0,142.45,13.36,15.13,0.62,0.58
1544,51.0,0.06,94.0,297.31,7.74,15.6,0.47,0.37
1545,68.14,0.02,98.0,277.4,9.92,22.95,0.28,0.4
1546,56.54,0.01,99.0,383.71,7.35,22.19,0.45,0.37
1547,69.35,0.03,97.0,330.99,1.25,35.36,0.22,0.4
1548,46.69,0.03,97.0,410.28,2.23,39.36,0.37,0.63
1549,58.97,0.0,100.0,191.46,5.46,34.94,0.65,0.55
1550,44.98,0.0,100.0,487.12,11.86,16.6,0.6,0.61
1551,52.72,0.02,98.0,525.3,5.1,30.47,0.32,0.58
1552,56.66,0.03,97.0,170.52,7.07,19.9,0.66,0.56
1553,60.84,0.01,99.0,365.39,8.93,24.77,0.26,0.57
1554,52.74,0.0,100.0,523.58,4.24,34.79,0.33,0.42
1555,49.32,0.05,95.0,452.37,2.45,33.18,0.36,0.41
1556,57.84,0.01,99.0,413.31,8.2,26.58,0.33,0.35
1557,63.66,0.02,98.0,302.46,3.9,34.02,0.28,0.47
1558,31.06,0.16,84.0,324.86,7.4,10.04,0.5,0.63
1559,66.5,0.02,98.0,433.69,3.29,35.59,0.15,0.52
1560,59.75,0.01,99.0,450.31,6.45,32.71,0.12,0.43
1561,54.23,0.02,98.0,350.58,10.18,20.74,0.51,0.51
1562,51.7,0.0,100.0,497.88,4.39,33.71,0.44,0.71
1563,62.52,0.04,96.0,285.69,3.87,31.18,0.33,0.57
1564,53.78,0.01,99.0,447.61,7.85,28.78,0.36,0.52
1565,57.11,0.0,100.0,280.34,6.28,30.45,0.59,0.36
1566,58.33,0.01,99.0,546.5,5.34,30.77,0.09,0.37
1567,45.65,0.0,100.0,413.65,15.4,11.65,0.71,0.38
1568,54.44,0.06,94.0,376.59,5.03,24.15,0.22,0.38
1569,41.17,0.11,89.0,264.25,6.02,12.58,0.54,0.46
1570,59.82,0.03,97.0,280.67,5.41,31.23,0.42,0.68
1571,69.32,0.02,98.0,277.87,5.62,28.5,0.27,0.59
1572,57.39,0.05,95.0,250.28,1.79,29.41,0.4,0.7
1573,64.15,0.01,99.0,251.5,6.52,32.17,0.43,0.51
1574,55.78,0.02,98.0,273.29,11.47,19.95,0.53,0.52
1575,50.92,0.01,99.0,457.68,9.23,27.74,0.27,0.59
1576,50.07,0.0,100.0,483.14,2.42,37.64,0.43,0.39
1577,58.38,0.0,100.0,318.42,4.2,41.1,0.4,0.35
1578,54.04,0.02,98.0,555.82,4.81,33.07,0.26,0.38
1579,58.77,0.0,100.0,310.76,12.27,18.47,0.51,0.58
1580,43.89,0.02,98.0,467.48,2.11,43.57,0.64,0.64
1581,42.29,0.1,90.0,365.71,7.2,18.51,0.38,0.73
1582,50.35,0.01,99.0,468.28,4.01,36.35,0.46,0.55
1583,52.58,0.0,100.0,293.9,3.42,35.15,0.63,0.37
1584,61.33,0.03,97.0,200.96,2.21,34.65,0.53,0.35
1585,57.83,0.02,98.0,320.81,6.41,32.77,0.51,0.36
1586,68.95,0.03,97.0,256.49,5.36,24.74,0.19,0.57
1587,70.47,0.0,100.0,413.18,5.25,24.48,0.12,0.38
1588,59.89,0.02,98.0,222.36,3.1,41.65,0.56,0.37
1589,56.57,0.02,98.0,428.4,7.67,22.93,0.34,0.37
1590,75.92,0.0,100.0,269.24,2.95,35.27,0.19,0.38
1591,40.57,0.07,93.0,367.87,7.89,13.58,0.59,0.43
1592,56.5,0.05,95.0,310.17,9.68,16.34,0.38,0.39
1593,64.69,0.01,99.0,378.27,2.39,39.69,0.31,0.36
1594,57.81,0.02,98.0,327.14,3.68,38.18,0.39,0.65
1595,58.39,0.0,100.0,271.53,2.49,37.77,0.51,0.52
1596,61.07,0.02,98.0,289.67,10.37,18.43,0.52,0.56
1597,59.71,0.0,100.0,289.75,3.38,38.77,0.57,0.62
1598,51.25,0.05,95.0,330.75,5.63,17.07,0.34,0.69
1599,58.95,0.03,97.0,471.25,3.02,39.81,0.24,0.52
1600,67.0,0.0,100.0,343.72,9.65,26.66,0.26,0.57
1601,62.28,0.01,99.0,298.96,2.1,36.39,0.42,0.5
1602,50.32,0.01,99.0,498.71,8.18,28.22,0.3,0.73
1603,70.97,0.01,99.0,236.92,2.48,36.74,0.11,0.67
1604,45.34,0.01,99.0,559.46,10.79,21.57,0.52,0.49
1605,50.59,0.0,100.0,500.82,11.64,18.39,0.47,0.34
1606,45.65,0.01,99.0,571.86,7.29,20.33,0.47,0.43
1607,59.81,0.04,96.0,239.43,2.17,23.37,0.39,0.45
1608,58.98,0.0,100.0,355.77,11.31,17.0,0.43,0.64
1609,61.23,0.01,99.0,377.62,4.52,29.36,0.26,0.68
1610,64.69,0.03,97.0,305.23,2.59,34.43,0.24,0.73
1611,57.09,0.01,99.0,495.37,3.93,33.65,0.36,0.76
1612,59.2,0.05,95.0,392.72,4.34,20.25,0.3,0.77
1613,39.4,0.13,87.0,232.5,7.77,15.18,0.56,0.6
1614,52.07,0.01,99.0,490.73,4.14,35.45,0.37,0.49
1615,65.07,0.02,98.0,290.35,14.65,11.35,0.34,0.55
1616,61.77,0.02,98.0,299.83,2.62,38.27,0.4,0.73
1617,61.54,0.01,99.0,243.38,4.45,40.05,0.48,0.39
1618,70.57,0.0,100.0,341.35,4.04,35.14,0.22,0.42
1619,53.68,0.03,97.0,330.72,12.5,11.36,0.47,0.63
1620,53.24,0.01,99.0,382.63,2.43,36.85,0.35,0.68
1621,48.6,0.01,99.0,485.0,10.49,16.86,0.27,0.64
1622,57.12,0.01,99.0,275.76,7.76,34.95,0.54,0.68
1623,70.75,0.02,98.0,284.04,4.12,27.38,0.16,0.65
1624,73.57,0.02,98.0,197.82,4.24,31.45,0.25,0.55
1625,66.41,0.01,99.0,314.02,5.19,23.8,0.24,0.52
1626,48.58,0.04,96.0,563.71,4.65,29.21,0.24,0.56
1627,44.11,0.02,98.0,522.99,12.99,20.82,0.54,0.51
1628,50.82,0.01,99.0,494.76,2.12,31.0,0.4,0.66
1629,79.83,0.0,100.0,218.76,3.73,29.01,0.24,0.58
1630,68.96,0.0,100.0,290.4,3.98,32.82,0.31,0.45
1631,54.68,0.02,98.0,357.71,13.18,13.64,0.55,0.4
1632,61.83,0.0,100.0,249.84,8.63,27.1,0.41,0.41
1633,54.19,0.0,100.0,511.97,8.03,22.98,0.41,0.53
1634,49.89,0.0,100.0,528.29,2.84,37.31,0.52,0.38
1635,59.11,0.0,100.0,252.07,14.56,12.56,0.62,0.49
1636,59.88,0.03,97.0,269.86,7.46,15.15,0.44,0.68
1637,61.13,0.0,100.0,316.48,8.36,22.5,0.42,0.65
1638,41.6,0.02,98.0,424.07,15.51,9.84,0.66,0.73
1639,56.2,0.05,95.0,220.79,7.53,19.83,0.53,0.81
1640,28.43,0.17,83.0,270.21,6.29,8.92,0.63,0.62
1641,51.41,0.02,98.0,226.55,15.9,10.7,0.72,0.75
1642,61.93,0.0,100.0,261.97,9.75,22.05,0.48,0.5
1643,64.53,0.01,99.0,327.08,6.35,25.01,0.37,0.34
1644,63.23,0.0,100.0,290.19,10.21,25.58,0.39,0.35
1645,70.04,0.01,99.0,290.42,3.67,21.12,0.25,0.61
1646,66.86,0.05,95.0,284.45,2.14,25.85,0.07,0.71
1647,51.36,0.01,99.0,215.21,14.91,12.14,0.7,0.69
1648,56.82,0.04,96.0,356.39,4.43,18.07,0.35,0.59
1649,61.44,0.04,96.0,243.57,9.22,23.23,0.31,0.35
1650,51.58,0.03,97.0,290.14,10.9,16.76,0.56,0.46
1651,38.76,0.03,97.0,465.73,8.13,19.3,0.62,0.36
1652,38.75,0.01,99.0,477.29,15.74,11.06,0.74,0.4
1653,37.74,0.02,98.0,535.22,12.72,12.95,0.6,0.45
1654,71.6,0.01,99.0,256.91,3.8,38.01,0.27,0.37
1655,44.4,0.08,92.0,320.85,2.93,27.7,0.48,0.65
1656,48.26,0.0,100.0,609.77,3.99,33.77,0.43,0.61
1657,57.64,0.02,98.0,403.26,9.08,27.42,0.26,0.46
1658,61.55,0.02,98.0,278.2,7.28,22.53,0.45,0.68
1659,54.03,0.04,96.0,261.54,6.59,26.61,0.55,0.66
1660,31.33,0.0,100.0,651.91,8.0,18.73,0.73,0.44
1661,50.68,0.01,99.0,556.58,2.36,34.98,0.27,0.6
1662,60.33,0.02,98.0,307.52,6.04,23.65,0.42,0.47
1663,69.7,0.0,100.0,376.63,6.46,29.74,0.12,0.54
1664,56.5,0.03,97.0,288.92,3.44,41.64,0.46,0.67
1665,64.39,0.01,99.0,248.73,4.51,34.94,0.44,0.35
1666,65.82,0.0,100.0,328.45,4.64,27.5,0.22,0.43
1667,54.37,0.01,99.0,598.57,3.84,38.11,0.22,0.38
1668,38.74,0.0,100.0,660.24,2.1,39.92,0.6,0.35
1669,68.74,0.02,98.0,254.02,6.71,27.58,0.39,0.4
1670,47.0,0.04,96.0,620.81,1.87,35.62,0.2,0.31
1671,60.88,0.0,100.0,487.32,7.76,25.16,0.31,0.34
1672,61.37,0.01,99.0,326.33,2.2,33.25,0.37,0.33
1673,55.76,0.0,100.0,541.75,7.92,21.27,0.38,0.32
1674,56.34,0.02,98.0,317.9,8.71,31.22,0.42,0.41
1675,57.22,0.01,99.0,408.27,5.01,25.57,0.42,0.33
1676,46.38,0.1,90.0,320.14,5.56,13.8,0.44,0.46
1677,69.91,0.03,97.0,286.13,5.72,29.83,0.2,0.36
1678,63.21,0.02,98.0,282.9,5.9,27.85,0.48,0.33
1679,39.29,0.01,99.0,630.42,4.54,37.82,0.61,0.35
1680,56.24,0.02,98.0,243.26,3.78,38.11,0.59,0.42
1681,68.24,0.01,99.0,260.87,3.39,32.37,0.36,0.34
1682,72.39,0.01,99.0,265.94,4.48,36.16,0.23,0.4
1683,37.63,0.11,89.0,419.75,7.55,12.69,0.53,0.44
1684,71.55,0.0,100.0,196.45,1.59,27.32,0.38,0.48
1685,56.74,0.02,98.0,251.29,10.49,20.47,0.41,0.49
1686,36.29,0.01,99.0,579.68,14.85,11.79,0.67,0.33
1687,53.79,0.01,99.0,542.01,2.06,33.78,0.22,0.35
1688,49.08,0.08,92.0,473.01,4.52,20.18,0.36,0.41
1689,55.13,0.01,99.0,239.29,12.72,13.64,0.52,0.36
1690,46.42,0.01,99.0,622.06,5.62,34.43,0.38,0.35
1691,49.58,0.02,98.0,567.07,3.26,33.15,0.14,0.45
1692,48.55,0.02,98.0,334.93,12.72,18.31,0.58,0.35
1693,55.82,0.01,99.0,291.7,3.31,39.78,0.55,0.39
1694,60.16,0.0,100.0,136.41,3.99,40.82,0.68,0.39
1695,58.72,0.05,95.0,166.15,3.69,31.19,0.58,0.43
1696,55.63,0.02,98.0,325.26,2.33,39.47,0.46,0.36
1697,43.35,0.11,89.0,465.18,7.96,13.49,0.36,0.42
1698,57.37,0.06,94.0,279.04,5.66,23.05,0.42,0.38
1699,60.64,0.01,99.0,224.75,9.17,27.42,0.37,0.37
1700,63.19,0.0,100.0,373.97,6.91,22.93,0.38,0.38
1701,57.11,0.0,100.0,472.54,12.16,16.0,0.38,0.36
1702,81.89,0.0,100.0,248.73,1.77,36.53,0.06,0.39
1703,50.29,0.02,98.0,400.11,3.13,40.55,0.53,0.36
1704,61.09,0.02,98.0,304.94,3.48,37.98,0.34,0.35
1705,56.54,0.02,98.0,265.86,8.33,28.98,0.48,0.33
1706,52.73,0.02,98.0,289.39,9.8,20.15,0.55,0.32
1707,35.21,0.0,100.0,626.48,3.24,33.36,0.63,0.42
1708,76.77,0.0,100.0,201.51,5.36,28.47,0.26,0.41
1709,60.92,0.04,96.0,349.62,1.78,23.15,0.26,0.38
1710,56.13,0.01,99.0,357.36,14.79,12.25,0.49,0.45
1711,67.01,0.01,99.0,298.92,6.85,24.73,0.23,0.46
1712,53.95,0.01,99.0,321.5,4.06,38.3,0.49,0.44
1713,66.88,0.02,98.0,321.16,1.68,41.12,0.32,0.38
1714,43.05,0.0,100.0,550.63,6.12,26.04,0.58,0.4
1715,69.31,0.01,99.0,240.78,13.58,14.51,0.36,0.41
1716,60.67,0.0,100.0,507.75,10.1,22.49,0.3,0.46
1717,66.44,0.0,100.0,269.31,9.75,22.13,0.39,0.4
1718,50.6,0.0,100.0,578.61,2.3,38.02,0.46,0.71
1719,53.32,0.03,97.0,355.42,5.98,25.36,0.49,0.56
1720,45.71,0.03,97.0,626.81,8.45,28.53,0.44,0.46
1721,77.13,0.01,99.0,173.48,4.01,34.03,0.31,0.58
1722,56.4,0.06,94.0,496.34,7.15,19.96,0.14,0.45
1723,56.48,0.0,100.0,492.53,11.32,15.79,0.22,0.57
1724,68.08,0.02,98.0,360.29,5.06,25.69,0.1,0.5
1725,64.04,0.02,98.0,246.85,1.85,25.35,0.39,0.56
1726,69.66,0.02,98.0,365.56,5.25,27.42,0.25,0.63
1727,44.26,0.07,93.0,508.47,4.12,28.7,0.31,0.76
1728,37.79,0.12,88.0,453.03,5.66,20.55,0.36,0.82
1729,49.76,0.01,99.0,286.49,6.87,21.08,0.65,0.59
1730,61.5,0.01,99.0,224.1,6.82,26.36,0.49,0.68
1731,51.45,0.07,93.0,340.32,2.04,18.6,0.36,0.87
1732,70.59,0.02,98.0,234.81,2.86,30.42,0.15,0.71
1733,65.51,0.03,97.0,223.14,1.5,35.33,0.34,0.74
1734,58.93,0.02,98.0,176.77,13.0,14.38,0.58,0.64
1735,58.35,0.0,100.0,299.41,3.99,28.71,0.52,0.41
1736,57.99,0.01,99.0,360.72,7.98,22.34,0.37,0.33
1737,58.24,0.01,99.0,200.96,3.81,35.64,0.49,0.37
1738,68.12,0.01,99.0,218.82,1.34,39.63,0.37,0.37
1739,45.69,0.01,99.0,648.85,4.09,39.34,0.52,0.44
1740,58.14,0.06,94.0,269.47,2.95,32.11,0.25,0.42
1741,66.32,0.02,98.0,260.24,2.83,29.04,0.43,0.34
1742,67.89,0.0,100.0,284.25,13.0,13.58,0.39,0.54
1743,51.98,0.01,99.0,267.49,3.31,42.65,0.61,0.58
1744,62.11,0.02,98.0,224.75,2.56,40.53,0.47,0.53
1745,72.11,0.01,99.0,198.18,2.22,37.45,0.26,0.56
1746,56.21,0.01,99.0,279.11,7.25,19.16,0.58,0.53
1747,56.78,0.02,98.0,160.94,7.64,21.33,0.67,0.52
1748,68.49,0.01,99.0,144.34,2.24,32.28,0.45,0.49
1749,57.46,0.0,100.0,499.19,5.89,28.19,0.2,0.47
1750,50.47,0.0,100.0,315.88,4.88,46.62,0.7,0.67
1751,56.46,0.02,98.0,349.02,4.1,37.92,0.52,0.53
1752,57.38,0.0,100.0,557.18,6.26,30.83,0.2,0.61
1753,63.8,0.0,100.0,254.22,10.66,19.44,0.39,0.81
1754,61.96,0.01,99.0,256.38,6.75,32.02,0.41,0.64
1755,53.21,0.01,99.0,351.4,8.91,22.23,0.57,0.7
1756,72.55,0.02,98.0,233.63,4.62,37.41,0.22,0.64
1757,66.17,0.01,99.0,256.24,2.75,40.83,0.21,0.71
1758,60.9,0.02,98.0,270.92,3.73,35.96,0.44,0.63
1759,36.93,0.09,91.0,401.12,7.93,12.73,0.59,0.78
1760,64.18,0.0,100.0,253.17,3.13,30.24,0.49,0.73
1761,74.17,0.0,100.0,217.06,2.61,32.08,0.34,0.67
1762,63.41,0.01,99.0,292.41,6.89,22.69,0.43,0.47
1763,51.58,0.02,98.0,356.52,2.84,35.84,0.53,0.44
1764,46.93,0.07,93.0,462.74,3.85,31.38,0.39,0.65
1765,58.08,0.0,100.0,333.25,2.65,36.26,0.58,0.73
1766,64.35,0.0,100.0,266.35,8.74,20.92,0.36,0.66
1767,65.65,0.03,97.0,261.98,1.35,42.76,0.36,0.65
1768,70.56,0.02,98.0,249.95,3.02,36.83,0.28,0.74
1769,46.12,0.11,89.0,398.32,3.47,22.38,0.38,0.8
1770,58.72,0.02,98.0,290.6,6.94,30.91,0.43,0.58
1771,75.41,0.0,100.0,293.39,6.7,21.56,0.15,0.75
1772,66.06,0.0,100.0,219.59,3.95,37.75,0.36,0.68
1773,58.1,0.03,97.0,175.58,3.51,26.81,0.6,0.56
1774,59.89,0.0,100.0,267.13,3.38,43.32,0.48,0.67
1775,52.81,0.02,98.0,266.0,4.16,37.06,0.68,0.67
1776,55.85,0.0,100.0,253.22,5.67,36.96,0.53,0.63
1777,31.34,0.17,83.0,290.98,7.42,11.16,0.56,0.66
1778,63.87,0.03,97.0,256.52,5.12,28.21,0.32,0.39
1779,65.09,0.03,97.0,388.08,1.83,35.94,0.19,0.4
1780,47.58,0.03,97.0,499.46,6.87,26.89,0.28,0.46
1781,58.77,0.02,98.0,270.38,6.42,26.26,0.5,0.68
1782,57.61,0.02,98.0,385.69,7.86,20.8,0.37,0.78
1783,72.83,0.01,99.0,207.44,1.82,32.61,0.14,0.59
1784,63.4,0.0,100.0,256.73,3.5,40.66,0.46,0.81
1785,50.86,0.0,100.0,318.75,12.82,13.13,0.67,0.76
1786,61.49,0.02,98.0,218.81,4.39,36.93,0.45,0.66
1787,54.91,0.03,97.0,242.05,2.57,36.6,0.58,0.61
1788,67.44,0.0,100.0,235.74,3.71,22.07,0.43,0.77
1789,68.89,0.0,100.0,238.56,6.32,30.22,0.27,0.59
1790,74.77,0.0,100.0,254.47,7.04,26.21,0.14,0.69
1791,70.7,0.01,99.0,251.33,3.73,33.88,0.29,0.76
1792,49.89,0.02,98.0,371.96,11.18,17.31,0.51,0.62
1793,68.38,0.0,100.0,315.92,13.36,16.79,0.3,0.77
1794,64.18,0.0,100.0,302.49,3.77,36.96,0.5,0.65
1795,59.77,0.02,98.0,437.81,2.39,39.25,0.33,0.48
1796,56.87,0.03,97.0,354.06,6.72,41.22,0.48,0.48
1797,56.36,0.0,100.0,271.88,2.57,38.31,0.56,0.59
1798,58.39,0.0,100.0,369.42,6.66,21.56,0.49,0.48
1799,45.1,0.01,99.0,546.55,9.54,19.24,0.56,0.47
1800,36.76,0.04,96.0,543.58,6.54,27.57,0.38,0.39
1801,67.74,0.01,99.0,203.72,4.93,27.83,0.38,0.64
1802,62.71,0.0,100.0,224.56,4.08,35.85,0.55,0.53
1803,72.67,0.01,99.0,283.06,4.49,26.13,0.2,0.47
1804,60.23,0.0,100.0,512.44,5.44,27.32,0.23,0.5
1805,63.48,0.0,100.0,318.18,1.76,35.86,0.4,0.61
1806,62.7,0.01,99.0,303.57,11.01,17.99,0.44,0.54
1807,51.55,0.03,97.0,319.84,6.48,21.16,0.51,0.61
1808,47.1,0.02,98.0,413.58,8.24,18.75,0.57,0.56
1809,52.55,0.0,100.0,341.28,3.08,38.9,0.63,0.6
1810,44.77,0.08,92.0,399.14,5.52,17.25,0.44,0.8
1811,64.34,0.0,100.0,234.25,8.53,21.81,0.51,0.54
1812,47.64,0.02,98.0,501.49,2.79,34.3,0.46,0.44
1813,69.93,0.04,96.0,253.03,2.92,38.78,0.18,0.51
1814,64.41,0.01,99.0,248.77,3.95,42.6,0.56,0.64
1815,58.08,0.01,99.0,438.14,5.34,34.84,0.3,0.51
1816,38.22,0.11,89.0,308.9,3.39,15.47,0.61,0.67
1817,68.94,0.0,100.0,218.61,3.58,37.96,0.47,0.58
1818,73.2,0.02,98.0,214.27,1.43,38.3,0.23,0.58
1819,71.79,0.0,100.0,285.59,7.53,23.43,0.22,0.65
1820,67.56,0.01,99.0,242.52,2.57,37.91,0.35,0.7
1821,50.25,0.01,99.0,310.39,2.39,43.95,0.66,0.57
1822,56.54,0.02,98.0,246.07,14.86,9.98,0.58,0.56
1823,80.7,0.0,100.0,237.36,3.16,31.85,0.14,0.43
1824,63.96,0.01,99.0,255.46,2.83,38.06,0.44,0.41
1825,63.35,0.01,99.0,281.13,4.18,42.69,0.42,0.63
1826,52.72,0.07,93.0,269.43,4.62,16.4,0.42,0.8
1827,43.68,0.08,92.0,326.04,7.74,11.14,0.52,0.66
1828,53.39,0.05,95.0,156.07,7.38,18.0,0.63,0.65
1829,63.91,0.01,99.0,258.64,2.65,36.99,0.43,0.59
1830,53.32,0.02,98.0,419.11,13.0,10.6,0.45,0.54
1831,64.15,0.0,100.0,313.03,4.26,32.64,0.46,0.55
1832,39.22,0.12,88.0,248.76,6.28,16.59,0.58,0.6
1833,71.9,0.02,98.0,246.58,2.27,40.04,0.22,0.41
1834,63.01,0.01,99.0,359.75,7.52,22.15,0.3,0.48
1835,56.19,0.03,97.0,304.73,4.25,41.01,0.48,0.51
1836,62.26,0.05,95.0,288.3,3.48,32.19,0.24,0.62
1837,64.28,0.0,100.0,254.87,3.65,38.91,0.5,0.57
1838,57.85,0.0,100.0,380.43,5.46,25.67,0.38,0.5
1839,35.22,0.13,87.0,376.81,7.32,11.1,0.51,0.53
1840,58.99,0.01,99.0,269.79,3.22,28.91,0.5,0.57
1841,33.8,0.13,87.0,357.85,6.26,9.91,0.57,0.84
1842,53.94,0.09,91.0,295.63,2.59,31.95,0.23,0.63
1843,55.44,0.01,99.0,330.99,6.82,20.72,0.54,0.61
1844,66.21,0.01,99.0,284.91,4.39,34.29,0.37,0.84
1845,45.43,0.06,94.0,536.06,7.95,19.82,0.25,0.8
1846,49.53,0.07,93.0,280.68,3.54,22.41,0.5,0.81
1847,65.88,0.02,98.0,258.42,2.42,34.92,0.33,0.68
1848,56.15,0.0,100.0,336.65,10.41,17.12,0.51,0.59
1849,58.2,0.05,95.0,234.8,5.25,14.51,0.41,0.8
1850,54.72,0.06,94.0,196.72,1.9,31.93,0.51,0.78
1851,54.44,0.02,98.0,343.6,8.9,35.07,0.51,0.72
1852,70.66,0.0,100.0,334.98,3.31,23.22,0.19,0.73
1853,49.91,0.1,90.0,312.72,6.42,16.76,0.31,0.78
1854,56.68,0.0,100.0,337.11,3.4,40.42,0.55,0.79
1855,65.01,0.0,100.0,335.35,4.92,26.93,0.35,0.67
1856,55.5,0.0,100.0,282.87,3.5,36.39,0.56,0.64
1857,64.21,0.01,99.0,294.42,3.56,26.65,0.25,0.61
1858,56.7,0.0,100.0,410.77,11.17,17.79,0.47,0.71
1859,57.62,0.01,99.0,333.95,9.58,17.04,0.44,0.62
1860,56.94,0.01,99.0,401.45,5.21,30.55,0.38,0.64
1861,67.09,0.02,98.0,170.74,6.53,22.68,0.43,0.63
1862,71.98,0.01,99.0,286.63,2.23,34.48,0.25,0.54
1863,67.44,0.01,99.0,257.31,3.67,37.81,0.38,0.68
1864,63.36,0.0,100.0,338.7,6.28,28.5,0.38,0.73
1865,50.2,0.0,100.0,480.89,5.68,29.88,0.51,0.69
1866,58.13,0.03,97.0,215.35,3.33,30.25,0.56,0.69
1867,56.59,0.0,100.0,461.15,12.36,15.1,0.28,0.56
1868,50.59,0.01,99.0,404.89,6.52,32.78,0.54,0.55
1869,55.58,0.01,99.0,460.72,2.86,26.8,0.29,0.63
1870,65.31,0.01,99.0,231.21,7.56,19.24,0.39,0.58
1871,70.95,0.0,100.0,235.38,4.26,30.01,0.25,0.72
1872,59.15,0.0,100.0,338.52,2.82,35.85,0.42,0.68
1873,61.13,0.02,98.0,287.5,13.55,13.71,0.35,0.63
1874,49.5,0.05,95.0,305.71,12.13,11.3,0.45,0.54
1875,64.18,0.01,99.0,315.61,3.35,39.62,0.22,0.65
1876,58.65,0.0,100.0,324.87,4.12,35.84,0.47,0.72
1877,42.61,0.02,98.0,426.21,2.33,36.38,0.68,0.52
1878,60.2,0.0,100.0,279.09,11.21,21.06,0.47,0.43
1879,57.1,0.01,99.0,373.35,1.96,38.56,0.41,0.45
1880,63.46,0.02,98.0,444.19,4.21,29.58,0.14,0.45
1881,55.94,0.01,99.0,451.04,8.97,24.82,0.37,0.54
1882,72.95,0.0,100.0,258.97,4.94,25.14,0.21,0.41
1883,54.23,0.01,99.0,368.43,2.87,36.73,0.53,0.6
1884,56.37,0.0,100.0,626.07,4.5,31.47,0.22,0.68
1885,53.94,0.03,97.0,271.76,3.41,28.29,0.51,0.47
1886,47.72,0.01,99.0,463.03,2.97,31.6,0.63,0.68
1887,43.38,0.07,93.0,513.78,6.49,17.24,0.21,0.45
1888,60.73,0.0,100.0,386.01,8.28,23.97,0.46,0.43
1889,48.12,0.0,100.0,585.11,12.72,16.37,0.39,0.48
1890,62.72,0.02,98.0,318.23,4.98,25.08,0.32,0.46
1891,70.8,0.01,99.0,271.12,4.03,29.05,0.32,0.5
1892,58.75,0.07,93.0,248.28,7.74,11.17,0.41,0.41
1893,63.62,0.01,99.0,423.76,5.75,23.6,0.34,0.52
1894,60.37,0.01,99.0,404.65,7.64,21.17,0.34,0.6
1895,61.55,0.01,99.0,272.52,2.17,41.86,0.37,0.42
1896,60.27,0.03,97.0,396.09,5.65,27.09,0.31,0.47
1897,58.75,0.0,100.0,340.46,4.36,39.61,0.53,0.52
1898,59.25,0.01,99.0,417.2,2.73,39.22,0.33,0.42
1899,56.67,0.01,99.0,355.11,2.0,38.65,0.5,0.41
1900,50.2,0.02,98.0,388.64,7.29,30.61,0.44,0.4
1901,67.77,0.0,100.0,238.88,11.62,19.89,0.45,0.54
1902,46.73,0.02,98.0,361.26,5.12,26.52,0.55,0.41
1903,55.16,0.01,99.0,362.26,11.23,16.87,0.53,0.41
1904,57.54,0.0,100.0,298.75,15.7,11.19,0.53,0.43
1905,56.12,0.01,99.0,412.13,3.91,39.85,0.45,0.37
1906,62.38,0.01,99.0,448.86,4.58,31.59,0.1,0.53
1907,54.84,0.04,96.0,363.04,2.42,27.18,0.38,0.4
1908,48.81,0.03,97.0,476.28,6.16,23.58,0.34,0.44
1909,70.5,0.0,100.0,281.48,2.45,35.24,0.29,0.38
1910,73.02,0.0,100.0,286.94,3.83,38.66,0.3,0.51
1911,48.9,0.09,91.0,191.53,6.43,18.07,0.57,0.62
1912,63.29,0.05,95.0,276.74,3.29,24.38,0.25,0.58
1913,57.57,0.01,99.0,291.48,2.97,32.69,0.52,0.48
1914,53.47,0.02,98.0,260.32,2.48,40.73,0.59,0.42
1915,54.71,0.02,98.0,365.79,8.54,19.24,0.47,0.55
1916,62.39,0.03,97.0,355.73,4.47,28.82,0.23,0.48
1917,61.09,0.0,100.0,381.16,7.12,33.52,0.33,0.61
1918,55.64,0.02,98.0,334.65,13.51,10.62,0.55,0.4
1919,46.77,0.08,92.0,311.2,1.6,22.92,0.45,0.43
1920,73.52,0.0,100.0,371.53,3.39,34.15,0.11,0.46
1921,71.07,0.0,100.0,287.48,2.51,34.19,0.28,0.44
1922,49.92,0.0,100.0,546.57,3.97,38.35,0.41,0.5
1923,54.4,0.01,99.0,419.69,3.94,36.96,0.46,0.38
1924,64.31,0.01,99.0,438.93,8.06,30.96,0.24,0.38
1925,69.35,0.0,100.0,335.42,5.4,27.52,0.3,0.32
1926,62.34,0.02,98.0,489.8,10.32,16.39,0.18,0.32
1927,54.61,0.02,98.0,346.44,9.36,21.31,0.5,0.36
1928,62.8,0.04,96.0,208.25,5.31,29.91,0.4,0.44
1929,52.87,0.02,98.0,364.54,6.35,21.98,0.51,0.57
1930,56.86,0.02,98.0,388.55,11.87,16.66,0.29,0.46
1931,55.22,0.01,99.0,359.7,7.31,21.7,0.57,0.38
1932,48.23,0.09,91.0,252.64,2.8,15.29,0.5,0.71
1933,42.24,0.1,90.0,272.97,7.97,12.98,0.55,0.44
1934,54.97,0.01,99.0,347.68,2.49,35.96,0.51,0.4
1935,60.37,0.0,100.0,535.51,13.28,12.95,0.28,0.48
1936,59.08,0.03,97.0,334.74,13.11,12.35,0.28,0.38
1937,63.76,0.04,96.0,202.14,2.05,22.2,0.4,0.51
1938,58.06,0.02,98.0,358.92,8.23,23.33,0.24,0.7
1939,55.59,0.02,98.0,319.58,1.66,30.11,0.52,0.41
1940,53.04,0.02,98.0,361.85,2.43,43.04,0.51,0.47
1941,71.49,0.01,99.0,284.43,4.29,38.66,0.33,0.52
1942,58.44,0.02,98.0,326.53,6.08,30.07,0.49,0.41
1943,53.95,0.03,97.0,201.06,3.21,36.75,0.61,0.6
1944,57.29,0.01,99.0,411.26,11.2,18.31,0.35,0.63
1945,46.6,0.02,98.0,448.05,6.53,25.71,0.47,0.43
1946,62.0,0.01,99.0,203.26,7.0,26.28,0.6,0.57
1947,68.33,0.03,97.0,199.6,1.47,33.96,0.34,0.4
1948,59.66,0.02,98.0,130.35,2.13,39.25,0.63,0.43
1949,55.43,0.0,100.0,408.26,16.0,10.11,0.53,0.42
1950,62.12,0.02,98.0,317.92,6.29,25.33,0.37,0.35
1951,45.62,0.01,99.0,465.02,12.85,15.4,0.46,0.33
1952,65.13,0.01,99.0,256.81,2.19,34.38,0.41,0.33
1953,63.34,0.0,100.0,330.47,14.06,13.23,0.36,0.58
1954,47.58,0.02,98.0,571.07,7.63,31.45,0.49,0.56
1955,50.71,0.0,100.0,555.13,10.66,17.81,0.4,0.49
1956,57.44,0.0,100.0,453.65,7.08,28.83,0.37,0.49
1957,58.29,0.01,99.0,336.7,2.72,35.26,0.45,0.32
1958,48.54,0.06,94.0,274.46,11.7,15.3,0.45,0.33
1959,52.79,0.02,98.0,352.41,6.6,30.57,0.54,0.5
1960,48.41,0.04,96.0,331.23,1.93,36.08,0.6,0.45
1961,49.69,0.0,100.0,320.84,13.87,15.41,0.62,0.61
1962,54.99,0.02,98.0,367.84,10.02,24.08,0.45,0.43
1963,43.89,0.0,100.0,481.96,12.57,14.94,0.64,0.35
1964,62.04,0.01,99.0,337.39,5.82,33.14,0.4,0.39
1965,72.09,0.01,99.0,192.05,2.68,36.54,0.34,0.36
1966,43.1,0.07,93.0,314.72,2.99,35.39,0.44,0.38
1967,60.65,0.05,95.0,237.07,1.72,30.96,0.32,0.51
1968,48.66,0.01,99.0,453.8,6.77,22.45,0.51,0.57
1969,60.84,0.03,97.0,330.08,2.1,38.27,0.39,0.57
1970,49.57,0.04,96.0,375.29,11.53,18.24,0.44,0.69
1971,62.19,0.0,100.0,358.37,12.66,17.16,0.36,0.42
1972,36.76,0.03,97.0,458.43,15.38,9.91,0.72,0.55
1973,42.59,0.07,93.0,328.54,6.73,18.57,0.64,0.47
1974,36.62,0.1,90.0,375.32,7.8,12.79,0.52,0.53
1975,55.13,0.0,100.0,490.24,7.53,23.52,0.37,0.53
1976,53.57,0.0,100.0,344.61,13.67,14.65,0.63,0.46
1977,54.41,0.01,99.0,384.84,10.54,17.39,0.5,0.49
1978,49.54,0.01,99.0,305.24,15.43,9.53,0.72,0.44
1979,45.18,0.13,87.0,219.73,1.99,24.09,0.47,0.73
1980,51.32,0.0,100.0,414.07,12.25,14.1,0.56,0.54
1981,54.26,0.0,100.0,383.76,3.54,31.52,0.56,0.58
1982,61.72,0.04,96.0,227.76,7.12,21.3,0.45,0.68
1983,55.15,0.01,99.0,322.9,3.14,42.24,0.54,0.49
1984,63.82,0.0,100.0,357.7,8.36,28.22,0.31,0.38
1985,54.76,0.03,97.0,320.93,6.03,22.16,0.55,0.36
1986,81.94,0.01,99.0,118.41,1.0,19.82,0.19,0.37
1987,53.38,0.03,97.0,242.57,14.98,10.99,0.57,0.56
1988,57.9,0.01,99.0,407.13,7.88,22.05,0.43,0.46
1989,62.08,0.02,98.0,313.97,4.01,35.55,0.42,0.5
1990,57.3,0.01,99.0,318.3,10.84,20.51,0.44,0.57
1991,63.68,0.01,99.0,284.98,1.48,28.5,0.37,0.52
1992,55.43,0.0,100.0,311.34,16.0,9.03,0.59,0.45
1993,52.89,0.0,100.0,341.61,13.6,13.45,0.63,0.43
1994,56.79,0.0,100.0,297.28,12.3,14.06,0.63,0.42
1995,43.11,0.02,98.0,386.69,14.4,11.59,0.68,0.44
1996,49.47,0.04,96.0,342.33,7.23,25.9,0.3,0.56
1997,58.88,0.02,98.0,398.02,5.77,34.75,0.34,0.35
1998,62.42,0.0,100.0,337.43,7.52,28.43,0.35,0.36
1999,47.94,0.01,99.0,401.32,6.49,27.83,0.58,0.37
2000,65.45,0.0,100.0,357.33,11.35,16.79,0.38,0.44
