1,45.65,0.18,82.0,363.59,4.36,29.2,0.24,0.63
2,7.75,0.23,77.0,342.44,10.01,21.41,0.15,0.61
3,29.93,0.15,85.0,435.49,8.07,25.45,0.08,0.76
4,27.67,0.2,80.0,472.72,7.06,31.32,0.13,0.5
5,10.27,0.18,82.0,482.79,10.83,17.13,0.28,0.35
6,26.52,0.21,79.0,338.68,6.98,24.38,0.25,0.37
7,13.68,0.29,71.0,495.54,6.98,24.79,0.21,0.59
8,48.51,0.21,79.0,293.28,2.8,34.02,0.18,0.64
9,18.4,0.2,80.0,475.15,8.8,27.54,0.19,0.59
10,38.28,0.21,79.0,375.64,4.74,32.59,0.04,0.34
11,33.73,0.15,85.0,400.32,7.4,28.17,0.19,0.34
12,49.8,0.21,79.0,329.51,2.56,33.8,0.13,0.29
13,18.01,0.23,77.0,455.73,8.01,22.3,0.28,0.28
14,31.57,0.16,84.0,206.34,7.51,20.58,0.1,0.39
15,41.72,0.2,80.0,354.07,4.43,29.2,0.18,0.48
16,44.46,0.17,83.0,408.79,4.89,31.17,0.14,0.24
17,40.4,0.17,83.0,358.75,5.63,26.7,0.21,0.24
18,19.55,0.2,80.0,280.6,8.58,21.32,0.21,0.36
19,8.2,0.19,81.0,386.48,10.96,17.47,0.16,0.34
20,31.73,0.18,82.0,262.8,6.9,29.8,0.14,0.42
21,-4.53,0.2,80.0,397.14,13.1,12.32,0.17,0.26
22,8.14,0.22,78.0,318.85,10.2,21.65,0.19,0.23
23,-15.6,0.24,76.0,388.8,14.34,11.89,0.29,0.33
24,51.13,0.17,83.0,426.44,3.69,35.62,0.14,0.34
25,19.52,0.15,85.0,450.89,9.91,17.34,0.22,0.33
26,8.22,0.19,81.0,166.37,10.96,19.7,0.16,0.44
27,52.86,0.22,78.0,399.61,1.6,39.51,0.18,0.3
28,32.4,0.18,82.0,289.71,6.78,21.95,0.15,0.37
29,22.21,0.18,82.0,455.86,8.64,27.23,0.2,0.35
30,8.99,0.22,78.0,394.84,10.04,17.75,0.36,0.34
31,16.36,0.24,76.0,384.36,8.03,25.97,0.15,0.42
32,7.1,0.13,87.0,346.99,12.53,13.85,0.26,0.49
33,54.87,0.17,83.0,399.72,3.01,34.33,0.1,0.41
34,21.73,0.24,76.0,304.24,6.97,21.82,0.2,0.51
35,18.85,0.24,76.0,400.86,7.54,26.22,0.27,0.53
36,19.93,0.2,80.0,311.44,8.51,22.7,0.22,0.51
37,58.76,0.16,84.0,302.66,2.65,34.26,0.12,0.48
38,-0.47,0.21,79.0,185.67,12.1,17.71,0.14,0.59
39,24.73,0.27,73.0,323.77,5.37,29.8,0.1,0.51
40,10.24,0.25,75.0,385.6,8.95,24.51,0.13,0.31
41,17.11,0.17,83.0,329.96,9.84,22.29,0.31,0.33
42,-1.0,0.31,69.0,417.3,9.48,20.94,0.41,0.6
43,52.35,0.24,76.0,223.25,1.33,34.78,0.2,0.5
44,53.2,0.18,82.0,480.76,2.98,40.1,0.05,0.5
45,20.86,0.21,79.0,522.46,8.05,24.58,0.29,0.48
46,16.81,0.19,81.0,499.67,9.37,17.65,0.27,0.41
47,48.32,0.15,85.0,266.91,4.83,33.24,0.14,0.53
48,29.16,0.16,84.0,209.66,7.94,23.58,0.15,0.25
49,24.47,0.18,82.0,383.63,8.23,21.5,0.23,0.31
50,22.92,0.14,86.0,251.87,9.56,18.34,0.37,0.24
51,4.34,0.26,74.0,338.92,9.85,17.71,0.34,0.23
52,21.92,0.23,77.0,291.64,7.25,29.53,0.1,0.2
53,2.34,0.23,77.0,303.47,11.06,19.99,0.21,0.2
54,23.35,0.2,80.0,366.82,7.87,24.95,0.27,0.19
55,7.31,0.25,75.0,482.92,9.54,22.68,0.25,0.2
56,9.27,0.22,78.0,202.08,9.99,18.24,0.32,0.41
57,15.75,0.17,83.0,296.31,10.08,21.3,0.25,0.28
58,43.77,0.22,78.0,421.65,3.35,41.6,0.13,0.35
59,52.91,0.18,82.0,461.36,3.03,30.37,0.22,0.59
60,-2.13,0.23,77.0,272.28,11.94,17.46,0.28,0.32
61,28.93,0.22,78.0,287.82,6.21,26.62,0.19,0.24
62,33.52,0.24,76.0,296.33,4.65,32.22,0.21,0.32
63,14.22,0.2,80.0,362.51,9.58,16.5,0.23,0.32
64,34.48,0.22,78.0,229.54,5.14,28.32,0.35,0.31
65,25.71,0.18,82.0,550.61,8.01,27.04,0.13,0.35
66,35.54,0.2,80.0,391.86,5.59,32.73,0.21,0.36
67,59.14,0.2,80.0,295.83,1.54,34.34,0.36,0.4
68,51.34,0.15,85.0,477.96,4.29,30.05,0.25,0.25
69,34.58,0.22,78.0,498.09,5.12,29.58,0.09,0.47
70,13.95,0.2,80.0,373.24,9.63,20.49,0.29,0.24
71,18.54,0.14,86.0,301.06,10.32,17.94,0.19,0.26
72,51.41,0.15,85.0,293.2,4.28,31.44,0.18,0.37
73,22.93,0.24,76.0,303.85,6.74,20.62,0.29,0.29
74,60.07,0.16,84.0,322.0,2.42,32.96,0.29,0.31
75,23.54,0.14,86.0,443.94,9.45,20.42,0.3,0.23
76,30.67,0.18,82.0,403.13,7.1,27.73,0.21,0.25
77,17.88,0.29,71.0,379.81,6.1,23.94,0.2,0.37
78,25.97,0.19,81.0,278.84,7.67,22.87,0.18,0.26
79,46.33,0.18,82.0,272.25,4.23,32.51,0.29,0.25
80,39.21,0.18,82.0,466.75,5.53,27.86,0.13,0.29
81,54.78,0.17,83.0,322.68,3.03,33.9,0.33,0.33
82,43.87,0.19,81.0,489.25,4.36,25.45,0.27,0.23
83,16.16,0.22,78.0,299.32,8.66,26.18,0.26,0.47
84,43.36,0.2,80.0,461.06,4.12,30.97,0.2,0.56
85,28.27,0.16,84.0,260.1,8.09,21.14,0.34,0.4
86,30.49,0.17,83.0,487.74,7.42,27.48,0.21,0.24
87,58.91,0.21,79.0,355.81,1.59,37.89,0.16,0.23
88,33.13,0.24,76.0,340.62,4.73,30.3,0.21,0.19
89,45.33,0.12,88.0,430.15,6.23,26.21,0.14,0.19
90,40.21,0.2,80.0,362.49,4.71,26.85,0.2,0.19
91,50.98,0.13,87.0,289.78,4.97,30.68,0.16,0.32
92,-7.0,0.21,79.0,413.06,13.34,14.09,0.23,0.26
93,-4.0,0.2,80.0,471.68,13.0,16.98,0.1,0.23
94,43.95,0.15,85.0,414.69,5.6,23.69,0.24,0.26
95,28.83,0.23,77.0,392.56,5.9,22.31,0.3,0.34
96,43.2,0.18,82.0,335.24,4.8,28.48,0.18,0.39
97,76.0,0.29,71.0,259.48,1.0,25.48,0.12,0.35
98,63.79,0.08,92.0,319.19,4.29,28.62,0.19,0.38
99,39.55,0.26,74.0,398.82,2.71,41.37,0.28,0.3
100,3.74,0.25,75.0,297.5,10.25,19.4,0.19,0.4
101,40.11,0.25,75.0,196.96,2.98,32.56,0.23,0.62
102,-7.23,0.21,79.0,448.44,13.39,13.87,0.4,0.47
103,3.17,0.21,79.0,469.89,11.41,16.7,0.29,0.31
104,38.06,0.19,81.0,379.2,5.43,24.5,0.22,0.37
105,4.2,0.21,79.0,425.93,11.22,16.21,0.18,0.64
106,18.87,0.11,89.0,506.76,10.97,19.59,0.25,0.54
107,32.85,0.12,88.0,262.35,8.35,28.94,0.29,0.69
108,63.82,0.18,82.0,240.84,1.76,33.66,0.25,0.53
109,38.79,0.18,82.0,475.3,5.61,23.71,0.2,0.61
110,44.78,0.17,83.0,426.97,4.84,26.4,0.31,0.43
111,7.07,0.11,89.0,277.11,12.95,13.99,0.33,0.34
112,12.2,0.17,83.0,586.76,10.72,18.92,0.19,0.91
113,41.28,0.15,85.0,366.32,6.07,23.42,0.3,1.02
114,20.71,0.18,82.0,379.86,8.92,22.62,0.18,0.84
115,25.38,0.18,82.0,398.07,8.06,26.64,0.22,0.62
116,28.31,0.17,83.0,393.99,7.81,27.43,0.28,0.43
117,39.47,0.18,82.0,431.28,5.49,26.62,0.14,0.45
118,18.77,0.2,80.0,445.98,8.73,23.67,0.23,0.29
119,25.59,0.18,82.0,484.62,8.03,26.1,0.2,0.51
120,53.91,0.16,84.0,427.28,3.52,38.98,0.22,0.57
121,39.13,0.18,82.0,517.13,5.55,23.3,0.17,0.46
122,55.75,0.23,77.0,415.43,1.44,29.5,0.27,0.35
123,10.08,0.24,76.0,439.63,9.27,23.23,0.2,0.42
124,11.99,0.19,81.0,277.29,10.26,20.1,0.15,0.32
125,23.66,0.21,79.0,498.75,7.52,26.57,0.17,0.34
126,-3.56,0.24,76.0,209.31,11.97,17.97,0.15,0.29
127,19.49,0.2,80.0,370.44,8.6,22.54,0.25,0.3
128,38.85,0.22,78.0,259.55,4.3,29.34,0.19,0.31
129,29.82,0.22,78.0,481.13,6.03,23.8,0.29,0.35
130,31.07,0.2,80.0,454.52,6.42,25.86,0.27,0.64
131,45.56,0.2,80.0,247.56,3.71,29.15,0.2,0.65
132,22.59,0.26,74.0,409.09,6.15,26.34,0.14,0.5
133,11.83,0.28,72.0,340.25,7.7,21.68,0.2,0.48
134,55.44,0.2,80.0,371.14,1.85,30.63,0.15,0.64
135,16.11,0.2,80.0,436.24,9.23,20.01,0.27,0.57
136,50.5,0.16,84.0,281.23,4.13,30.54,0.23,0.52
137,48.06,0.19,81.0,416.13,3.58,35.0,0.15,0.56
138,9.4,0.15,85.0,371.47,11.69,20.31,0.2,0.57
139,58.88,0.16,84.0,272.27,2.63,41.82,0.11,0.44
140,-0.53,0.16,84.0,492.86,13.24,14.24,0.18,0.53
141,36.61,0.16,84.0,491.72,6.61,26.97,0.17,0.58
142,29.65,0.17,83.0,237.81,7.57,29.04,0.15,0.41
143,22.15,0.16,84.0,406.32,9.19,24.25,0.2,0.42
144,26.14,0.2,80.0,385.04,7.35,26.16,0.2,0.64
145,64.33,0.15,85.0,467.57,2.0,38.04,0.1,0.45
146,30.69,0.15,85.0,355.33,7.94,23.61,0.07,0.53
147,7.33,0.18,82.0,392.7,11.37,19.6,0.2,0.5
148,18.76,0.22,78.0,410.42,8.16,21.02,0.34,0.45
149,25.63,0.18,82.0,391.56,8.02,28.18,0.26,0.42
150,35.19,0.14,86.0,372.36,7.42,26.74,0.25,0.51
151,14.36,0.18,82.0,326.83,10.08,20.93,0.27,0.62
152,49.01,0.21,79.0,294.45,2.71,39.59,0.24,0.89
153,20.0,0.12,88.0,410.63,10.55,25.28,0.14,0.38
154,47.9,0.13,87.0,191.66,5.5,27.13,0.25,0.42
155,20.99,0.12,88.0,243.44,10.38,17.41,0.26,0.34
156,43.11,0.19,81.0,313.66,4.5,30.77,0.13,0.31
157,46.2,0.14,86.0,507.96,5.5,24.85,0.23,0.3
158,36.0,0.22,78.0,432.61,4.85,28.16,0.26,0.61
159,20.13,0.17,83.0,450.76,9.29,17.64,0.19,0.59
160,36.98,0.15,85.0,551.54,6.83,30.93,0.21,0.65
161,17.85,0.11,89.0,346.91,11.14,15.63,0.3,0.58
162,45.6,0.12,88.0,378.91,6.18,27.85,0.25,0.45
163,25.7,0.22,78.0,390.09,6.83,19.51,0.28,0.6
164,15.0,0.21,79.0,454.48,9.16,21.29,0.16,0.52
165,-6.8,0.18,82.0,342.4,13.95,11.86,0.16,0.52
166,38.44,0.17,83.0,306.88,5.98,33.24,0.1,0.6
167,57.92,0.09,91.0,544.93,4.97,27.89,0.12,0.55
168,43.89,0.2,80.0,366.61,4.02,33.91,0.24,0.67
169,47.71,0.18,82.0,280.43,3.98,34.13,0.09,0.56
170,59.83,0.08,92.0,385.93,4.94,27.68,0.15,0.5
171,13.18,0.18,82.0,409.47,10.3,16.76,0.16,0.87
172,72.09,0.14,86.0,334.74,1.68,36.89,0.25,0.48
173,26.51,0.17,83.0,457.93,8.14,30.98,0.19,0.59
174,33.47,0.16,84.0,397.86,7.17,22.01,0.19,0.47
175,55.9,0.13,87.0,271.85,4.12,34.85,0.19,0.49
176,14.13,0.19,81.0,342.89,9.86,18.71,0.18,0.44
177,22.43,0.17,83.0,558.22,8.87,19.88,0.09,0.74
178,48.42,0.2,80.0,416.63,3.17,37.31,0.23,0.91
179,42.18,0.15,85.0,579.82,5.91,31.17,0.16,0.55
180,19.17,0.13,87.0,319.09,10.45,18.48,0.23,0.44
181,36.1,0.14,86.0,222.15,7.26,25.01,0.14,0.71
182,15.2,0.16,84.0,495.8,10.43,23.23,0.13,0.68
183,22.47,0.19,81.0,489.92,8.32,27.15,0.16,0.45
184,25.58,0.18,82.0,388.85,8.03,27.43,0.16,0.48
185,29.35,0.19,81.0,517.7,7.05,26.25,0.17,0.76
186,29.42,0.18,82.0,482.41,7.33,29.86,0.14,0.42
187,71.0,0.11,89.0,195.19,2.18,33.4,0.18,0.59
188,43.4,0.14,86.0,257.65,5.99,22.88,0.26,0.49
189,32.0,0.16,84.0,589.61,7.43,20.6,0.16,0.4
190,39.68,0.13,87.0,420.92,6.92,28.66,0.18,0.48
191,35.0,0.12,88.0,368.79,7.99,23.34,0.08,0.43
192,43.84,0.18,82.0,503.4,4.69,30.52,0.25,0.46
193,37.93,0.19,81.0,364.7,5.46,27.47,0.16,0.49
194,26.29,0.18,82.0,372.71,7.9,25.57,0.32,0.47
195,62.58,0.13,87.0,425.07,2.97,30.59,0.24,0.44
196,29.31,0.19,81.0,486.36,7.05,25.98,0.3,0.45
197,15.12,0.17,83.0,421.75,10.19,14.44,0.11,0.33
198,44.47,0.22,78.0,464.1,3.22,34.03,0.36,0.35
199,37.09,0.23,77.0,396.65,4.29,30.8,0.26,0.29
200,44.47,0.17,83.0,504.41,4.89,30.99,0.17,0.31
201,27.6,0.18,82.0,556.8,7.66,20.32,0.24,0.27
202,54.08,0.16,84.0,199.29,3.49,26.76,0.23,0.43
203,32.05,0.14,86.0,415.49,7.97,22.6,0.17,0.72
204,46.21,0.12,88.0,442.49,6.08,31.72,0.18,0.59
205,19.05,0.17,83.0,431.76,9.48,22.42,0.17,0.52
206,27.13,0.11,89.0,357.18,9.57,21.89,0.1,0.31
207,44.89,0.13,87.0,464.79,6.02,27.76,0.24,0.29
208,45.18,0.2,80.0,496.87,3.78,30.37,0.15,0.37
209,21.27,0.13,87.0,356.03,10.09,22.04,0.1,0.61
210,70.89,0.12,88.0,317.29,1.87,37.24,0.24,0.65
211,37.27,0.19,81.0,394.88,5.58,19.94,0.31,0.64
212,36.56,0.12,88.0,344.11,7.72,25.34,0.17,0.6
213,47.25,0.06,94.0,387.66,7.5,22.13,0.2,0.83
214,38.44,0.25,75.0,378.04,3.31,30.06,0.18,0.47
215,28.25,0.2,80.0,447.59,6.95,27.78,0.17,0.56
216,28.92,0.14,86.0,489.07,8.51,25.1,0.27,0.72
217,34.78,0.17,83.0,571.27,6.64,29.17,0.07,0.48
218,30.54,0.16,84.0,333.17,7.69,24.17,0.23,0.49
219,31.78,0.15,85.0,404.68,7.74,19.56,0.24,0.38
220,62.09,0.15,85.0,477.22,2.4,40.25,0.14,0.43
221,32.87,0.21,79.0,583.16,5.77,26.23,0.16,0.61
222,57.7,0.15,85.0,457.43,3.17,44.95,0.23,0.68
223,29.54,0.14,86.0,561.21,8.41,26.43,0.13,0.97
224,25.17,0.18,82.0,414.16,8.1,23.14,0.21,0.78
225,45.92,0.22,78.0,447.49,2.94,31.88,0.23,0.44
226,36.47,0.15,85.0,289.36,6.92,25.58,0.17,0.39
227,37.79,0.1,90.0,280.44,8.04,26.84,0.1,0.35
228,53.89,0.2,80.0,337.54,2.15,40.64,0.21,0.45
229,46.66,0.14,86.0,420.49,5.42,31.2,0.25,0.79
230,26.25,0.13,87.0,297.42,9.23,21.29,0.16,0.43
231,33.28,0.15,85.0,335.88,7.48,23.86,0.08,0.49
232,44.29,0.14,86.0,405.58,5.83,33.81,0.08,0.56
233,34.76,0.14,86.0,141.63,7.5,22.98,0.17,0.7
234,49.64,0.16,84.0,536.55,4.28,29.56,0.25,0.69
235,14.11,0.17,83.0,383.34,10.38,17.74,0.09,0.81
236,33.33,0.24,76.0,301.65,4.68,30.69,0.13,0.85
237,32.79,0.15,85.0,371.74,7.57,29.89,0.21,0.7
238,62.58,0.14,86.0,527.46,2.64,42.57,0.11,0.65
239,29.64,0.16,84.0,407.48,7.85,25.8,0.05,0.5
240,6.33,0.15,85.0,392.02,12.24,12.32,0.17,0.55
241,35.32,0.14,86.0,374.79,7.4,23.95,0.14,0.7
242,27.59,0.2,80.0,411.24,7.08,30.5,0.21,0.59
243,37.47,0.18,82.0,327.3,5.85,26.58,0.08,0.32
244,32.57,0.18,82.0,295.32,6.75,30.51,0.03,0.48
245,29.43,0.12,88.0,443.71,8.94,20.94,0.14,0.36
246,47.2,0.14,86.0,242.27,5.33,28.87,0.01,0.38
247,58.22,0.12,88.0,583.22,4.03,36.11,0.18,0.37
248,47.65,0.11,89.0,315.58,6.11,31.51,0.13,0.35
249,36.42,0.16,84.0,449.78,6.64,34.71,0.24,0.4
250,43.73,0.18,82.0,412.47,4.71,31.35,0.24,0.36
251,37.06,0.17,83.0,360.1,6.23,29.09,0.14,0.32
252,25.05,0.2,80.0,402.39,7.55,27.61,0.06,0.32
253,56.75,0.12,88.0,276.02,4.28,34.73,0.14,0.35
254,28.07,0.22,78.0,386.06,6.37,28.79,0.18,0.57
255,52.34,0.23,77.0,320.68,1.71,36.55,0.35,0.41
256,37.22,0.12,88.0,371.36,7.61,27.54,0.26,0.4
257,46.97,0.12,88.0,325.37,5.95,33.03,0.14,0.41
258,34.97,0.22,78.0,390.85,5.04,32.07,0.3,0.33
259,49.61,0.08,92.0,452.88,6.61,32.87,0.16,0.5
260,46.18,0.13,87.0,193.44,5.8,28.87,0.24,0.37
261,54.29,0.1,90.0,308.1,5.28,30.09,0.19,0.35
262,37.49,0.15,85.0,374.32,6.74,24.87,0.2,0.55
263,57.4,0.12,88.0,426.38,4.17,35.98,0.07,0.59
264,19.73,0.12,88.0,402.26,10.59,19.19,0.17,0.49
265,44.41,0.2,80.0,343.3,3.92,30.2,0.15,0.39
266,45.66,0.16,84.0,465.97,4.99,28.32,0.27,0.34
267,50.49,0.15,85.0,400.83,4.44,34.05,0.18,0.32
268,40.42,0.13,87.0,431.46,6.79,26.62,0.11,0.47
269,51.45,0.11,89.0,295.95,5.47,29.0,0.17,0.77
270,53.11,0.14,86.0,397.36,4.29,30.73,0.14,0.84
271,0.07,0.21,79.0,410.32,12.0,18.47,0.32,0.9
272,46.43,0.13,87.0,376.37,5.75,28.43,0.21,0.5
273,62.95,0.11,89.0,417.11,3.54,27.56,0.16,0.8
274,-2.0,0.17,83.0,281.27,13.29,12.74,0.19,0.75
275,26.28,0.15,85.0,305.38,8.72,27.63,0.2,0.95
276,44.3,0.16,84.0,548.64,5.23,29.75,0.31,0.82
277,16.73,0.11,89.0,359.2,11.33,14.99,0.15,0.58
278,41.86,0.19,81.0,417.76,4.73,34.33,0.33,0.51
279,54.17,0.22,78.0,353.9,1.35,31.23,0.24,0.44
280,51.21,0.17,83.0,295.72,3.67,31.33,0.25,0.54
281,38.87,0.15,85.0,464.17,6.49,28.66,0.23,0.4
282,46.68,0.18,82.0,385.99,4.17,33.01,0.31,0.34
283,59.56,0.18,82.0,318.9,1.81,38.25,0.17,0.34
284,25.11,0.16,84.0,347.01,8.66,26.36,0.12,0.47
285,49.85,0.11,89.0,207.49,5.74,32.86,0.3,0.37
286,34.46,0.16,84.0,538.62,6.99,23.79,0.19,0.48
287,20.6,0.17,83.0,404.28,9.2,22.83,0.29,0.58
288,12.53,0.12,88.0,314.6,11.82,15.61,0.27,0.52
289,69.26,0.12,88.0,399.29,2.15,39.68,0.17,0.45
290,22.98,0.18,82.0,420.85,8.5,20.24,0.4,0.7
291,65.46,0.15,85.0,315.24,1.8,34.43,0.21,0.76
292,57.71,0.15,85.0,538.84,3.17,27.77,0.14,0.82
293,23.0,0.17,83.0,408.11,8.77,30.31,0.13,0.44
294,10.14,0.19,81.0,407.6,10.6,17.77,0.18,0.54
295,40.87,0.17,83.0,521.31,5.54,22.49,0.15,0.52
296,44.09,0.1,90.0,416.34,6.99,20.99,0.11,0.57
297,29.78,0.2,80.0,349.87,6.67,27.98,0.24,0.65
298,62.74,0.15,85.0,334.68,2.28,35.67,0.03,0.53
299,53.6,0.21,79.0,343.47,1.84,36.11,0.16,0.69
300,63.77,0.15,85.0,402.04,2.1,36.59,0.24,0.63
301,61.08,0.08,92.0,371.85,4.74,34.27,0.11,0.58
302,75.17,0.08,92.0,267.39,2.44,33.78,0.26,0.71
303,65.0,0.11,89.0,353.63,3.19,28.98,0.09,0.57
304,54.44,0.14,86.0,359.43,4.06,36.6,0.33,0.51
305,39.16,0.15,85.0,337.27,6.44,33.18,0.13,0.48
306,30.8,0.12,88.0,224.6,8.7,24.34,0.25,0.79
307,43.6,0.08,92.0,425.57,7.59,25.75,0.34,0.76
308,35.91,0.17,83.0,383.06,6.44,25.99,0.26,0.4
309,29.66,0.17,83.0,476.35,7.57,28.78,0.13,0.44
310,40.94,0.11,89.0,417.82,7.25,30.42,0.25,0.62
311,48.5,0.14,86.0,343.61,5.1,33.84,0.2,0.33
312,51.33,0.12,88.0,391.51,5.2,29.02,0.13,0.35
313,53.21,0.15,85.0,435.46,3.96,36.97,0.26,0.31
314,34.71,0.13,87.0,375.16,7.77,22.68,0.07,0.34
315,48.07,0.07,93.0,595.79,7.12,26.2,0.28,0.34
316,44.82,0.15,85.0,450.71,5.44,34.96,0.16,0.32
317,46.0,0.16,84.0,301.2,4.93,37.16,0.19,0.35
318,51.17,0.11,89.0,340.05,5.52,34.3,0.11,0.32
319,58.8,0.13,87.0,484.86,3.62,34.49,0.16,0.39
320,47.53,0.15,85.0,347.95,4.96,34.44,0.18,0.47
321,19.4,0.21,79.0,605.22,8.33,24.99,0.12,0.32
322,46.46,0.13,87.0,467.31,5.75,32.87,0.32,0.46
323,23.74,0.21,79.0,404.4,7.51,23.18,0.13,0.49
324,24.07,0.17,83.0,419.73,8.58,30.73,0.31,0.57
325,80.82,0.09,91.0,381.02,1.52,36.45,0.2,0.55
326,33.6,0.14,86.0,421.23,7.7,23.01,0.28,0.49
327,50.2,0.14,86.0,461.46,4.8,34.31,0.14,0.81
328,19.54,0.19,81.0,338.91,8.86,25.08,0.22,0.74
329,44.98,0.14,86.0,550.45,5.71,28.14,0.12,0.66
330,31.33,0.18,82.0,383.26,6.98,29.77,0.23,0.4
331,46.23,0.17,83.0,418.18,4.57,30.96,0.27,0.32
332,74.06,0.1,90.0,315.69,1.99,34.17,0.28,0.39
333,72.15,0.09,91.0,279.88,2.62,31.66,0.09,0.3
334,45.54,0.12,88.0,289.57,6.19,29.35,0.14,0.32
335,59.18,0.14,86.0,480.51,3.24,32.28,0.37,0.31
336,50.6,0.15,85.0,401.4,4.42,33.42,0.19,0.31
337,52.71,0.18,82.0,457.36,3.07,35.56,0.09,0.35
338,46.14,0.1,90.0,521.85,6.64,33.11,0.17,0.39
339,41.67,0.19,81.0,366.55,4.76,28.9,0.07,0.33
340,76.65,0.08,92.0,479.27,2.2,36.88,0.2,0.32
341,35.26,0.15,85.0,409.39,7.13,28.47,0.15,0.33
342,48.97,0.17,83.0,351.52,4.08,26.54,0.39,0.36
343,55.4,0.13,87.0,552.75,4.21,33.88,0.23,0.33
344,49.48,0.12,88.0,460.19,5.52,33.33,0.18,0.33
345,37.94,0.1,90.0,391.34,8.01,31.56,0.21,0.33
346,59.19,0.13,87.0,214.81,3.55,31.97,0.34,0.38
347,49.69,0.16,84.0,361.32,4.27,33.96,0.1,0.35
348,6.67,0.2,80.0,433.38,11.0,19.16,0.22,0.33
349,43.4,0.1,90.0,342.53,7.1,22.47,0.31,0.4
350,42.92,0.11,89.0,316.83,6.91,28.79,0.18,0.37
351,45.76,0.17,83.0,484.94,4.66,25.84,0.23,0.36
352,39.25,0.2,80.0,386.64,4.89,36.61,0.28,0.3
353,61.26,0.14,86.0,477.17,2.87,37.77,0.2,0.31
354,31.95,0.17,83.0,495.45,7.15,22.68,0.32,0.33
355,49.05,0.11,89.0,400.4,5.88,28.26,0.09,0.37
356,39.71,0.12,88.0,349.89,7.19,22.98,0.16,0.31
357,29.59,0.21,79.0,338.25,6.39,33.56,0.22,0.29
358,64.76,0.13,87.0,515.14,2.59,38.37,0.35,0.32
359,41.9,0.14,86.0,586.53,6.25,30.42,0.33,0.31
360,4.4,0.18,82.0,522.98,11.9,14.52,0.37,0.36
361,50.72,0.1,90.0,370.31,5.88,33.48,0.16,0.37
362,60.34,0.15,85.0,563.79,2.7,38.91,0.28,0.39
363,28.07,0.13,87.0,484.15,8.92,24.53,0.29,0.38
364,57.58,0.09,91.0,440.69,5.02,32.28,0.29,0.34
365,39.59,0.12,88.0,535.29,7.21,32.59,0.35,0.34
366,39.02,0.16,84.0,473.51,6.17,30.75,0.04,0.31
367,34.39,0.18,82.0,249.92,6.42,23.3,0.29,0.42
368,61.9,0.11,89.0,534.01,3.71,36.42,0.15,0.36
369,53.12,0.11,89.0,470.79,5.19,31.39,0.25,0.39
370,34.4,0.2,80.0,428.46,5.8,29.31,0.37,0.36
371,38.8,0.1,90.0,430.64,7.87,29.1,0.27,0.33
372,40.68,0.14,86.0,401.34,6.46,37.61,0.33,0.39
373,59.42,0.09,91.0,543.2,4.72,33.03,0.13,0.34
374,52.15,0.1,90.0,342.83,5.64,32.07,0.16,0.4
375,40.57,0.17,83.0,418.74,5.59,29.82,0.26,0.3
376,53.0,0.16,84.0,397.0,3.68,26.74,0.22,0.39
377,31.29,0.17,83.0,521.29,7.27,27.61,0.16,0.43
378,72.16,0.07,93.0,377.98,3.23,30.13,0.11,0.35
379,52.86,0.07,93.0,356.25,6.35,24.96,0.06,0.37
380,50.09,0.15,85.0,470.56,4.51,33.81,0.23,0.3
381,69.58,0.11,89.0,488.09,2.42,36.63,0.22,0.36
382,54.57,0.14,86.0,441.01,4.04,35.93,0.11,0.31
383,-17.0,0.17,83.0,510.12,16.0,10.4,0.32,0.31
384,33.17,0.16,84.0,506.47,7.22,26.38,0.24,0.31
385,49.2,0.19,81.0,234.34,3.37,33.82,0.12,0.39
386,44.01,0.07,93.0,505.96,7.77,32.69,0.28,0.38
387,42.24,0.13,87.0,458.9,6.48,18.68,0.17,0.33
388,56.72,0.18,82.0,455.62,2.33,37.56,0.37,0.35
389,44.48,0.13,87.0,452.69,6.09,31.44,0.31,0.3
390,25.53,0.16,84.0,349.24,8.58,21.36,0.22,0.31
391,59.9,0.12,88.0,508.36,3.74,39.56,0.21,0.5
392,44.63,0.11,89.0,372.68,6.62,28.21,0.32,0.64
393,41.27,0.07,93.0,297.61,8.22,25.37,0.24,0.57
394,81.21,0.05,95.0,382.88,2.39,36.22,0.27,0.6
395,58.76,0.14,86.0,529.44,3.31,28.47,0.25,0.51
396,55.3,0.15,85.0,535.44,3.59,35.72,0.25,0.46
397,32.41,0.18,82.0,375.97,6.78,18.94,0.21,0.43
398,58.45,0.1,90.0,465.23,4.59,33.54,0.13,0.6
399,44.4,0.06,94.0,321.88,7.96,28.73,0.09,0.56
400,36.03,0.11,89.0,464.31,8.07,24.71,0.2,0.54
401,39.15,0.09,91.0,471.07,8.06,22.15,0.21,0.5
402,68.31,0.16,84.0,257.19,1.3,32.17,0.15,0.5
403,46.4,0.08,92.0,487.94,7.13,28.41,0.36,0.54
404,60.08,0.1,90.0,452.38,4.32,30.15,0.13,0.52
405,66.7,0.1,90.0,480.78,3.22,33.62,0.21,0.35
406,27.93,0.17,83.0,539.77,7.88,28.02,0.25,0.35
407,59.19,0.1,90.0,398.45,4.47,33.29,0.32,0.33
408,57.69,0.15,85.0,399.57,3.17,29.14,0.18,0.4
409,51.69,0.19,81.0,424.64,2.91,38.3,0.3,0.46
410,45.17,0.12,88.0,527.98,6.26,26.08,0.35,0.35
411,57.75,0.15,85.0,416.61,3.16,36.16,0.07,0.36
412,30.51,0.15,85.0,576.3,7.97,25.01,0.14,0.43
413,32.51,0.16,84.0,530.43,7.34,27.07,0.14,0.51
414,53.05,0.1,90.0,431.75,5.49,32.28,0.29,0.59
415,18.9,0.21,79.0,361.16,8.42,20.6,0.1,0.52
416,71.74,0.08,92.0,415.5,3.0,25.42,0.1,0.47
417,31.0,0.05,95.0,313.38,10.32,21.56,0.15,0.43
418,55.33,0.06,94.0,478.0,6.21,26.79,0.1,0.53
419,25.29,0.14,86.0,527.69,9.15,16.41,0.17,0.53
420,27.07,0.06,94.0,407.64,10.72,14.81,0.16,0.45
421,34.95,0.15,85.0,390.15,7.18,29.92,0.35,0.61
422,67.47,0.1,90.0,528.02,3.09,35.55,0.16,0.56
423,57.41,0.11,89.0,361.46,4.47,32.87,0.12,0.49
424,76.0,0.21,79.0,166.72,1.0,24.92,0.28,0.54
425,61.09,0.09,91.0,371.23,4.45,31.42,0.26,0.46
426,43.11,0.1,90.0,321.76,7.15,25.23,0.19,0.51
427,58.01,0.15,85.0,347.87,3.12,34.22,0.05,0.58
428,29.95,0.2,80.0,468.33,6.63,27.79,0.2,0.62
429,49.12,0.18,82.0,411.71,3.72,32.37,0.4,0.59
430,46.22,0.1,90.0,477.39,6.63,22.37,0.23,0.58
431,54.47,0.11,89.0,480.35,4.97,28.21,0.28,0.59
432,38.07,0.17,83.0,482.45,6.05,31.87,0.23,0.61
433,73.75,0.06,94.0,261.6,3.27,39.34,0.2,0.58
434,50.48,0.13,87.0,429.59,5.06,29.51,0.14,0.56
435,46.3,0.11,89.0,268.33,6.34,29.35,0.24,0.6
436,58.8,0.1,90.0,416.15,4.53,31.56,0.39,0.58
437,55.57,0.17,83.0,455.03,2.88,31.85,0.1,0.55
438,76.52,0.08,92.0,327.11,2.22,35.83,0.19,0.52
439,69.62,0.09,91.0,270.91,3.04,37.22,0.16,0.57
440,57.07,0.12,88.0,337.1,4.23,24.7,0.16,0.39
441,64.29,0.15,85.0,429.34,2.01,39.75,0.22,0.47
442,57.97,0.12,88.0,286.19,4.07,30.96,0.18,0.51
443,45.6,0.16,84.0,454.91,5.0,34.55,0.05,0.54
444,47.9,0.12,88.0,420.56,5.79,34.67,0.06,0.4
445,53.12,0.1,90.0,424.25,5.48,32.16,0.24,0.41
446,50.32,0.1,90.0,349.65,5.95,30.48,0.21,0.41
447,49.65,0.08,92.0,453.11,6.6,30.68,0.34,0.43
448,52.64,0.11,89.0,354.35,5.27,27.81,0.24,0.42
449,31.81,0.07,93.0,282.07,9.74,17.82,0.08,0.49
450,48.34,0.14,86.0,514.53,5.13,26.27,0.16,0.58
451,49.77,0.1,90.0,382.9,6.04,29.72,0.31,0.59
452,53.07,0.14,86.0,393.74,4.3,36.61,0.36,0.61
453,48.8,0.12,88.0,314.41,5.64,30.3,0.14,0.53
454,74.33,0.07,93.0,317.68,2.88,38.95,0.39,0.63
455,60.17,0.1,90.0,527.6,4.31,33.71,0.26,0.57
456,66.69,0.14,86.0,449.99,1.93,34.99,0.2,0.54
457,61.6,0.1,90.0,359.61,4.07,30.5,0.4,0.41
458,61.02,0.11,89.0,344.74,3.86,30.17,0.25,0.48
459,58.8,0.14,86.0,338.93,3.3,35.0,0.12,0.52
460,46.6,0.07,93.0,472.35,7.35,30.66,0.44,0.65
461,63.32,0.07,93.0,350.7,4.66,33.11,0.17,0.75
462,53.33,0.1,90.0,370.59,5.45,33.93,0.22,0.69
463,53.79,0.11,89.0,372.55,5.08,36.02,0.39,0.36
464,64.39,0.14,86.0,578.08,2.33,40.66,0.36,0.37
465,39.62,0.17,83.0,511.62,5.77,25.06,0.29,0.31
466,42.33,0.15,85.0,413.61,5.88,28.49,0.37,0.37
467,49.06,0.08,92.0,365.56,6.7,33.04,0.22,0.41
468,31.87,0.14,86.0,507.17,8.0,18.54,0.35,0.36
469,41.71,0.11,89.0,381.95,7.12,28.84,0.17,0.34
470,43.93,0.07,93.0,410.54,7.78,23.52,0.38,0.38
471,61.33,0.07,93.0,548.59,4.98,32.4,0.23,0.39
472,45.11,0.15,85.0,446.63,5.39,34.25,0.34,0.36
473,50.54,0.14,86.0,522.42,4.74,26.65,0.18,0.37
474,43.22,0.12,88.0,346.74,6.59,18.41,0.17,0.37
475,48.53,0.14,86.0,495.96,5.09,36.39,0.37,0.39
476,65.97,0.09,91.0,356.86,3.64,35.93,0.29,0.38
477,62.75,0.1,90.0,410.91,3.88,36.06,0.22,0.32
478,54.43,0.12,88.0,490.58,4.68,32.14,0.28,0.34
479,57.44,0.07,93.0,366.56,5.61,32.94,0.35,0.31
480,69.32,0.06,94.0,439.2,3.98,33.13,0.28,0.32
481,66.54,0.11,89.0,336.72,2.93,35.33,0.28,0.35
482,54.69,0.06,94.0,310.92,6.31,34.4,0.14,0.29
483,53.77,0.1,90.0,473.65,5.37,26.33,0.08,0.3
484,45.2,0.06,94.0,589.46,7.83,29.37,0.4,0.34
485,44.91,0.08,92.0,650.08,7.37,31.5,0.44,0.36
486,57.46,0.13,87.0,371.38,3.85,35.93,0.18,0.36
487,60.06,0.06,94.0,527.76,5.46,33.56,0.38,0.5
488,31.4,0.15,85.0,514.78,7.81,28.49,0.23,0.45
489,54.0,0.14,86.0,519.74,4.14,33.1,0.43,0.39
490,19.47,0.12,88.0,549.2,10.64,16.33,0.32,0.36
491,11.07,0.14,86.0,593.26,11.63,15.28,0.4,0.32
492,38.34,0.14,86.0,434.5,6.87,26.87,0.21,0.32
493,47.0,0.11,89.0,552.15,6.22,36.34,0.36,0.33
494,28.29,0.11,89.0,409.12,9.38,20.56,0.24,0.34
495,71.97,0.07,93.0,507.81,3.26,37.1,0.21,0.32
496,44.97,0.12,88.0,416.93,6.29,40.64,0.37,0.34
497,50.07,0.15,85.0,452.3,4.52,33.43,0.12,0.38
498,33.67,0.13,87.0,284.22,7.95,20.96,0.11,0.68
499,19.2,0.18,82.0,394.5,9.2,19.39,0.21,0.5
500,60.96,0.12,88.0,609.21,3.56,33.04,0.16,0.55
501,59.24,0.1,90.0,365.33,4.46,32.32,0.29,0.62
502,53.2,0.06,94.0,355.26,6.55,22.03,0.19,0.57
503,47.84,0.07,93.0,446.9,7.15,21.96,0.19,0.5
504,50.92,0.11,89.0,587.31,5.56,33.11,0.33,0.45
505,46.0,0.16,84.0,440.59,4.93,29.73,0.32,0.43
506,76.69,0.06,94.0,339.45,2.8,32.34,0.11,0.43
507,32.93,0.06,94.0,338.08,9.79,17.26,0.33,0.6
508,55.09,0.11,89.0,575.99,4.86,36.08,0.17,0.64
509,51.19,0.07,93.0,509.83,6.61,32.83,0.17,0.5
510,65.8,0.07,93.0,454.02,4.26,35.98,0.26,0.6
511,50.13,0.12,88.0,454.32,5.41,36.68,0.46,0.58
512,56.0,0.12,88.0,357.75,4.41,33.7,0.35,0.51
513,56.18,0.1,90.0,320.46,4.97,32.61,0.31,0.54
514,57.13,0.1,90.0,361.24,4.81,32.31,0.32,0.62
515,46.76,0.11,89.0,422.92,6.26,27.1,0.16,0.57
516,60.82,0.08,92.0,459.29,4.78,34.34,0.15,0.56
517,45.58,0.15,85.0,432.16,5.31,27.88,0.25,0.44
518,63.45,0.11,89.0,589.47,3.45,35.57,0.37,0.35
519,64.11,0.07,93.0,328.07,4.53,36.14,0.17,0.44
520,56.82,0.12,88.0,355.07,4.27,32.36,0.21,0.44
521,47.83,0.14,86.0,520.95,5.22,31.99,0.25,0.34
522,47.25,0.08,92.0,583.13,6.99,25.74,0.1,0.5
523,64.31,0.11,89.0,259.28,3.31,32.99,0.23,0.51
524,74.17,0.05,95.0,363.18,3.5,36.52,0.15,0.48
525,49.33,0.16,84.0,223.14,4.33,27.93,0.16,0.47
526,33.51,0.14,86.0,453.97,7.71,23.73,0.25,0.49
527,74.27,0.04,96.0,285.33,3.77,38.8,0.26,0.57
528,44.53,0.14,86.0,431.17,5.79,29.51,0.49,0.45
529,52.53,0.16,84.0,358.02,3.76,32.7,0.13,0.5
530,45.43,0.16,84.0,361.04,5.03,34.33,0.28,0.47
531,51.76,0.07,93.0,306.03,6.52,23.53,0.32,0.76
532,61.6,0.09,91.0,426.75,4.36,30.98,0.36,0.57
533,59.87,0.11,89.0,487.05,4.06,30.03,0.24,0.61
534,60.89,0.11,89.0,282.33,3.88,24.27,0.21,0.73
535,67.59,0.05,95.0,387.6,4.54,31.36,0.2,0.39
536,44.74,0.14,86.0,569.8,5.75,34.32,0.18,0.44
537,68.08,0.07,93.0,495.98,3.89,36.48,0.32,0.65
538,71.05,0.08,92.0,506.31,3.11,32.4,0.13,0.69
539,64.27,0.08,92.0,544.15,4.22,28.71,0.16,0.63
540,59.6,0.08,92.0,461.48,4.98,34.93,0.49,0.62
541,60.07,0.09,91.0,528.73,4.62,23.08,0.16,0.64
542,54.83,0.08,92.0,504.99,5.76,30.79,0.24,0.53
543,78.53,0.09,91.0,371.53,1.9,33.99,0.32,0.54
544,64.07,0.05,95.0,411.56,5.09,36.59,0.28,0.77
545,57.6,0.09,91.0,509.25,5.02,28.56,0.24,0.75
546,72.78,0.09,91.0,547.23,2.52,34.35,0.12,0.62
547,81.49,0.1,90.0,377.15,1.75,37.59,0.23,0.66
548,54.19,0.16,84.0,535.99,3.47,37.5,0.1,0.52
549,59.73,0.08,92.0,466.24,4.96,32.93,0.26,0.54
550,39.65,0.11,89.0,304.6,7.46,31.45,0.34,0.58
551,82.49,0.09,91.0,289.25,1.58,36.98,0.19,0.66
552,55.59,0.12,88.0,497.38,4.48,29.9,0.26,0.65
553,55.2,0.08,92.0,432.58,5.7,27.9,0.4,0.61
554,63.66,0.12,88.0,398.8,3.1,32.14,0.2,0.51
555,50.5,0.15,85.0,380.22,4.44,31.78,0.24,0.44
556,66.4,0.1,90.0,426.31,3.27,35.74,0.49,0.57
557,73.36,0.08,92.0,266.7,2.74,36.1,0.33,0.59
558,61.92,0.06,94.0,452.17,5.16,34.36,0.35,0.59
559,50.2,0.09,91.0,359.75,6.24,36.83,0.42,0.63
560,34.15,0.09,91.0,303.01,8.89,21.66,0.15,0.54
561,59.05,0.09,91.0,456.34,4.78,32.2,0.31,0.45
562,59.48,0.11,89.0,385.99,4.12,34.97,0.16,0.45
563,58.4,0.06,94.0,394.69,5.72,32.17,0.32,0.59
564,52.17,0.11,89.0,473.36,5.35,32.04,0.25,0.66
565,71.55,0.12,88.0,498.44,1.76,40.54,0.21,0.6
566,66.82,0.06,94.0,448.46,4.38,32.15,0.24,0.41
567,45.0,0.11,89.0,352.52,6.56,38.1,0.32,0.45
568,36.58,0.12,88.0,295.61,7.72,19.75,0.09,0.57
569,36.0,0.04,96.0,488.36,9.75,16.66,0.24,0.58
570,61.86,0.13,87.0,283.98,3.09,37.33,0.31,0.63
571,73.63,0.08,92.0,445.03,2.69,34.06,0.16,0.6
572,56.2,0.1,90.0,277.84,4.97,31.92,0.32,0.61
573,69.36,0.06,94.0,417.34,3.97,29.47,0.15,0.59
574,77.35,0.07,93.0,254.03,2.4,39.48,0.25,0.62
575,66.62,0.06,94.0,361.14,4.41,38.55,0.32,0.53
576,49.14,0.09,91.0,389.65,6.42,25.53,0.08,0.63
577,53.82,0.11,89.0,423.36,5.08,35.47,0.29,0.61
578,60.08,0.05,95.0,233.96,5.72,31.92,0.2,0.63
579,61.11,0.09,91.0,481.79,4.44,32.48,0.1,0.63
580,45.97,0.1,90.0,469.48,6.67,27.57,0.19,0.56
581,68.26,0.05,95.0,511.6,4.43,35.5,0.37,0.6
582,46.6,0.11,89.0,456.21,6.29,28.93,0.25,0.61
583,43.6,0.1,90.0,556.69,7.07,36.27,0.51,0.6
584,69.2,0.08,92.0,384.16,3.41,37.13,0.44,0.62
585,49.8,0.11,89.0,442.51,5.75,34.35,0.34,0.57
586,58.65,0.1,90.0,408.93,4.56,29.63,0.2,0.57
587,59.84,0.12,88.0,542.5,3.75,34.56,0.29,0.57
588,33.43,0.12,88.0,419.34,8.26,21.08,0.24,0.59
589,45.64,0.1,90.0,386.02,6.73,20.72,0.26,0.61
590,66.78,0.12,88.0,520.08,2.57,32.65,0.17,0.54
591,66.66,0.07,93.0,438.53,4.12,39.48,0.34,0.62
592,80.81,0.04,96.0,357.62,2.75,38.71,0.28,0.65
593,62.72,0.05,95.0,479.56,5.31,25.84,0.24,0.56
594,78.32,0.07,93.0,122.31,2.24,33.59,0.29,0.65
595,55.04,0.09,91.0,447.77,5.44,30.1,0.3,0.61
596,65.27,0.05,95.0,347.99,4.91,31.81,0.41,0.54
597,65.98,0.11,89.0,586.68,3.03,40.1,0.4,0.63
598,68.83,0.09,91.0,424.41,3.17,40.37,0.4,0.52
599,44.4,0.12,88.0,527.43,6.39,27.29,0.36,0.58
600,59.49,0.07,93.0,403.53,5.28,37.35,0.35,0.59
601,57.27,0.11,89.0,449.41,4.49,38.25,0.52,0.48
602,73.57,0.08,92.0,228.35,2.7,34.84,0.2,0.57
603,58.09,0.11,89.0,252.08,4.35,31.41,0.3,0.56
604,65.47,0.02,98.0,397.81,5.67,35.55,0.46,0.55
605,72.75,0.14,86.0,339.54,1.22,31.63,0.16,0.48
606,71.14,0.11,89.0,481.25,2.16,35.62,0.23,0.53
607,81.59,0.06,94.0,393.84,2.02,41.15,0.17,0.57
608,45.33,0.06,94.0,467.48,7.81,29.52,0.22,0.57
609,51.59,0.06,94.0,482.38,6.81,34.23,0.39,0.61
610,71.07,0.06,94.0,656.1,3.7,40.91,0.34,0.56
611,63.33,0.06,94.0,441.54,4.94,33.93,0.35,0.57
612,62.47,0.06,94.0,351.72,5.07,33.17,0.32,0.58
613,36.07,0.05,95.0,350.77,9.52,19.55,0.28,0.47
614,78.05,0.04,96.0,423.2,3.18,35.27,0.41,0.61
615,63.6,0.06,94.0,437.74,4.89,33.48,0.31,0.61
616,69.36,0.12,88.0,368.98,2.13,33.54,0.19,0.61
617,63.67,0.06,94.0,520.64,4.88,37.77,0.29,0.58
618,58.01,0.11,89.0,449.38,4.37,37.33,0.37,0.62
619,54.4,0.12,88.0,486.26,4.68,33.93,0.45,0.65
620,56.01,0.07,93.0,386.57,5.84,23.11,0.3,0.61
621,60.13,0.09,91.0,406.07,4.61,35.63,0.19,0.59
622,58.38,0.13,87.0,530.22,3.69,28.53,0.3,0.57
623,58.13,0.04,96.0,244.38,6.29,30.71,0.37,0.59
624,53.31,0.08,92.0,450.4,6.0,26.21,0.14,0.58
625,66.4,0.02,98.0,423.38,5.53,35.73,0.39,0.63
626,61.67,0.11,89.0,414.95,3.75,30.25,0.32,0.6
627,39.8,0.09,91.0,441.53,7.96,25.62,0.42,0.58
628,69.42,0.1,90.0,447.26,2.76,37.64,0.19,0.55
629,51.82,0.08,92.0,441.51,6.25,34.01,0.41,0.51
630,77.97,0.04,96.0,546.25,3.19,36.63,0.41,0.58
631,49.13,0.11,89.0,458.2,5.87,32.24,0.46,0.55
632,51.6,0.1,90.0,455.91,5.73,32.91,0.49,0.5
633,62.33,0.03,97.0,386.22,5.9,31.27,0.45,0.55
634,51.75,0.14,86.0,505.2,4.53,34.23,0.09,0.46
635,65.91,0.07,93.0,547.95,4.24,39.14,0.46,0.49
636,66.62,0.09,91.0,466.16,3.54,31.64,0.24,0.57
637,49.78,0.08,92.0,523.47,6.58,30.89,0.39,0.46
638,55.45,0.08,92.0,504.03,5.65,37.14,0.19,0.53
639,67.91,0.11,89.0,366.87,2.7,34.26,0.24,0.48
640,68.32,0.06,94.0,405.02,4.14,35.97,0.25,0.52
641,43.89,0.1,90.0,284.72,7.02,32.12,0.32,0.53
642,80.64,0.08,92.0,426.99,1.55,35.39,0.22,0.61
643,70.23,0.12,88.0,558.95,1.98,40.74,0.32,0.51
644,65.0,0.09,91.0,421.01,3.8,35.54,0.51,0.53
645,59.38,0.1,90.0,275.97,4.44,36.6,0.15,0.49
646,73.81,0.1,90.0,468.64,2.03,37.36,0.3,0.5
647,58.18,0.11,89.0,417.24,4.34,33.84,0.37,0.52
648,64.27,0.04,96.0,538.25,5.33,27.99,0.31,0.52
649,69.7,0.09,91.0,482.09,3.03,38.89,0.45,0.5
650,67.39,0.05,95.0,391.71,4.57,36.79,0.14,0.53
651,66.07,0.09,91.0,389.88,3.63,30.87,0.45,0.55
652,84.36,0.06,94.0,412.82,1.58,35.7,0.16,0.55
653,52.35,0.12,88.0,237.33,5.03,36.57,0.32,0.51
654,54.74,0.11,89.0,346.38,4.92,31.58,0.08,0.49
655,54.22,0.1,90.0,429.32,5.3,34.43,0.43,0.46
656,77.24,0.08,92.0,381.72,2.1,38.86,0.28,0.47
657,58.86,0.05,95.0,430.09,5.92,33.73,0.53,0.55
658,67.33,0.11,89.0,431.06,2.8,40.9,0.37,0.51
659,62.16,0.04,96.0,453.07,5.66,32.45,0.51,0.54
660,57.05,0.06,94.0,464.26,5.94,24.94,0.37,0.6
661,44.64,0.07,93.0,353.02,7.67,22.53,0.29,0.62
662,75.08,0.06,94.0,273.1,3.06,38.24,0.38,0.58
663,69.14,0.03,97.0,416.64,4.84,33.14,0.4,0.47
664,71.71,0.08,92.0,369.71,3.0,37.43,0.29,0.56
665,53.28,0.1,90.0,503.62,5.45,26.02,0.29,0.55
666,65.1,0.11,89.0,247.67,3.17,33.43,0.1,0.62
667,67.25,0.09,91.0,513.72,3.43,32.09,0.42,0.51
668,65.8,0.08,92.0,396.63,3.97,42.01,0.34,0.53
669,82.78,0.04,96.0,496.81,2.44,38.03,0.34,0.55
670,55.05,0.09,91.0,508.5,5.44,31.63,0.33,0.51
671,77.81,0.09,91.0,421.33,1.69,37.25,0.27,0.51
672,66.47,0.06,94.0,314.48,4.44,34.24,0.51,0.54
673,56.77,0.11,89.0,508.1,4.58,30.97,0.31,0.55
674,60.37,0.01,99.0,240.79,6.7,24.84,0.26,0.54
675,72.96,0.07,93.0,396.7,3.1,33.33,0.4,0.44
676,72.6,0.05,95.0,424.63,3.75,36.75,0.37,0.52
677,38.6,0.07,93.0,689.78,8.65,17.98,0.54,0.52
678,65.09,0.1,90.0,506.7,3.49,28.26,0.37,0.52
679,49.6,0.04,96.0,541.69,7.62,25.49,0.54,0.68
680,82.7,0.03,97.0,403.53,2.75,29.58,0.27,0.65
681,72.73,0.11,89.0,493.14,1.89,36.11,0.38,0.56
682,60.95,0.1,90.0,479.31,4.17,37.86,0.43,0.56
683,51.0,0.06,94.0,362.41,6.9,23.75,0.19,0.56
684,59.75,0.03,97.0,440.18,6.3,26.59,0.31,0.6
685,51.21,0.1,90.0,355.09,5.8,23.66,0.42,0.54
686,60.04,0.08,92.0,502.37,4.91,30.18,0.33,0.51
687,74.11,0.1,90.0,395.1,1.98,40.25,0.25,0.52
688,52.88,0.09,91.0,557.13,5.8,35.63,0.55,0.53
689,70.44,0.07,93.0,443.8,3.51,31.35,0.29,0.51
690,63.66,0.09,91.0,532.73,4.02,34.54,0.42,0.53
691,56.43,0.08,92.0,534.1,5.49,38.24,0.55,0.65
692,80.0,0.06,94.0,462.96,2.28,41.03,0.46,0.5
693,65.03,0.09,91.0,426.13,3.8,30.7,0.24,0.69
694,79.2,0.04,96.0,391.64,3.0,38.22,0.39,0.59
695,78.99,0.06,94.0,555.32,2.44,38.38,0.45,0.65
696,56.3,0.05,95.0,472.57,6.32,29.26,0.49,0.56
697,64.67,0.06,94.0,546.73,4.72,33.57,0.46,0.72
698,75.91,0.09,91.0,573.16,2.0,35.78,0.22,0.64
699,77.89,0.04,96.0,456.2,3.21,38.77,0.36,0.53
700,66.59,0.04,96.0,474.79,4.97,30.56,0.27,0.7
701,74.31,0.06,94.0,627.57,3.18,44.05,0.46,0.41
702,83.2,0.07,93.0,309.2,1.45,37.93,0.27,0.39
703,83.06,0.05,95.0,463.11,2.1,39.36,0.45,0.52
704,46.71,0.11,89.0,451.91,6.27,24.22,0.31,0.47
705,74.14,0.1,90.0,277.31,1.98,36.21,0.08,0.37
706,29.45,0.12,88.0,313.67,8.93,20.28,0.21,0.43
707,55.33,0.1,90.0,440.98,5.11,30.0,0.57,0.58
708,70.18,0.08,92.0,621.33,3.25,40.3,0.23,0.45
709,43.17,0.09,91.0,560.5,7.4,22.8,0.16,0.4
710,57.4,0.08,92.0,311.78,5.34,27.7,0.3,0.5
711,72.43,0.04,96.0,539.29,4.06,32.55,0.26,0.64
712,49.8,0.07,93.0,378.69,6.84,30.66,0.23,0.56
713,65.2,0.04,96.0,481.35,5.19,33.27,0.57,0.36
714,66.6,0.06,94.0,514.92,4.41,33.12,0.35,0.38
715,78.99,0.05,95.0,414.95,2.74,36.31,0.3,0.49
716,67.27,0.05,95.0,335.49,4.59,38.89,0.48,0.37
717,64.84,0.08,92.0,566.01,4.12,29.42,0.34,0.39
718,58.67,0.09,91.0,407.85,4.85,28.75,0.45,0.39
719,72.04,0.08,92.0,438.56,2.95,38.86,0.2,0.44
720,56.4,0.06,94.0,429.11,6.04,36.21,0.59,0.53
721,77.84,0.08,92.0,447.01,2.0,37.16,0.38,0.62
722,70.73,0.05,95.0,235.76,4.04,26.96,0.3,0.76
723,74.86,0.1,90.0,452.94,1.86,38.18,0.4,0.36
724,60.47,0.03,97.0,450.8,6.19,32.19,0.47,0.36
725,77.68,0.08,92.0,435.18,2.03,36.32,0.24,0.5
726,60.4,0.04,96.0,398.6,5.94,25.52,0.47,0.46
727,49.27,0.03,97.0,337.54,7.92,28.75,0.4,0.62
728,73.58,0.06,94.0,406.21,3.3,33.89,0.44,0.47
729,71.38,0.07,93.0,388.86,3.36,42.19,0.5,0.57
730,80.78,0.07,93.0,524.69,1.84,39.81,0.2,0.86
731,69.36,0.06,94.0,443.69,3.97,35.65,0.34,0.69
732,35.0,0.05,95.0,440.42,9.68,17.52,0.52,0.6
733,70.76,0.06,94.0,448.71,3.75,38.85,0.42,0.66
734,65.82,0.07,93.0,282.91,4.26,31.0,0.11,0.99
735,50.45,0.05,95.0,336.84,7.24,23.31,0.32,0.46
736,69.07,0.07,93.0,505.91,3.73,37.44,0.35,0.58
737,85.02,0.03,97.0,406.79,2.39,37.79,0.29,0.72
738,69.89,0.03,97.0,427.5,4.73,36.95,0.54,0.55
739,48.43,0.07,93.0,515.26,7.06,27.71,0.34,0.44
740,43.33,0.02,98.0,528.14,9.06,18.84,0.63,0.36
741,66.2,0.06,94.0,405.72,4.48,36.98,0.35,0.43
742,55.13,0.13,87.0,364.96,4.25,37.56,0.54,0.66
743,88.72,0.02,98.0,363.23,2.11,39.94,0.44,0.76
744,62.03,0.09,91.0,367.37,4.29,35.04,0.39,0.69
745,56.13,0.04,96.0,367.1,6.6,26.58,0.42,0.72
746,76.26,0.11,89.0,328.81,1.63,38.69,0.32,0.72
747,76.55,0.06,94.0,316.72,2.83,36.22,0.2,0.66
748,76.11,0.05,95.0,471.57,3.19,33.85,0.44,0.71
749,74.38,0.05,95.0,509.81,3.47,35.59,0.35,0.86
750,80.67,0.05,95.0,534.8,2.47,34.28,0.37,0.83
751,72.74,0.07,93.0,445.85,3.14,28.56,0.34,0.49
752,65.83,0.06,94.0,472.11,4.54,39.5,0.32,0.75
753,72.54,0.08,92.0,334.02,2.87,33.75,0.29,0.35
754,58.1,0.07,93.0,515.44,5.5,34.97,0.51,0.35
755,71.66,0.05,95.0,510.24,3.9,38.87,0.46,0.36
756,80.93,0.06,94.0,456.65,2.13,37.21,0.45,0.36
757,64.67,0.04,96.0,450.77,5.27,29.93,0.33,0.38
758,57.42,0.04,96.0,362.22,6.4,30.13,0.49,0.41
759,61.27,0.07,93.0,322.69,4.99,31.19,0.18,0.46
760,74.6,0.07,93.0,571.06,2.84,36.67,0.4,0.77
761,74.2,0.07,93.0,454.47,2.9,35.03,0.41,0.69
762,84.57,0.05,95.0,508.46,1.86,41.2,0.25,0.53
763,48.91,0.05,95.0,204.84,7.49,26.02,0.18,0.62
764,75.71,0.06,94.0,489.72,2.96,38.37,0.33,0.51
765,46.0,0.02,98.0,530.3,8.65,18.17,0.43,0.63
766,68.53,0.04,96.0,434.44,4.67,37.82,0.55,0.71
767,87.4,0.04,96.0,437.25,1.72,35.09,0.34,0.68
768,60.73,0.07,93.0,490.95,5.08,35.59,0.58,0.74
769,76.72,0.05,95.0,507.76,3.1,36.6,0.41,0.42
770,78.1,0.03,97.0,297.92,3.46,35.3,0.41,0.43
771,74.5,0.03,97.0,609.69,4.02,37.68,0.55,0.45
772,87.54,0.02,98.0,370.99,2.29,40.53,0.5,0.37
773,68.87,0.07,93.0,348.13,3.76,34.32,0.52,0.33
774,78.37,0.07,93.0,572.68,2.23,40.26,0.5,0.44
775,75.21,0.08,92.0,456.99,2.43,36.79,0.13,0.41
776,61.73,0.06,94.0,423.86,5.19,28.94,0.33,0.36
777,70.24,0.03,97.0,470.33,4.67,38.5,0.39,0.4
778,34.07,0.07,93.0,455.44,9.38,19.57,0.56,0.4
779,65.93,0.03,97.0,445.0,5.34,42.84,0.45,0.4
780,73.17,0.08,92.0,333.27,2.77,35.81,0.33,0.41
781,83.61,0.04,96.0,430.46,2.31,39.62,0.45,0.38
782,81.66,0.05,95.0,428.49,2.32,34.13,0.35,0.39
783,67.83,0.06,94.0,387.04,4.22,40.06,0.48,0.38
784,80.94,0.01,99.0,281.66,3.58,36.01,0.58,0.39
785,49.65,0.08,92.0,282.97,6.6,30.08,0.44,0.41
786,79.43,0.04,96.0,428.1,2.96,41.58,0.34,0.61
787,81.62,0.04,96.0,434.5,2.62,44.96,0.44,0.67
788,75.83,0.04,96.0,435.4,3.53,40.4,0.3,0.62
789,68.09,0.04,96.0,379.99,4.74,35.74,0.44,0.61
790,59.87,0.06,94.0,383.9,5.49,34.6,0.43,0.66
791,68.54,0.03,97.0,473.02,4.94,27.26,0.32,0.91
792,78.13,0.04,96.0,281.55,3.17,39.88,0.5,0.78
793,83.26,0.04,96.0,426.34,2.37,43.86,0.48,0.73
794,73.47,0.02,98.0,472.32,4.45,30.34,0.31,0.77
795,73.19,0.08,92.0,487.01,2.76,38.34,0.47,0.68
796,66.39,0.1,90.0,312.26,3.27,30.93,0.35,0.46
797,77.37,0.07,93.0,393.07,2.39,41.8,0.38,0.35
798,77.77,0.01,99.0,350.55,4.07,34.26,0.38,0.48
799,79.11,0.01,99.0,313.38,3.86,35.32,0.54,0.34
800,37.94,0.07,93.0,294.93,8.75,16.07,0.23,0.53
801,83.58,0.03,97.0,454.7,2.61,39.59,0.31,0.43
802,85.73,0.02,98.0,416.94,2.57,39.92,0.45,0.44
803,67.33,0.08,92.0,391.65,3.72,31.61,0.19,0.66
804,68.56,0.03,97.0,175.62,4.93,33.22,0.49,0.69
805,47.06,0.04,96.0,248.01,8.02,21.79,0.2,0.62
806,77.08,0.07,93.0,495.16,2.44,41.51,0.56,0.5
807,73.0,0.0,100.0,602.96,5.05,26.9,0.26,0.61
808,75.4,0.08,92.0,495.51,2.4,32.91,0.65,0.55
809,69.67,0.05,95.0,470.67,4.21,33.24,0.55,0.55
810,64.64,0.08,92.0,407.74,4.16,31.97,0.24,0.73
811,79.44,0.04,96.0,270.61,2.96,32.12,0.32,0.53
812,76.2,0.06,94.0,454.31,2.88,36.39,0.49,0.6
813,75.23,0.04,96.0,517.94,3.62,37.4,0.55,0.82
814,70.44,0.04,96.0,556.52,4.37,36.94,0.43,0.7
815,77.59,0.04,96.0,426.77,3.25,40.31,0.28,0.7
816,81.74,0.04,96.0,342.56,2.6,37.2,0.5,0.62
817,78.93,0.06,94.0,627.77,2.45,41.23,0.54,0.61
818,80.7,0.03,97.0,541.63,3.06,35.65,0.38,0.74
819,78.47,0.05,95.0,544.73,2.82,38.84,0.44,0.65
820,82.72,0.04,96.0,434.87,2.45,39.31,0.22,0.76
821,75.95,0.02,98.0,487.38,4.07,34.52,0.37,0.77
822,89.79,0.02,98.0,454.12,1.95,41.0,0.5,0.6
823,70.35,0.01,99.0,321.12,5.19,40.39,0.64,0.63
824,88.84,0.02,98.0,365.76,2.1,36.51,0.37,0.49
825,81.27,0.04,96.0,388.68,2.68,35.88,0.32,0.58
826,76.68,0.05,95.0,232.39,3.1,38.24,0.58,0.54
827,85.27,0.03,97.0,454.3,2.35,39.89,0.47,0.67
828,81.05,0.05,95.0,495.23,2.41,36.65,0.51,0.67
829,92.18,0.03,97.0,442.61,1.28,30.42,0.2,0.5
830,74.0,0.06,94.0,441.55,3.23,39.93,0.45,0.67
831,49.3,0.07,93.0,400.19,6.92,31.22,0.3,0.63
832,67.54,0.04,96.0,438.72,4.82,30.14,0.24,0.47
833,82.47,0.03,97.0,458.02,2.78,37.02,0.6,0.4
834,60.24,0.05,95.0,295.88,5.7,23.92,0.44,0.7
835,53.93,0.05,95.0,424.18,6.69,33.41,0.43,0.83
836,66.6,0.03,97.0,333.8,5.24,42.19,0.45,0.5
837,74.4,0.04,96.0,600.73,3.75,37.13,0.54,0.47
838,85.6,0.05,95.0,480.22,1.69,41.37,0.46,0.39
839,67.31,0.04,96.0,267.14,4.86,22.47,0.3,0.77
840,76.73,0.05,95.0,344.93,3.09,35.34,0.37,0.72
841,68.47,0.09,91.0,384.85,3.23,36.64,0.34,0.68
842,15.8,0.05,95.0,481.12,12.72,14.94,0.42,0.47
843,64.76,0.05,95.0,558.52,4.99,35.04,0.44,0.53
844,86.07,0.04,96.0,339.38,1.93,41.69,0.35,0.78
845,69.91,0.07,93.0,279.31,3.59,36.43,0.37,0.34
846,74.58,0.06,94.0,476.26,3.14,42.25,0.36,0.41
847,41.22,0.04,96.0,374.02,8.93,16.85,0.42,0.51
848,71.67,0.03,97.0,502.4,4.45,33.34,0.67,0.69
849,86.14,0.03,97.0,529.05,2.21,36.07,0.35,0.7
850,79.41,0.05,95.0,352.19,2.67,35.58,0.24,0.56
851,37.53,0.03,97.0,384.03,9.73,16.76,0.59,0.6
852,40.33,0.05,95.0,509.47,8.84,21.18,0.69,0.61
853,70.67,0.04,96.0,422.71,4.33,39.67,0.61,0.63
854,86.17,0.02,98.0,508.86,2.5,41.03,0.52,0.78
855,78.13,0.02,98.0,224.99,3.73,37.46,0.36,0.59
856,69.62,0.06,94.0,426.03,3.93,36.02,0.27,0.72
857,86.87,0.02,98.0,352.64,2.4,35.23,0.35,0.61
858,83.1,0.05,95.0,551.64,2.09,38.67,0.49,0.63
859,80.16,0.03,97.0,432.53,3.14,39.04,0.53,0.59
860,83.88,0.03,97.0,412.01,2.57,38.6,0.39,0.42
861,49.0,0.03,97.0,475.8,7.96,22.09,0.24,0.49
862,77.49,0.06,94.0,466.3,2.68,35.96,0.42,0.87
863,46.16,0.03,97.0,514.48,8.4,19.56,0.33,0.74
864,59.8,0.05,95.0,561.81,5.77,32.69,0.44,0.42
865,65.6,0.04,96.0,484.98,5.12,36.57,0.5,0.39
866,72.22,0.05,95.0,396.92,3.81,43.0,0.37,0.42
867,72.33,0.05,95.0,535.03,3.79,32.55,0.45,0.7
868,84.04,0.03,97.0,486.58,2.54,39.86,0.51,0.78
869,48.0,0.04,96.0,573.05,7.88,17.44,0.3,0.69
870,71.4,0.07,93.0,605.09,3.35,39.83,0.45,0.66
871,81.94,0.05,95.0,460.0,2.27,38.35,0.32,0.59
872,88.4,0.02,98.0,482.85,2.16,40.26,0.39,0.71
873,77.27,0.03,97.0,435.49,3.59,36.3,0.62,0.51
874,65.73,0.05,95.0,371.23,4.83,28.75,0.33,0.61
875,76.53,0.04,96.0,473.77,3.42,36.17,0.62,0.61
876,74.6,0.03,97.0,372.35,4.0,40.34,0.58,0.63
877,80.68,0.02,98.0,449.44,3.35,44.03,0.47,0.54
878,84.67,0.04,96.0,584.52,2.15,43.05,0.54,0.49
879,88.51,0.02,98.0,547.38,2.15,38.53,0.42,0.61
880,80.0,0.04,96.0,487.38,2.88,39.01,0.38,0.66
881,84.87,0.02,98.0,448.56,2.7,38.15,0.43,0.73
882,90.38,0.03,97.0,475.66,1.56,36.63,0.38,0.57
883,74.61,0.04,96.0,536.06,3.72,38.72,0.63,0.54
884,89.56,0.03,97.0,574.41,1.69,37.05,0.25,0.48
885,84.04,0.05,95.0,313.64,1.94,37.22,0.27,0.39
886,87.79,0.03,97.0,289.85,1.96,34.95,0.43,0.44
887,88.86,0.01,99.0,498.13,2.38,33.01,0.24,0.65
888,80.09,0.06,94.0,383.12,2.26,32.57,0.37,0.66
889,79.67,0.01,99.0,532.31,3.78,40.92,0.6,0.75
890,83.6,0.02,98.0,509.44,2.9,31.17,0.61,0.82
891,45.07,0.04,96.0,463.65,8.33,19.8,0.51,0.39
892,78.03,0.04,96.0,432.86,3.18,39.98,0.42,0.44
893,81.93,0.03,97.0,428.62,2.87,38.01,0.33,0.39
894,71.2,0.0,100.0,534.16,5.32,36.56,0.47,0.49
895,82.13,0.07,93.0,440.16,1.62,40.49,0.39,0.65
896,74.55,0.07,93.0,238.91,2.85,35.06,0.39,0.7
897,86.24,0.02,98.0,573.73,2.49,41.19,0.27,0.72
898,79.9,0.04,96.0,396.06,2.89,39.25,0.28,0.6
899,65.47,0.06,94.0,650.32,4.6,37.23,0.64,0.69
900,89.47,0.02,98.0,277.99,2.0,37.83,0.32,0.6
901,85.86,0.03,97.0,364.01,2.26,41.12,0.64,0.66
902,92.81,0.02,98.0,362.93,1.49,41.18,0.24,0.63
903,85.34,0.01,99.0,398.46,2.92,36.84,0.59,0.39
904,78.74,0.05,95.0,327.79,2.78,38.36,0.36,0.39
905,89.44,0.02,98.0,370.3,2.0,39.49,0.44,0.67
906,56.22,0.03,97.0,412.78,6.84,28.48,0.53,0.59
907,74.92,0.02,98.0,419.1,4.23,31.6,0.33,0.8
908,55.29,0.02,98.0,385.05,7.23,23.56,0.47,0.84
909,75.8,0.01,99.0,225.52,4.36,38.85,0.61,0.7
910,75.34,0.01,99.0,451.31,4.43,37.75,0.69,0.67
911,73.13,0.05,95.0,497.67,3.66,39.03,0.64,0.7
912,79.93,0.01,99.0,519.83,3.74,25.2,0.24,0.67
913,76.4,0.02,98.0,470.45,4.0,28.18,0.38,0.78
914,81.79,0.04,96.0,490.57,2.6,44.25,0.6,0.67
915,61.75,0.06,94.0,410.27,5.19,39.7,0.61,0.67
916,90.0,0.0,100.0,521.33,2.5,42.49,0.49,0.72
917,76.63,0.05,95.0,326.72,3.11,39.31,0.61,0.61
918,84.04,0.02,98.0,309.21,2.83,38.41,0.4,0.81
919,87.28,0.02,98.0,461.29,2.33,35.86,0.44,0.76
920,89.1,0.02,98.0,357.25,2.06,34.44,0.19,0.69
921,79.03,0.05,95.0,400.77,2.73,40.57,0.29,0.58
922,82.07,0.03,97.0,323.19,2.85,39.75,0.63,0.78
923,74.67,0.0,100.0,423.08,4.8,35.48,0.6,0.72
924,71.6,0.04,96.0,359.03,4.19,39.99,0.49,0.68
925,85.0,0.02,98.0,365.86,2.68,38.5,0.52,0.64
926,89.27,0.03,97.0,331.94,1.73,36.49,0.45,0.71
927,69.0,0.05,95.0,427.11,4.32,35.29,0.67,0.65
928,81.13,0.01,99.0,442.77,3.56,41.38,0.65,0.47
929,87.0,0.04,96.0,572.46,1.78,36.8,0.33,0.35
930,79.93,0.03,97.0,307.47,3.18,39.81,0.54,0.7
931,89.42,0.03,97.0,262.61,1.71,39.71,0.42,0.65
932,45.0,0.03,97.0,647.85,8.58,18.39,0.62,0.68
933,80.26,0.05,95.0,366.92,2.54,41.39,0.39,0.68
934,84.91,0.02,98.0,619.4,2.7,28.78,0.46,0.73
935,76.12,0.02,98.0,460.37,4.04,28.96,0.3,0.65
936,86.14,0.01,99.0,373.64,2.8,42.18,0.33,0.58
937,80.93,0.02,98.0,496.89,3.31,36.04,0.5,0.64
938,73.2,0.02,98.0,551.09,4.49,35.07,0.5,0.63
939,80.56,0.01,99.0,678.38,3.64,30.83,0.48,0.53
940,85.2,0.0,100.0,496.79,3.22,38.31,0.65,0.4
941,75.07,0.05,95.0,622.04,3.36,28.51,0.44,0.32
942,86.84,0.01,99.0,247.44,2.69,33.69,0.41,0.45
943,83.36,0.01,99.0,374.09,3.22,44.26,0.28,0.59
944,76.78,0.04,96.0,418.38,3.38,33.85,0.42,0.4
945,80.64,0.0,100.0,192.07,3.9,36.39,0.53,0.77
946,86.84,0.02,98.0,178.38,2.4,34.78,0.45,0.74
947,81.13,0.03,97.0,671.79,2.99,40.29,0.68,0.41
948,77.13,0.02,98.0,340.8,3.89,39.75,0.32,0.64
949,89.45,0.02,98.0,416.82,2.0,39.93,0.26,0.55
950,88.27,0.0,100.0,438.15,2.76,39.99,0.45,0.62
951,72.68,0.06,94.0,389.57,3.44,35.52,0.45,0.57
952,88.07,0.0,100.0,590.3,2.79,37.84,0.39,0.53
953,85.18,0.04,96.0,346.07,2.07,42.07,0.4,0.62
954,72.59,0.04,96.0,325.16,4.03,32.22,0.36,0.71
955,83.76,0.02,98.0,436.78,2.87,40.35,0.4,0.71
956,75.33,0.04,96.0,335.37,3.6,33.14,0.65,0.68
957,91.12,0.01,99.0,159.37,2.04,34.55,0.22,0.69
958,66.95,0.03,97.0,347.33,5.18,35.86,0.64,0.55
959,88.36,0.01,99.0,272.4,2.46,38.05,0.47,0.65
960,86.0,0.02,98.0,482.6,2.53,39.44,0.32,0.6
961,74.53,0.01,99.0,343.2,4.56,27.58,0.35,0.62
962,84.87,0.01,99.0,241.57,2.99,43.63,0.62,0.55
963,76.67,0.01,99.0,295.65,4.23,31.5,0.39,0.33
964,69.4,0.01,99.0,195.01,5.33,41.85,0.66,0.45
965,85.93,0.01,99.0,377.53,2.83,39.48,0.5,0.62
966,79.9,0.06,94.0,332.34,2.29,39.18,0.53,0.6
967,95.11,0.01,99.0,526.37,1.44,40.27,0.36,0.45
968,85.07,0.02,98.0,237.68,2.67,34.87,0.2,0.61
969,81.2,0.03,97.0,477.97,2.98,36.18,0.53,0.55
970,86.73,0.01,99.0,320.35,2.71,37.18,0.64,0.54
971,97.34,0.0,100.0,406.91,1.4,40.41,0.4,0.59
972,93.49,0.0,100.0,397.06,1.98,41.45,0.34,0.53
973,89.44,0.0,100.0,485.76,2.58,37.55,0.36,0.73
974,91.38,0.0,100.0,463.24,2.29,38.38,0.38,0.57
975,72.92,0.01,99.0,317.62,4.8,36.42,0.57,0.61
976,90.45,0.01,99.0,264.8,2.14,41.43,0.34,0.62
977,81.96,0.02,98.0,344.21,3.15,28.86,0.31,0.62
978,86.63,0.03,97.0,227.39,2.14,44.4,0.37,0.34
979,89.83,0.02,98.0,233.35,1.94,39.97,0.42,0.37
980,76.8,0.0,100.0,424.23,4.48,39.63,0.72,0.45
981,90.13,0.0,100.0,322.28,2.48,38.71,0.64,0.69
982,94.9,0.01,99.0,466.49,1.47,39.46,0.22,0.79
983,88.94,0.02,98.0,451.54,2.08,37.92,0.43,0.51
984,69.2,0.02,98.0,252.83,5.1,39.72,0.68,0.37
985,89.73,0.02,98.0,502.52,1.96,33.96,0.33,0.37
986,79.2,0.0,100.0,246.63,4.12,37.49,0.74,0.37
987,87.16,0.02,98.0,384.14,2.35,38.02,0.46,0.36
988,95.67,0.0,100.0,377.16,1.65,40.82,0.43,0.44
989,76.13,0.02,98.0,387.53,4.04,45.05,0.59,0.69
990,80.93,0.0,100.0,397.36,3.86,29.43,0.46,0.68
991,90.47,0.02,98.0,499.27,1.85,40.91,0.5,0.59
992,88.33,0.01,99.0,333.28,2.46,36.39,0.64,0.59
993,96.4,0.0,100.0,348.34,1.54,35.57,0.27,0.58
994,75.8,0.01,99.0,580.87,4.36,46.18,0.55,0.54
995,78.11,0.0,100.0,306.35,4.28,38.88,0.61,0.47
996,83.27,0.03,97.0,442.69,2.66,37.11,0.47,0.55
997,93.33,0.0,100.0,544.77,2.0,38.88,0.69,0.56
998,85.72,0.02,98.0,237.63,2.57,30.31,0.31,0.7
999,74.41,0.02,98.0,455.97,4.3,39.79,0.42,0.68
1000,85.8,0.01,99.0,355.73,2.85,31.08,0.7,0.52
1001,90.41,0.0,100.0,332.41,2.44,37.43,0.44,0.47
1002,77.33,0.0,100.0,555.06,4.4,42.79,0.73,0.45
1003,89.27,0.0,100.0,414.8,2.61,43.51,0.54,0.47
1004,90.27,0.02,98.0,408.07,1.88,38.12,0.4,0.57
1005,51.73,0.0,100.0,680.36,8.24,17.44,0.73,0.62
1006,76.04,0.05,95.0,197.33,3.2,36.64,0.35,0.75
1007,75.73,0.0,100.0,532.82,4.64,41.83,0.7,0.52
1008,90.53,0.03,97.0,605.69,1.54,35.03,0.51,0.56
1009,83.86,0.02,98.0,430.53,2.86,42.28,0.54,0.57
1010,82.8,0.0,100.0,725.92,3.58,38.53,0.64,0.61
1011,94.8,0.0,100.0,519.04,1.78,36.85,0.45,0.63
1012,68.13,0.02,98.0,421.24,5.27,33.3,0.6,0.61
1013,95.33,0.01,99.0,513.77,1.4,39.75,0.49,0.55
1014,87.17,0.01,99.0,326.81,2.64,39.68,0.32,0.54
1015,80.34,0.06,94.0,363.28,2.22,34.11,0.5,0.57
1016,85.83,0.03,97.0,173.48,2.26,35.41,0.38,0.58
1017,91.66,0.01,99.0,329.91,1.96,41.11,0.38,0.67
1018,88.27,0.01,99.0,627.55,2.47,34.66,0.44,0.7
1019,95.93,0.0,100.0,402.8,1.61,35.38,0.46,0.77
1020,84.2,0.01,99.0,370.24,3.09,42.2,0.39,0.6
1021,90.26,0.01,99.0,354.21,2.17,43.16,0.51,0.54
1022,86.96,0.03,97.0,550.07,2.09,34.15,0.44,0.59
1023,90.4,0.01,99.0,496.65,2.15,42.84,0.45,0.47
1024,86.74,0.04,96.0,366.99,1.82,37.27,0.46,0.43
1025,67.05,0.07,93.0,301.74,4.06,38.54,0.63,0.41
1026,82.47,0.02,98.0,376.97,3.07,33.11,0.46,0.4
1027,90.0,0.02,98.0,551.02,1.92,37.85,0.49,0.44
1028,90.93,0.0,100.0,329.01,2.36,37.98,0.68,0.38
1029,87.2,0.0,100.0,452.23,2.92,31.29,0.36,0.35
1030,90.57,0.0,100.0,384.83,2.42,32.09,0.31,0.37
1031,80.93,0.03,97.0,376.21,3.02,31.4,0.18,0.58
1032,46.87,0.03,97.0,303.41,8.29,22.08,0.56,0.45
1033,81.93,0.03,97.0,435.25,2.87,38.2,0.47,0.41
1034,73.98,0.03,97.0,536.94,4.1,44.83,0.67,0.48
1035,84.65,0.02,98.0,271.59,2.74,36.57,0.35,0.58
1036,88.43,0.02,98.0,601.78,2.16,33.82,0.46,0.46
1037,89.49,0.02,98.0,325.01,2.0,40.57,0.29,0.68
1038,86.8,0.01,99.0,411.68,2.7,39.81,0.49,0.7
1039,87.69,0.01,99.0,434.35,2.56,42.66,0.62,0.54
1040,88.69,0.03,97.0,563.2,1.82,43.65,0.45,0.62
1041,74.0,0.0,100.0,542.9,4.9,28.67,0.5,0.52
1042,80.2,0.01,99.0,447.12,3.7,30.61,0.38,0.42
1043,86.87,0.01,99.0,330.71,2.69,36.63,0.66,0.46
1044,85.81,0.01,99.0,409.55,2.85,35.05,0.63,0.5
1045,78.59,0.01,99.0,503.37,3.94,34.13,0.54,0.37
1046,92.74,0.01,99.0,369.63,1.8,39.28,0.18,0.54
1047,91.8,0.01,99.0,464.61,1.94,40.95,0.27,0.74
1048,80.6,0.03,97.0,439.28,3.07,36.7,0.68,0.48
1049,91.87,0.01,99.0,493.88,1.93,40.86,0.5,0.42
1050,89.54,0.01,99.0,403.67,2.28,36.38,0.4,0.63
1051,79.94,0.01,99.0,203.89,3.74,25.6,0.39,0.63
1052,88.37,0.0,100.0,600.85,2.75,40.09,0.48,0.46
1053,85.8,0.01,99.0,729.21,2.85,40.15,0.7,0.42
1054,90.5,0.0,100.0,454.62,2.42,40.5,0.43,0.58
1055,86.17,0.03,97.0,508.42,2.21,38.75,0.72,0.4
1056,91.65,0.02,98.0,385.79,1.67,40.33,0.37,0.38
1057,83.91,0.01,99.0,524.61,3.14,37.72,0.64,0.38
1058,93.5,0.0,100.0,414.16,1.98,39.24,0.28,0.34
1059,86.73,0.01,99.0,389.05,2.71,37.23,0.61,0.33
1060,84.29,0.03,97.0,401.63,2.5,36.49,0.43,0.31
1061,81.44,0.01,99.0,321.44,3.51,45.39,0.53,0.41
1062,76.6,0.03,97.0,403.08,3.69,32.24,0.54,0.4
1063,82.07,0.01,99.0,384.68,3.41,34.36,0.48,0.37
1064,85.67,0.05,95.0,409.16,1.68,35.73,0.33,0.42
1065,81.09,0.0,100.0,375.59,3.84,26.57,0.45,0.38
1066,93.99,0.0,100.0,426.17,1.9,38.28,0.53,0.38
1067,79.53,0.03,97.0,399.39,3.24,39.89,0.62,0.36
1068,86.87,0.01,99.0,311.45,2.69,42.09,0.61,0.53
1069,84.0,0.01,99.0,387.41,3.12,28.66,0.44,0.54
1070,93.0,0.0,100.0,494.48,2.05,42.65,0.46,0.56
1071,78.4,0.0,100.0,423.94,4.24,40.82,0.56,0.52
1072,92.53,0.0,100.0,562.5,2.12,34.93,0.73,0.53
1073,89.47,0.0,100.0,480.97,2.58,38.46,0.68,0.57
1074,81.77,0.02,98.0,352.3,3.18,36.61,0.52,0.57
1075,86.33,0.01,99.0,350.78,2.77,40.73,0.68,0.59
1076,76.0,0.0,100.0,276.43,4.6,42.7,0.7,0.53
1077,88.42,0.0,100.0,431.0,2.74,38.05,0.42,0.49
1078,90.33,0.01,99.0,505.49,2.16,38.87,0.73,0.51
1079,86.87,0.01,99.0,341.56,2.69,35.75,0.55,0.69
1080,82.72,0.03,97.0,207.37,2.74,28.15,0.21,0.78
1081,81.16,0.04,96.0,347.41,2.69,32.44,0.52,0.67
1082,71.47,0.0,100.0,352.01,5.28,40.57,0.66,0.46
1083,90.8,0.01,99.0,408.05,2.09,35.36,0.59,0.61
1084,90.4,0.0,100.0,491.53,2.44,45.03,0.58,0.67
1085,75.8,0.01,99.0,352.88,4.36,29.0,0.38,0.56
1086,78.67,0.01,99.0,460.13,3.93,49.36,0.7,0.63
1087,85.07,0.04,96.0,314.86,2.08,35.78,0.72,0.53
1088,65.99,0.0,100.0,287.24,6.1,26.2,0.31,0.62
1089,94.6,0.01,99.0,348.55,1.52,39.64,0.25,0.53
1090,51.27,0.01,99.0,474.98,8.08,18.88,0.7,0.6
1091,93.91,0.02,98.0,277.87,1.32,36.49,0.34,0.61
1092,74.27,0.02,98.0,341.08,4.33,36.06,0.46,0.52
1093,91.13,0.01,99.0,535.31,2.04,41.27,0.55,0.53
1094,95.6,0.0,100.0,206.92,1.66,39.37,0.56,0.52
1095,76.13,0.0,100.0,290.58,4.58,39.18,0.68,0.58
1096,79.85,0.02,98.0,326.99,3.47,40.5,0.66,0.5
1097,88.73,0.01,99.0,479.54,2.4,36.08,0.69,0.72
1098,94.53,0.0,100.0,367.65,1.82,42.68,0.45,0.55
1099,96.63,0.0,100.0,271.87,1.5,40.63,0.33,0.5
1100,78.4,0.0,100.0,284.57,4.24,35.71,0.69,0.43
1101,84.48,0.03,97.0,309.73,2.47,37.02,0.38,0.52
1102,88.13,0.0,100.0,269.47,2.78,40.96,0.62,0.45
1103,89.53,0.01,99.0,494.5,2.28,37.74,0.47,0.42
1104,78.04,0.0,100.0,443.99,4.29,38.76,0.71,0.44
1105,91.99,0.02,98.0,416.23,1.61,32.97,0.51,0.41
1106,85.22,0.02,98.0,382.13,2.65,42.77,0.63,0.57
1107,90.83,0.01,99.0,467.09,2.09,37.44,0.4,0.66
1108,85.92,0.0,100.0,578.0,3.11,37.14,0.57,0.45
1109,88.29,0.01,99.0,556.68,2.47,39.18,0.46,0.34
1110,93.32,0.0,100.0,445.87,2.0,40.93,0.31,0.33
1111,79.93,0.0,100.0,369.2,4.01,31.21,0.49,0.62
1112,88.18,0.0,100.0,315.28,2.77,41.14,0.49,0.59
1113,93.4,0.0,100.0,232.68,1.99,41.96,0.52,0.62
1114,63.17,0.02,98.0,411.66,6.03,26.47,0.39,0.65
1115,85.16,0.02,98.0,303.73,2.66,43.22,0.42,0.5
1116,71.4,0.03,97.0,487.27,4.49,42.86,0.73,0.54
1117,93.79,0.0,100.0,489.65,1.93,42.64,0.27,0.67
1118,85.87,0.0,100.0,504.7,3.12,39.54,0.34,0.54
1119,87.33,0.02,98.0,415.51,2.33,44.98,0.71,0.53
1120,94.0,0.0,100.0,329.67,1.9,39.99,0.39,0.57
1121,74.73,0.03,97.0,470.63,3.98,29.47,0.49,0.72
1122,89.23,0.02,98.0,328.33,2.04,39.77,0.35,0.56
1123,97.73,0.0,100.0,578.45,1.34,38.94,0.3,0.54
1124,77.07,0.0,100.0,332.34,4.44,39.92,0.42,0.6
1125,81.66,0.0,100.0,609.41,3.75,44.28,0.66,0.7
1126,88.47,0.01,99.0,680.16,2.44,42.88,0.59,0.55
1127,90.37,0.01,99.0,474.65,2.16,40.42,0.3,0.57
1128,90.62,0.01,99.0,386.56,2.12,48.33,0.38,0.61
1129,86.8,0.02,98.0,550.29,2.41,39.51,0.39,0.66
1130,78.4,0.0,100.0,454.01,4.24,37.77,0.69,0.48
1131,69.13,0.01,99.0,381.8,5.37,38.3,0.62,0.58
1132,74.0,0.01,99.0,491.07,4.64,24.94,0.25,0.58
1133,90.98,0.0,100.0,560.97,2.35,33.03,0.42,0.57
1134,87.2,0.01,99.0,429.07,2.64,40.85,0.42,0.55
1135,91.8,0.01,99.0,444.5,1.94,37.7,0.55,0.33
1136,78.07,0.01,99.0,719.85,4.02,38.05,0.49,0.35
1137,79.67,0.0,100.0,466.55,4.05,29.66,0.47,0.35
1138,82.24,0.01,99.0,503.42,3.39,35.68,0.5,0.45
1139,89.77,0.01,99.0,347.01,2.25,39.28,0.55,0.43
1140,81.73,0.0,100.0,437.1,3.74,38.13,0.53,0.41
1141,83.87,0.02,98.0,367.29,2.86,42.55,0.69,0.38
1142,92.27,0.0,100.0,513.93,2.16,37.17,0.59,0.47
1143,86.73,0.01,99.0,574.33,2.71,42.89,0.59,0.55
1144,92.2,0.0,100.0,392.53,2.17,41.91,0.53,0.54
1145,89.47,0.01,99.0,406.44,2.29,40.65,0.43,0.61
1146,94.47,0.0,100.0,636.84,1.83,39.93,0.46,0.44
1147,91.72,0.01,99.0,646.96,1.95,38.85,0.47,0.6
1148,86.13,0.02,98.0,480.64,2.51,41.59,0.67,0.56
1149,79.73,0.0,100.0,594.25,4.04,43.37,0.63,0.38
1150,90.6,0.01,99.0,440.16,2.12,45.28,0.68,0.34
1151,86.8,0.03,97.0,442.01,2.11,36.62,0.41,0.55
1152,89.12,0.0,100.0,401.36,2.63,41.6,0.58,0.54
1153,94.4,0.01,99.0,485.48,1.55,37.21,0.48,0.56
1154,85.53,0.01,99.0,441.5,2.89,44.67,0.62,0.56
1155,90.6,0.01,99.0,530.59,2.12,39.12,0.7,0.63
1156,91.23,0.03,97.0,423.23,1.43,41.48,0.38,0.58
1157,74.53,0.02,98.0,697.29,4.29,40.0,0.61,0.71
1158,85.8,0.03,97.0,513.78,2.27,40.38,0.67,0.52
1159,79.2,0.02,98.0,439.84,3.57,30.71,0.45,0.56
1160,90.2,0.01,99.0,592.24,2.18,44.84,0.64,0.51
1161,79.33,0.0,100.0,605.52,4.1,43.56,0.66,0.51
1162,91.47,0.0,100.0,597.15,2.28,36.76,0.7,0.37
1163,80.02,0.01,99.0,440.54,3.72,34.54,0.46,0.38
1164,76.6,0.01,99.0,505.71,4.24,43.55,0.74,0.72
1165,76.2,0.01,99.0,358.7,4.3,40.2,0.57,0.63
1166,73.07,0.0,100.0,537.23,5.04,39.24,0.7,0.67
1167,72.53,0.01,99.0,394.44,4.86,27.94,0.57,0.4
1168,82.09,0.02,98.0,409.2,3.13,38.51,0.48,0.33
1169,75.73,0.0,100.0,395.52,4.64,36.31,0.7,0.41
1170,64.8,0.0,100.0,393.59,6.28,39.27,0.59,0.43
1171,89.07,0.0,100.0,521.27,2.64,35.81,0.57,0.5
1172,97.52,0.0,100.0,486.93,1.37,39.73,0.26,0.43
1173,75.8,0.01,99.0,578.52,4.36,39.36,0.74,0.42
1174,90.93,0.0,100.0,277.06,2.36,39.33,0.69,0.43
1175,86.8,0.0,100.0,385.91,2.98,32.51,0.67,0.42
1176,90.93,0.0,100.0,363.49,2.36,42.04,0.71,0.48
1177,69.6,0.0,100.0,437.17,5.56,35.94,0.66,0.6
1178,93.07,0.0,100.0,327.92,2.04,35.23,0.53,0.62
1179,93.13,0.02,98.0,555.61,1.44,41.57,0.37,0.45
1180,89.2,0.0,100.0,452.9,2.62,40.84,0.56,0.48
1181,91.8,0.0,100.0,545.94,2.23,39.82,0.5,0.44
1182,96.79,0.0,100.0,691.22,1.48,40.53,0.47,0.52
1183,93.07,0.01,99.0,520.49,1.75,37.36,0.59,0.64
1184,89.8,0.01,99.0,584.93,2.24,43.84,0.29,0.56
1185,78.6,0.01,99.0,370.78,3.94,40.95,0.65,0.6
1186,76.11,0.01,99.0,561.03,4.32,27.79,0.43,0.44
1187,86.6,0.01,99.0,481.99,2.73,34.51,0.48,0.44
1188,82.35,0.0,100.0,410.36,3.65,36.71,0.63,0.42
1189,88.6,0.02,98.0,639.45,2.13,37.89,0.47,0.45
1190,87.8,0.0,100.0,454.81,2.83,36.39,0.37,0.34
1191,82.8,0.01,99.0,553.52,3.3,28.95,0.52,0.36
1192,91.56,0.01,99.0,460.96,1.98,40.53,0.46,0.47
1193,83.6,0.03,97.0,488.53,2.61,37.03,0.49,0.46
1194,83.73,0.0,100.0,520.89,3.44,33.82,0.42,0.38
1195,83.2,0.0,100.0,650.85,3.52,37.83,0.58,0.37
1196,51.0,0.03,97.0,562.78,7.65,25.65,0.52,0.41
1197,69.67,0.01,99.0,452.97,5.29,30.81,0.31,0.45
1198,79.67,0.01,99.0,534.24,3.78,42.39,0.67,0.49
1199,78.2,0.01,99.0,460.57,4.0,44.34,0.75,0.4
1200,91.2,0.01,99.0,463.63,2.03,42.18,0.43,0.44
1201,91.27,0.01,99.0,526.39,2.02,43.28,0.44,0.58
1202,80.51,0.03,97.0,252.42,3.09,37.49,0.33,0.51
1203,81.46,0.01,99.0,338.29,3.51,39.05,0.48,0.5
1204,95.2,0.0,100.0,481.75,1.72,43.83,0.54,0.47
1205,46.0,0.02,98.0,439.99,8.65,18.68,0.69,0.51
1206,92.58,0.02,98.0,518.71,1.52,36.18,0.19,0.59
1207,94.61,0.01,99.0,480.77,1.51,37.47,0.37,0.55
1208,63.0,0.0,100.0,463.66,6.55,24.21,0.35,0.42
1209,85.34,0.0,100.0,375.15,3.2,26.45,0.28,0.41
1210,89.07,0.01,99.0,384.92,2.35,41.32,0.44,0.4
1211,90.2,0.01,99.0,458.18,2.18,42.67,0.55,0.42
1212,80.47,0.01,99.0,527.51,3.66,32.11,0.42,0.59
1213,81.07,0.0,100.0,440.31,3.84,37.21,0.63,0.52
1214,94.2,0.01,99.0,513.24,1.58,36.47,0.53,0.51
1215,86.13,0.02,98.0,652.78,2.51,36.81,0.7,0.49
1216,86.07,0.01,99.0,491.71,2.81,43.3,0.5,0.39
1217,89.13,0.02,98.0,409.6,2.05,39.74,0.64,0.44
1218,89.8,0.01,99.0,513.75,2.24,39.47,0.61,0.46
1219,94.6,0.01,99.0,657.88,1.52,43.28,0.48,0.51
1220,86.6,0.0,100.0,393.86,3.01,43.21,0.52,0.37
1221,74.8,0.02,98.0,467.1,4.24,38.73,0.54,0.36
1222,84.87,0.0,100.0,402.76,3.27,31.31,0.42,0.45
1223,88.27,0.03,97.0,379.91,1.89,39.23,0.41,0.46
1224,85.2,0.0,100.0,237.98,3.22,40.66,0.53,0.65
1225,86.93,0.02,98.0,375.22,2.39,43.81,0.63,0.68
1226,88.52,0.01,99.0,470.54,2.44,42.51,0.57,0.39
1227,85.72,0.02,98.0,409.9,2.57,39.2,0.43,0.43
1228,94.13,0.01,99.0,485.23,1.59,42.7,0.44,0.41
1229,77.19,0.0,100.0,475.19,4.42,33.75,0.54,0.5
1230,75.64,0.01,99.0,480.16,4.39,38.33,0.64,0.74
1231,91.39,0.01,99.0,414.6,2.0,34.81,0.44,0.68
1232,55.0,0.02,98.0,630.73,7.28,24.43,0.51,0.57
1233,73.67,0.03,97.0,493.48,4.14,33.47,0.66,0.42
1234,93.4,0.0,100.0,436.73,1.99,37.56,0.54,0.5
1235,84.0,0.04,96.0,191.09,2.25,41.11,0.62,0.43
1236,73.2,0.02,98.0,394.6,4.49,31.82,0.39,0.47
1237,67.0,0.0,100.0,521.82,5.95,23.3,0.38,0.43
1238,88.3,0.01,99.0,415.04,2.47,37.87,0.39,0.49
1239,96.15,0.01,99.0,329.61,1.28,40.36,0.22,0.4
1240,83.53,0.04,96.0,564.47,2.32,37.8,0.47,0.36
1241,89.33,0.02,98.0,437.58,2.02,40.86,0.31,0.42
1242,86.0,0.02,98.0,465.74,2.53,38.84,0.56,0.37
1243,88.13,0.0,100.0,406.21,2.78,36.75,0.58,0.49
1244,76.24,0.02,98.0,518.98,4.02,43.14,0.49,0.47
1245,72.4,0.02,98.0,560.93,4.61,43.7,0.57,0.41
1246,92.94,0.0,100.0,627.7,2.06,40.48,0.49,0.41
1247,74.62,0.02,98.0,333.77,4.27,34.28,0.24,0.46
1248,89.94,0.01,99.0,588.5,2.22,40.81,0.44,0.37
1249,74.41,0.01,99.0,600.57,4.57,42.03,0.65,0.4
1250,40.73,0.03,97.0,435.93,9.24,19.5,0.63,0.46
1251,69.8,0.03,97.0,380.81,4.74,37.8,0.49,0.46
1252,75.2,0.04,96.0,386.79,3.62,28.23,0.27,0.5
1253,81.05,0.03,97.0,548.84,3.0,42.67,0.37,0.48
1254,81.2,0.04,96.0,353.01,2.69,36.68,0.3,0.5
1255,77.07,0.0,100.0,323.28,4.44,36.06,0.51,0.51
1256,85.93,0.01,99.0,363.65,2.83,45.05,0.62,0.47
1257,41.44,0.05,95.0,281.8,8.67,18.19,0.36,0.45
1258,86.67,0.02,98.0,418.9,2.43,37.54,0.48,0.36
1259,85.87,0.03,97.0,378.01,2.26,37.54,0.44,0.43
1260,87.47,0.01,99.0,465.74,2.6,35.46,0.44,0.38
1261,84.59,0.0,100.0,459.8,3.31,43.3,0.38,0.38
1262,87.34,0.01,99.0,538.55,2.61,39.77,0.68,0.36
1263,90.18,0.01,99.0,490.24,2.19,41.03,0.67,0.4
1264,91.2,0.0,100.0,408.71,2.32,42.73,0.7,0.37
1265,63.33,0.02,98.0,327.86,6.0,32.45,0.42,0.56
1266,75.74,0.06,94.0,262.64,2.96,29.99,0.34,0.42
1267,85.62,0.01,99.0,398.09,2.88,39.57,0.51,0.34
1268,73.8,0.03,97.0,406.42,4.12,36.47,0.61,0.36
1269,95.35,0.0,100.0,377.31,1.7,39.78,0.37,0.34
1270,77.0,0.02,98.0,454.21,3.91,41.53,0.4,0.38
1271,88.42,0.01,99.0,307.94,2.45,37.46,0.64,0.41
1272,80.65,0.02,98.0,485.65,3.35,39.03,0.61,0.54
1273,92.73,0.01,99.0,452.07,1.8,42.13,0.46,0.45
1274,82.87,0.03,97.0,502.64,2.72,41.34,0.6,0.43
1275,79.47,0.0,100.0,432.29,4.08,43.29,0.66,0.44
1276,83.0,0.03,97.0,505.61,2.7,38.03,0.47,0.6
1277,93.36,0.01,99.0,509.29,1.7,39.24,0.42,0.53
1278,90.25,0.0,100.0,406.4,2.46,35.72,0.31,0.39
1279,67.95,0.05,95.0,484.1,4.48,40.41,0.27,0.34
1280,89.84,0.03,97.0,480.84,1.64,40.92,0.3,0.69
1281,84.41,0.01,99.0,482.77,3.06,37.56,0.42,0.63
1282,87.18,0.01,99.0,390.81,2.64,33.39,0.31,0.48
1283,56.0,0.01,99.0,327.89,7.36,23.86,0.49,0.58
1284,90.94,0.02,98.0,361.48,1.77,35.35,0.31,0.53
1285,88.56,0.02,98.0,429.78,2.14,37.61,0.46,0.68
1286,93.33,0.0,100.0,501.08,2.0,35.54,0.5,0.69
1287,89.24,0.02,98.0,432.48,2.03,38.74,0.47,0.73
1288,94.6,0.0,100.0,336.23,1.81,44.93,0.53,0.6
1289,91.73,0.02,98.0,524.47,1.65,38.23,0.46,0.71
1290,93.17,0.0,100.0,257.0,2.02,40.63,0.62,0.63
1291,83.71,0.01,99.0,512.45,3.16,43.85,0.54,0.65
1292,89.76,0.03,97.0,349.72,1.66,39.68,0.23,0.55
1293,90.87,0.0,100.0,432.74,2.37,39.84,0.44,0.44
1294,73.98,0.0,100.0,382.49,4.9,23.16,0.24,0.45
1295,82.77,0.02,98.0,570.77,3.02,41.66,0.57,0.47
1296,94.63,0.0,100.0,296.81,1.81,38.27,0.35,0.4
1297,85.73,0.02,98.0,480.17,2.57,40.99,0.72,0.4
1298,86.13,0.02,98.0,344.44,2.51,37.21,0.69,0.4
1299,92.99,0.02,98.0,478.42,1.46,39.73,0.5,0.35
1300,74.53,0.02,98.0,592.84,4.29,36.85,0.73,0.38
1301,85.8,0.01,99.0,507.51,2.85,40.2,0.69,0.42
1302,71.58,0.02,98.0,444.56,4.74,22.01,0.45,0.47
1303,83.2,0.03,97.0,487.08,2.67,46.35,0.49,0.43
1304,93.2,0.01,99.0,363.95,1.73,36.68,0.49,0.51
1305,87.73,0.02,98.0,391.79,2.27,32.46,0.68,0.54
1306,90.5,0.01,99.0,142.99,2.14,41.66,0.7,0.67
1307,71.0,0.01,99.0,506.11,5.09,38.1,0.52,0.39
1308,93.0,0.01,99.0,348.13,1.76,38.3,0.48,0.42
1309,84.33,0.01,99.0,549.78,3.07,42.75,0.43,0.41
1310,57.13,0.01,99.0,485.0,7.19,26.97,0.54,0.38
1311,95.73,0.0,100.0,326.75,1.64,37.26,0.48,0.48
1312,87.13,0.01,99.0,451.1,2.65,39.27,0.56,0.69
1313,94.4,0.0,100.0,492.46,1.84,34.29,0.57,0.55
1314,90.84,0.02,98.0,378.93,1.79,39.95,0.17,0.5
1315,49.73,0.02,98.0,441.76,8.08,21.12,0.59,0.76
1316,77.13,0.01,99.0,384.82,4.16,41.6,0.52,0.66
1317,93.4,0.01,99.0,346.27,1.7,36.18,0.46,0.46
1318,89.4,0.01,99.0,370.31,2.3,33.99,0.72,0.59
1319,84.13,0.0,100.0,431.41,3.38,31.91,0.38,0.64
1320,94.13,0.01,99.0,373.27,1.59,43.93,0.44,0.42
1321,68.03,0.04,96.0,475.79,4.75,32.76,0.54,0.4
1322,80.13,0.01,99.0,470.64,3.71,38.54,0.55,0.44
1323,68.64,0.03,97.0,398.55,4.92,35.07,0.62,0.4
1324,98.1,0.0,100.0,394.3,1.29,37.58,0.34,0.42
1325,77.28,0.03,97.0,450.04,3.59,38.26,0.5,0.4
1326,84.0,0.01,99.0,258.06,3.12,29.92,0.32,0.4
1327,92.53,0.0,100.0,383.0,2.12,41.23,0.53,0.57
1328,83.53,0.0,100.0,461.98,3.47,33.02,0.36,0.58
1329,86.4,0.02,98.0,306.22,2.47,36.28,0.67,0.55
1330,92.43,0.0,100.0,366.44,2.14,39.82,0.38,0.39
1331,89.27,0.02,98.0,557.75,2.03,40.38,0.69,0.58
1332,94.07,0.01,99.0,390.86,1.6,41.31,0.51,0.65
1333,87.67,0.01,99.0,191.97,2.57,39.16,0.72,0.61
1334,88.33,0.01,99.0,498.73,2.46,41.3,0.63,0.49
1335,83.65,0.02,98.0,543.79,2.89,45.42,0.56,0.37
1336,80.0,0.0,100.0,556.13,4.0,46.35,0.72,0.6
1337,97.0,0.0,100.0,217.34,1.45,36.4,0.34,0.61
1338,85.87,0.0,100.0,404.34,3.12,41.83,0.69,0.71
1339,62.22,0.07,93.0,421.34,4.84,42.05,0.6,0.61
1340,79.77,0.01,99.0,469.06,3.76,27.96,0.46,0.73
1341,91.47,0.0,100.0,376.04,2.28,43.68,0.74,0.51
1342,88.8,0.02,98.0,334.45,2.1,38.77,0.5,0.34
1343,77.4,0.01,99.0,521.37,4.12,37.34,0.72,0.66
1344,95.8,0.01,99.0,286.91,1.33,38.95,0.46,0.68
1345,76.6,0.01,99.0,559.45,4.24,42.26,0.57,0.61
1346,75.81,0.0,100.0,505.11,4.63,40.91,0.68,0.46
1347,86.7,0.01,99.0,449.11,2.71,33.26,0.39,0.39
1348,92.8,0.0,100.0,360.9,2.08,42.88,0.49,0.55
1349,93.75,0.02,98.0,414.87,1.34,42.14,0.37,0.58
1350,90.2,0.02,98.0,462.13,1.89,45.38,0.47,0.58
1351,74.74,0.0,100.0,622.53,4.79,25.48,0.48,0.62
1352,88.27,0.02,98.0,529.09,2.18,41.18,0.58,0.76
1353,87.47,0.0,100.0,564.89,2.88,39.7,0.65,0.62
1354,92.2,0.02,98.0,498.75,1.58,42.03,0.36,0.55
1355,94.86,0.0,100.0,280.62,1.77,41.5,0.34,0.65
1356,94.19,0.01,99.0,350.12,1.58,38.6,0.47,0.9
1357,89.02,0.0,100.0,241.91,2.65,38.71,0.61,0.58
1358,51.53,0.05,95.0,165.5,7.07,20.16,0.3,0.82
1359,54.0,0.01,99.0,416.5,7.67,25.59,0.31,0.58
1360,91.72,0.0,100.0,485.05,2.24,45.86,0.43,0.69
1361,73.83,0.02,98.0,430.72,4.39,40.76,0.56,0.85
1362,90.32,0.01,99.0,443.08,2.16,43.93,0.22,0.42
1363,90.13,0.01,99.0,412.14,2.19,37.58,0.49,0.73
1364,64.41,0.0,100.0,102.1,6.34,17.01,0.22,0.83
1365,85.08,0.0,100.0,537.02,3.24,36.59,0.41,0.7
1366,89.04,0.02,98.0,366.33,2.07,35.63,0.39,0.56
1367,92.67,0.0,100.0,208.24,2.1,35.39,0.63,0.77
1368,25.4,0.09,91.0,170.39,10.33,14.42,0.34,0.42
1369,82.16,0.01,99.0,360.62,3.4,25.94,0.51,0.58
1370,88.13,0.03,97.0,437.91,1.91,41.68,0.45,0.97
1371,80.73,0.01,99.0,465.49,3.62,30.07,0.45,0.63
1372,86.07,0.01,99.0,449.26,2.81,41.37,0.55,0.39
1373,93.46,0.0,100.0,452.98,1.98,40.85,0.36,0.41
1374,92.0,0.0,100.0,541.3,2.2,41.96,0.51,0.35
1375,80.93,0.0,100.0,501.02,3.86,42.89,0.62,0.39
1376,45.93,0.01,99.0,354.29,8.89,19.38,0.57,0.42
1377,64.95,0.02,98.0,169.39,5.75,23.54,0.16,0.49
1378,89.27,0.0,100.0,365.31,2.61,37.92,0.56,0.43
1379,79.73,0.05,95.0,461.69,2.62,38.81,0.38,0.38
1380,75.9,0.04,96.0,271.24,3.52,39.64,0.33,0.43
1381,96.07,0.0,100.0,548.81,1.59,41.15,0.48,0.37
1382,67.4,0.04,96.0,431.85,4.84,26.23,0.44,0.36
1383,94.44,0.0,100.0,393.54,1.83,39.83,0.4,0.38
1384,87.47,0.02,98.0,402.64,2.31,41.58,0.5,0.36
1385,81.6,0.02,98.0,506.85,3.2,37.83,0.65,0.39
1386,90.4,0.01,99.0,492.42,2.15,36.87,0.32,0.35
1387,88.53,0.02,98.0,691.44,2.14,45.17,0.7,0.33
1388,82.07,0.0,100.0,471.55,3.69,36.11,0.49,0.42
1389,89.0,0.01,99.0,619.38,2.36,42.34,0.28,0.66
1390,85.8,0.0,100.0,287.85,3.13,37.91,0.46,0.87
1391,88.13,0.02,98.0,706.21,2.2,37.7,0.73,0.7
1392,87.8,0.0,100.0,438.81,2.83,39.04,0.51,0.71
1393,86.4,0.0,100.0,572.08,3.04,39.1,0.63,0.57
1394,87.68,0.03,97.0,426.38,1.98,38.84,0.37,0.5
1395,91.78,0.0,100.0,333.76,2.23,40.52,0.44,0.4
1396,73.53,0.02,98.0,487.75,4.44,30.75,0.42,0.48
1397,79.96,0.02,98.0,375.52,3.46,36.83,0.45,0.56
1398,75.93,0.01,99.0,460.52,4.34,31.83,0.39,0.42
1399,87.73,0.0,100.0,500.36,2.84,42.02,0.41,0.63
1400,90.67,0.03,97.0,405.1,1.52,41.9,0.45,0.8
1401,87.6,0.0,100.0,393.35,2.86,39.54,0.63,0.52
1402,87.88,0.04,96.0,574.94,1.64,44.63,0.3,0.49
1403,92.1,0.01,99.0,494.6,1.89,42.95,0.41,0.39
1404,45.07,0.04,96.0,443.47,8.33,22.05,0.6,0.39
1405,81.02,0.01,99.0,515.57,3.57,38.22,0.26,0.41
1406,90.58,0.01,99.0,418.3,2.12,35.95,0.37,0.4
1407,85.49,0.01,99.0,409.38,2.9,35.71,0.59,0.39
1408,81.4,0.03,97.0,425.36,2.95,35.16,0.4,0.42
1409,82.93,0.02,98.0,680.69,3.0,42.13,0.43,0.65
1410,90.8,0.01,99.0,518.37,2.09,40.62,0.44,0.67
1411,82.01,0.02,98.0,590.29,3.14,38.03,0.6,0.76
1412,83.8,0.06,94.0,530.64,1.67,39.59,0.35,0.86
1413,59.67,0.02,98.0,538.77,6.56,26.62,0.42,0.57
1414,77.33,0.0,100.0,593.97,4.4,44.03,0.71,0.66
1415,83.8,0.0,100.0,546.02,3.43,39.52,0.43,0.44
1416,73.01,0.03,97.0,610.73,4.25,26.71,0.49,0.42
1417,86.14,0.02,98.0,629.01,2.51,46.04,0.5,0.39
1418,79.4,0.02,98.0,548.86,3.54,31.71,0.51,0.38
1419,88.27,0.02,98.0,468.9,2.18,45.81,0.5,0.39
1420,87.33,0.02,98.0,365.09,2.33,37.46,0.43,0.42
1421,72.2,0.03,97.0,512.31,4.37,45.74,0.7,0.4
1422,92.2,0.01,99.0,477.2,1.88,38.41,0.48,0.42
1423,55.27,0.01,99.0,573.62,7.47,28.46,0.36,0.54
1424,36.83,0.07,93.0,386.74,8.93,19.63,0.38,0.47
1425,85.0,0.01,99.0,524.26,2.97,39.85,0.67,0.44
1426,90.28,0.02,98.0,467.62,1.88,40.07,0.44,0.38
1427,88.47,0.02,98.0,438.58,2.15,36.35,0.37,0.79
1428,81.0,0.02,98.0,379.74,3.3,37.93,0.59,0.87
1429,81.78,0.01,99.0,432.41,3.46,31.01,0.37,0.82
1430,74.0,0.0,100.0,367.02,4.9,41.55,0.62,0.53
1431,89.07,0.0,100.0,314.82,2.64,30.83,0.35,0.85
1432,91.07,0.02,98.0,325.54,1.76,34.08,0.28,0.98
1433,91.73,0.0,100.0,462.63,2.24,34.78,0.63,1.14
1434,84.38,0.01,99.0,440.99,3.06,36.87,0.39,1.05
1435,92.2,0.0,100.0,362.18,2.17,37.56,0.46,0.4
1436,94.5,0.0,100.0,282.48,1.83,37.83,0.38,0.55
1437,93.48,0.02,98.0,298.84,1.39,39.8,0.46,0.54
1438,90.13,0.01,99.0,363.56,2.19,43.72,0.46,0.45
1439,64.4,0.02,98.0,327.98,5.84,31.68,0.48,0.45
1440,88.11,0.01,99.0,314.39,2.5,42.88,0.49,0.43
1441,93.2,0.0,100.0,315.34,2.02,38.57,0.33,0.45
1442,67.19,0.02,98.0,328.43,5.41,23.08,0.14,0.41
1443,87.4,0.01,99.0,358.0,2.61,36.66,0.62,0.48
1444,85.71,0.0,100.0,384.24,3.14,40.97,0.56,0.6
1445,85.4,0.01,99.0,377.34,2.91,40.94,0.56,0.5
1446,85.18,0.01,99.0,451.62,2.94,39.96,0.47,0.53
1447,93.47,0.0,100.0,330.45,1.98,36.13,0.44,0.44
1448,95.13,0.01,99.0,347.7,1.43,36.67,0.29,0.4
1449,91.87,0.0,100.0,439.19,2.22,39.43,0.45,0.5
1450,72.77,0.06,94.0,216.38,3.43,31.33,0.37,0.59
1451,76.64,0.01,99.0,355.52,4.24,38.77,0.41,0.52
1452,61.17,0.03,97.0,189.41,6.08,27.57,0.25,0.49
1453,74.87,0.02,98.0,362.7,4.23,26.58,0.51,0.45
1454,87.89,0.02,98.0,335.36,2.24,34.19,0.53,0.7
1455,89.07,0.01,99.0,402.73,2.35,42.22,0.57,0.38
1456,91.8,0.0,100.0,369.48,2.23,34.45,0.42,0.42
1457,88.56,0.01,99.0,659.36,2.43,36.14,0.69,0.49
1458,91.47,0.0,100.0,485.87,2.28,44.97,0.7,0.54
1459,92.6,0.01,99.0,365.48,1.82,40.04,0.48,0.44
1460,90.07,0.01,99.0,342.19,2.2,39.92,0.72,0.64
1461,90.73,0.03,97.0,379.21,1.51,37.92,0.38,0.44
1462,83.67,0.03,97.0,351.39,2.6,40.69,0.42,0.61
1463,95.4,0.01,99.0,431.23,1.39,41.99,0.53,0.45
1464,85.4,0.01,99.0,407.21,2.91,38.84,0.62,0.4
1465,91.6,0.01,99.0,488.86,1.97,44.19,0.59,0.39
1466,78.43,0.02,98.0,327.31,3.69,29.95,0.31,0.36
1467,87.58,0.01,99.0,554.09,2.58,38.39,0.68,0.43
1468,74.3,0.04,96.0,255.77,3.77,31.97,0.37,0.67
1469,82.67,0.01,99.0,566.46,3.32,33.22,0.33,0.55
1470,77.0,0.03,97.0,394.68,3.63,33.49,0.34,0.51
1471,73.33,0.0,100.0,328.91,5.0,32.08,0.62,0.52
1472,48.53,0.0,100.0,450.28,8.72,18.94,0.42,0.56
1473,83.48,0.02,98.0,575.4,2.92,42.8,0.67,0.66
1474,87.53,0.02,98.0,369.02,2.3,41.23,0.31,0.54
1475,88.67,0.0,100.0,378.02,2.7,38.33,0.49,0.37
1476,62.83,0.02,98.0,435.39,6.08,24.53,0.36,0.49
1477,90.26,0.02,98.0,534.04,1.88,42.93,0.41,0.97
1478,87.87,0.0,100.0,339.57,2.82,30.5,0.25,0.37
1479,84.24,0.02,98.0,137.98,2.8,38.18,0.4,0.42
1480,77.8,0.02,98.0,340.06,3.79,34.3,0.57,0.76
1481,89.8,0.0,100.0,294.84,2.53,40.14,0.48,0.56
1482,85.8,0.01,99.0,584.33,2.85,41.77,0.46,1.17
1483,86.44,0.02,98.0,302.29,2.46,40.44,0.56,1.15
1484,81.21,0.01,99.0,443.42,3.54,38.73,0.48,0.72
1485,78.33,0.03,97.0,356.8,3.42,30.72,0.25,0.81
1486,90.15,0.0,100.0,361.19,2.48,35.81,0.61,1.11
1487,81.45,0.04,96.0,226.49,2.65,31.82,0.31,0.46
1488,88.12,0.03,97.0,396.6,1.91,35.67,0.38,0.66
1489,76.28,0.05,95.0,553.37,3.17,34.45,0.55,0.5
1490,88.65,0.04,96.0,227.65,1.52,35.28,0.27,0.69
1491,68.01,0.09,91.0,188.15,3.31,30.0,0.16,0.5
1492,91.67,0.0,100.0,418.14,2.25,38.66,0.37,0.91
1493,86.53,0.02,98.0,631.82,2.45,39.15,0.69,0.95
1494,89.04,0.02,98.0,534.81,2.06,35.59,0.55,0.55
1495,80.53,0.0,100.0,314.63,3.92,37.34,0.37,0.59
1496,75.22,0.04,96.0,340.9,3.62,39.26,0.61,0.64
1497,91.13,0.01,99.0,353.67,2.04,31.6,0.73,0.62
1498,91.47,0.01,99.0,440.86,1.99,42.17,0.53,0.55
1499,93.13,0.0,100.0,456.71,2.03,39.31,0.5,0.36
1500,95.6,0.01,99.0,392.61,1.67,40.2,0.27,0.39
1501,79.47,0.0,100.0,407.79,4.08,37.37,0.36,0.73
1502,79.97,0.0,100.0,579.75,4.0,37.3,0.36,0.71
1503,79.05,0.0,100.0,269.02,4.14,32.97,0.28,0.46
1504,72.11,0.04,96.0,473.31,4.11,27.93,0.49,0.45
1505,87.42,0.02,98.0,350.13,2.31,38.9,0.59,0.79
1506,68.6,0.01,99.0,427.58,5.45,37.11,0.66,0.7
1507,85.28,0.02,98.0,486.96,2.64,33.39,0.54,0.73
1508,88.6,0.02,98.0,546.08,2.13,37.13,0.5,0.76
1509,84.07,0.0,100.0,606.33,3.39,30.57,0.34,0.76
1510,84.49,0.05,95.0,316.57,1.87,37.42,0.51,0.49
1511,90.93,0.0,100.0,219.74,2.36,42.84,0.48,0.41
1512,85.65,0.04,96.0,453.52,1.99,33.6,0.34,0.42
1513,80.93,0.02,98.0,146.83,3.31,38.23,0.64,0.41
1514,88.2,0.01,99.0,345.99,2.48,39.65,0.44,0.58
1515,89.73,0.01,99.0,336.31,2.25,36.12,0.47,0.44
1516,52.6,0.01,99.0,388.94,7.88,20.74,0.55,0.42
1517,88.53,0.04,96.0,335.88,1.54,40.22,0.28,0.43
1518,50.73,0.01,99.0,427.53,8.16,21.14,0.69,0.55
1519,95.81,0.0,100.0,466.19,1.63,42.0,0.4,0.55
1520,85.32,0.04,96.0,402.68,2.04,41.26,0.58,0.58
1521,96.0,0.03,97.0,186.11,1.0,24.12,0.1,0.7
1522,76.67,0.01,99.0,410.14,4.23,25.27,0.46,0.69
1523,93.13,0.0,100.0,299.14,2.03,39.44,0.49,0.78
1524,91.07,0.0,100.0,334.23,2.34,37.32,0.4,0.61
1525,92.63,0.01,99.0,331.45,1.81,39.52,0.5,0.43
1526,76.57,0.0,100.0,410.62,4.51,29.82,0.43,0.4
1527,87.95,0.0,100.0,201.51,2.81,35.26,0.21,0.37
1528,86.46,0.04,96.0,324.68,1.87,40.19,0.47,0.64
1529,87.93,0.03,97.0,515.56,1.94,41.8,0.53,0.77
1530,90.2,0.01,99.0,336.6,2.18,47.19,0.48,0.46
1531,80.7,0.0,100.0,438.49,3.89,41.23,0.68,0.44
1532,89.33,0.0,100.0,419.74,2.6,44.79,0.33,0.88
1533,91.47,0.01,99.0,336.52,1.99,46.85,0.75,1.08
1534,82.33,0.01,99.0,387.71,3.37,46.51,0.52,0.84
1535,89.07,0.02,98.0,396.17,2.06,41.03,0.51,0.52
1536,78.21,0.01,99.0,396.04,4.0,32.46,0.38,0.41
1537,83.87,0.02,98.0,360.83,2.86,38.44,0.47,0.71
1538,89.65,0.0,100.0,406.67,2.55,39.32,0.6,0.68
1539,56.93,0.0,100.0,380.82,7.46,21.42,0.67,0.65
1540,79.91,0.0,100.0,360.09,4.01,30.1,0.51,0.58
1541,92.87,0.02,98.0,430.98,1.48,39.88,0.36,0.59
1542,84.2,0.0,100.0,406.34,3.37,39.21,0.56,0.56
1543,85.74,0.0,100.0,462.59,3.14,42.17,0.45,0.6
1544,80.27,0.02,98.0,339.7,3.41,30.65,0.55,0.62
1545,77.84,0.02,98.0,381.74,3.78,36.43,0.34,0.6
1546,79.87,0.01,99.0,459.82,3.75,32.5,0.44,0.62
1547,92.26,0.03,97.0,366.45,1.27,38.51,0.29,0.72
1548,89.6,0.03,97.0,297.55,1.68,42.61,0.45,0.43
1549,73.85,0.01,99.0,400.61,4.66,42.69,0.58,0.42
1550,95.23,0.0,100.0,435.8,1.72,39.37,0.49,0.47
1551,88.0,0.02,98.0,592.79,2.22,40.22,0.46,0.42
1552,85.09,0.01,99.0,536.45,2.96,39.57,0.39,0.62
1553,88.27,0.02,98.0,434.7,2.18,40.13,0.65,0.72
1554,88.09,0.0,100.0,471.19,2.79,42.49,0.67,0.75
1555,91.33,0.01,99.0,433.43,2.01,39.03,0.42,0.86
1556,88.16,0.01,99.0,415.66,2.49,41.91,0.45,0.6
1557,84.79,0.02,98.0,261.57,2.72,38.28,0.37,0.54
1558,84.27,0.0,100.0,440.68,3.36,26.65,0.42,0.56
1559,88.78,0.02,98.0,316.84,2.1,38.65,0.28,0.56
1560,78.9,0.04,96.0,316.9,3.05,37.78,0.67,0.59
1561,56.15,0.02,98.0,102.87,7.1,21.49,0.1,0.78
1562,93.4,0.0,100.0,618.91,1.99,35.03,0.4,0.79
1563,90.6,0.03,97.0,508.82,1.53,34.96,0.46,0.65
1564,88.64,0.0,100.0,449.06,2.7,40.77,0.49,0.54
1565,76.0,0.0,100.0,291.81,4.6,33.9,0.64,0.55
1566,90.2,0.01,99.0,423.85,2.18,39.73,0.72,0.38
1567,80.0,0.0,100.0,320.56,4.0,40.17,0.75,0.41
1568,67.2,0.02,98.0,356.53,5.41,32.88,0.43,0.58
1569,87.9,0.02,98.0,321.57,2.24,36.38,0.67,0.5
1570,84.54,0.03,97.0,310.51,2.46,36.45,0.38,0.66
1571,88.7,0.02,98.0,376.67,2.12,41.01,0.39,0.65
1572,92.13,0.01,99.0,354.98,1.89,40.4,0.55,0.73
1573,91.96,0.01,99.0,220.64,1.92,39.03,0.56,0.37
1574,74.8,0.02,98.0,419.06,4.24,38.24,0.73,0.42
1575,78.87,0.01,99.0,475.2,3.9,38.37,0.47,0.47
1576,90.53,0.0,100.0,401.9,2.42,37.67,0.61,0.43
1577,90.73,0.0,100.0,309.26,2.39,44.52,0.41,0.4
1578,88.27,0.02,98.0,394.25,2.18,40.39,0.58,0.38
1579,91.47,0.0,100.0,235.32,2.28,38.94,0.7,0.39
1580,91.17,0.02,98.0,398.33,1.74,40.74,0.45,0.38
1581,75.33,0.02,98.0,307.82,4.16,38.53,0.69,0.42
1582,89.27,0.01,99.0,264.82,2.32,38.59,0.65,0.4
1583,90.4,0.0,100.0,275.63,2.44,36.3,0.71,0.38
1584,90.4,0.01,99.0,355.71,2.15,36.41,0.61,0.51
1585,84.87,0.03,97.0,297.04,2.41,43.48,0.71,0.37
1586,93.13,0.01,99.0,443.49,1.74,38.35,0.45,0.37
1587,84.74,0.0,100.0,134.05,3.29,25.83,0.29,0.39
1588,85.38,0.02,98.0,489.89,2.63,46.07,0.53,0.45
1589,76.6,0.01,99.0,485.66,4.24,39.42,0.71,0.47
1590,94.77,0.0,100.0,346.7,1.78,41.96,0.51,0.4
1591,83.8,0.01,99.0,414.87,3.15,36.45,0.51,0.47
1592,68.7,0.03,97.0,314.62,4.91,22.89,0.2,0.39
1593,91.4,0.01,99.0,476.57,2.0,40.95,0.27,0.37
1594,85.73,0.02,98.0,269.45,2.57,42.12,0.53,0.38
1595,89.06,0.01,99.0,213.12,2.35,34.48,0.55,0.4
1596,74.64,0.02,98.0,391.6,4.27,41.5,0.56,0.38
1597,90.93,0.0,100.0,428.66,2.36,40.96,0.35,0.36
1598,93.59,0.0,100.0,403.65,1.96,40.66,0.51,0.4
1599,91.37,0.0,100.0,533.62,2.29,43.33,0.52,0.42
1600,76.16,0.01,99.0,465.13,4.31,40.96,0.68,0.39
1601,91.94,0.01,99.0,373.41,1.92,37.8,0.49,0.41
1602,85.16,0.0,100.0,569.09,3.23,42.07,0.43,0.48
1603,92.25,0.0,100.0,369.04,2.16,39.06,0.36,0.45
1604,76.6,0.01,99.0,595.19,4.24,37.81,0.73,0.37
1605,83.6,0.0,100.0,443.94,3.46,40.57,0.54,0.4
1606,78.46,0.01,99.0,449.02,3.96,26.99,0.45,0.35
1607,88.96,0.0,100.0,366.35,2.66,35.84,0.32,0.37
1608,90.93,0.0,100.0,444.14,2.36,39.94,0.67,0.39
1609,88.92,0.01,99.0,365.93,2.38,37.33,0.49,0.37
1610,88.73,0.03,97.0,304.12,1.81,37.08,0.34,0.34
1611,88.36,0.01,99.0,422.44,2.46,38.36,0.5,0.36
1612,88.7,0.0,100.0,428.44,2.7,38.93,0.46,0.39
1613,78.13,0.0,100.0,365.24,4.28,39.53,0.49,0.4
1614,79.87,0.01,99.0,502.72,3.75,38.72,0.66,0.34
1615,76.4,0.02,98.0,701.83,4.0,37.43,0.75,0.44
1616,89.53,0.02,98.0,397.54,1.99,40.3,0.44,0.36
1617,85.4,0.01,99.0,406.61,2.91,42.47,0.28,0.44
1618,91.49,0.0,100.0,480.36,2.28,41.21,0.54,0.63
1619,84.87,0.0,100.0,626.09,3.27,36.71,0.52,0.63
1620,95.0,0.01,99.0,421.95,1.45,38.71,0.44,0.65
1621,87.61,0.01,99.0,482.81,2.57,42.64,0.7,0.85
1622,78.2,0.01,99.0,444.34,4.0,43.52,0.68,0.7
1623,82.37,0.02,98.0,385.4,3.09,29.02,0.32,0.38
1624,89.07,0.02,98.0,390.18,2.06,38.97,0.62,0.47
1625,90.2,0.01,99.0,329.44,2.18,38.11,0.48,0.68
1626,90.8,0.01,99.0,543.09,2.09,38.81,0.52,0.89
1627,74.71,0.02,98.0,549.54,4.26,42.93,0.6,0.67
1628,93.2,0.0,100.0,430.39,2.02,38.66,0.53,0.46
1629,89.71,0.0,100.0,251.3,2.54,33.24,0.27,0.5
1630,92.8,0.0,100.0,281.25,2.08,35.82,0.26,0.66
1631,86.2,0.03,97.0,422.08,2.21,40.2,0.55,0.62
1632,93.67,0.0,100.0,379.39,1.95,39.27,0.44,0.72
1633,82.29,0.0,100.0,484.04,3.66,33.14,0.51,0.76
1634,90.53,0.0,100.0,565.95,2.42,33.11,0.67,0.64
1635,52.27,0.0,100.0,456.66,8.16,19.47,0.63,0.86
1636,91.6,0.0,100.0,448.16,2.26,39.39,0.71,0.8
1637,89.57,0.0,100.0,548.02,2.56,36.36,0.55,0.72
1638,62.4,0.04,96.0,612.5,5.62,30.03,0.65,0.4
1639,87.52,0.01,99.0,293.06,2.59,40.77,0.42,0.4
1640,90.73,0.01,99.0,329.13,2.1,36.17,0.58,0.38
1641,78.6,0.02,98.0,448.81,3.66,27.31,0.5,0.36
1642,90.0,0.0,100.0,220.82,2.5,36.6,0.57,0.35
1643,82.07,0.01,99.0,404.19,3.41,41.15,0.63,0.41
1644,86.31,0.0,100.0,378.26,3.05,37.54,0.55,0.36
1645,83.4,0.0,100.0,548.19,3.49,26.51,0.36,0.59
1646,93.27,0.01,99.0,408.79,1.72,39.91,0.34,0.65
1647,82.48,0.02,98.0,565.19,3.07,41.05,0.46,1.0
1648,95.45,0.0,100.0,540.49,1.68,38.06,0.49,0.81
1649,85.0,0.04,96.0,218.99,2.09,38.71,0.41,0.75
1650,87.8,0.03,97.0,484.36,1.96,37.95,0.32,0.57
1651,72.14,0.03,97.0,373.39,4.38,37.67,0.62,0.52
1652,93.33,0.01,99.0,436.97,1.71,40.91,0.5,0.34
1653,91.64,0.0,100.0,476.11,2.25,40.4,0.43,0.35
1654,84.08,0.01,99.0,318.2,3.11,41.04,0.17,0.37
1655,90.61,0.01,99.0,493.43,2.12,45.73,0.47,0.68
1656,94.33,0.0,100.0,259.8,1.85,38.58,0.38,1.0
1657,82.0,0.02,98.0,451.01,3.14,41.27,0.45,0.83
1658,89.6,0.02,98.0,449.4,1.98,40.29,0.35,0.95
1659,87.04,0.04,96.0,326.12,1.78,42.67,0.39,0.87
1660,89.27,0.0,100.0,475.75,2.61,31.75,0.33,0.71
1661,91.93,0.01,99.0,378.03,1.92,40.15,0.27,0.78
1662,89.25,0.01,99.0,510.36,2.33,40.69,0.43,0.81
1663,74.05,0.0,100.0,230.07,4.89,32.88,0.29,0.91
1664,84.6,0.03,97.0,376.44,2.45,41.54,0.24,0.54
1665,87.4,0.01,99.0,290.96,2.61,36.32,0.65,0.5
1666,94.27,0.0,100.0,470.22,1.86,40.41,0.41,0.4
1667,90.07,0.01,99.0,572.89,2.2,39.09,0.39,0.38
1668,92.67,0.0,100.0,478.68,2.1,43.78,0.6,0.35
1669,87.87,0.02,98.0,470.6,2.24,44.27,0.72,0.34
1670,86.8,0.04,96.0,431.97,1.81,36.01,0.28,0.38
1671,93.07,0.0,100.0,444.27,2.04,38.54,0.68,0.67
1672,93.73,0.01,99.0,332.59,1.65,35.41,0.49,1.15
1673,86.4,0.0,100.0,414.41,3.04,38.24,0.63,0.66
1674,70.98,0.02,98.0,366.84,4.83,41.13,0.63,0.4
1675,90.61,0.01,99.0,434.0,2.12,36.72,0.19,0.39
1676,87.47,0.0,100.0,511.32,2.88,35.39,0.55,0.41
1677,84.82,0.03,97.0,311.96,2.42,37.62,0.66,0.38
1678,89.31,0.02,98.0,418.1,2.02,38.34,0.45,0.38
1679,91.53,0.01,99.0,451.1,1.98,41.38,0.61,0.49
1680,89.67,0.02,98.0,446.56,1.97,42.99,0.58,0.84
1681,91.28,0.01,99.0,400.09,2.02,37.1,0.55,0.68
1682,80.6,0.01,99.0,437.63,3.64,38.86,0.47,0.4
1683,82.87,0.03,97.0,487.52,2.72,37.97,0.59,0.55
1684,96.8,0.0,100.0,398.19,1.48,38.51,0.49,0.36
1685,79.96,0.02,98.0,511.66,3.45,35.37,0.41,0.36
1686,81.8,0.01,99.0,378.48,3.45,40.5,0.65,0.35
1687,92.78,0.01,99.0,384.64,1.79,33.52,0.26,0.37
1688,94.12,0.01,99.0,481.08,1.59,34.92,0.3,0.57
1689,75.28,0.01,99.0,420.62,4.44,36.41,0.7,0.65
1690,77.93,0.01,99.0,486.05,4.04,40.77,0.61,0.61
1691,88.22,0.02,98.0,466.05,2.19,37.19,0.42,0.86
1692,74.0,0.02,98.0,515.09,4.37,40.86,0.51,0.61
1693,88.2,0.01,99.0,379.77,2.48,42.96,0.56,0.35
1694,94.4,0.0,100.0,384.83,1.84,43.39,0.4,0.4
1695,87.67,0.01,99.0,367.54,2.57,43.29,0.55,0.71
1696,90.46,0.02,98.0,367.58,1.85,38.74,0.45,0.66
1697,65.67,0.01,99.0,528.85,5.9,25.41,0.34,0.82
1698,93.25,0.0,100.0,481.32,2.01,41.32,0.52,0.44
1699,85.53,0.01,99.0,404.71,2.89,40.88,0.59,0.48
1700,91.33,0.0,100.0,437.42,2.3,36.01,0.46,0.9
1701,52.8,0.0,100.0,353.5,8.08,22.13,0.75,0.83
1702,95.8,0.0,100.0,489.24,1.63,38.72,0.34,0.77
1703,93.31,0.02,98.0,497.43,1.41,38.08,0.36,0.58
1704,92.87,0.01,99.0,375.88,1.78,40.62,0.33,0.41
1705,77.47,0.02,98.0,386.04,3.84,37.28,0.59,0.37
1706,47.6,0.02,98.0,297.68,8.41,19.16,0.64,0.61
1707,81.6,0.0,100.0,485.16,3.76,36.34,0.65,0.52
1708,89.73,0.0,100.0,464.02,2.54,38.35,0.3,0.87
1709,91.84,0.02,98.0,424.09,1.64,35.48,0.53,0.88
1710,71.0,0.01,99.0,396.68,5.09,40.11,0.62,0.79
1711,85.13,0.01,99.0,326.85,2.95,36.97,0.66,0.53
1712,87.53,0.01,99.0,542.01,2.59,41.76,0.62,0.68
1713,90.81,0.02,98.0,340.83,1.79,41.78,0.4,0.51
1714,95.47,0.0,100.0,437.84,1.68,42.7,0.31,0.47
1715,18.2,0.01,99.0,380.66,13.09,13.78,0.52,0.36
1716,88.93,0.0,100.0,581.05,2.66,37.08,0.54,0.34
1717,92.18,0.0,100.0,517.45,2.17,39.39,0.72,0.63
1718,95.13,0.0,100.0,580.38,1.73,40.77,0.41,0.77
1719,85.2,0.02,98.0,423.24,2.65,40.41,0.66,0.43
1720,72.2,0.03,97.0,504.92,4.37,37.41,0.72,0.45
1721,88.2,0.01,99.0,364.71,2.48,39.89,0.42,0.77
1722,77.53,0.04,96.0,541.16,3.26,26.24,0.52,0.62
1723,91.6,0.0,100.0,545.65,2.26,34.93,0.52,0.93
1724,80.64,0.02,98.0,387.09,3.35,26.89,0.52,0.79
1725,90.28,0.01,99.0,494.44,2.17,38.81,0.48,0.84
1726,92.27,0.0,100.0,531.21,2.16,38.8,0.47,0.89
1727,91.39,0.0,100.0,489.29,2.29,44.01,0.66,0.92
1728,87.67,0.02,98.0,482.08,2.28,40.57,0.46,0.99
1729,83.07,0.01,99.0,406.51,3.26,32.41,0.51,1.14
1730,92.27,0.01,99.0,464.91,1.87,46.09,0.52,0.9
1731,95.47,0.0,100.0,576.13,1.68,39.52,0.41,0.71
1732,90.0,0.0,100.0,470.22,2.5,35.85,0.37,0.76
1733,93.13,0.02,98.0,426.49,1.44,40.57,0.37,0.9
1734,82.0,0.02,98.0,543.19,3.14,37.21,0.67,0.85
1735,93.13,0.0,100.0,517.24,2.03,32.23,0.49,0.63
1736,86.07,0.01,99.0,556.54,2.81,38.26,0.67,0.85
1737,91.13,0.01,99.0,399.72,2.04,39.21,0.45,0.73
1738,95.7,0.01,99.0,387.94,1.35,43.23,0.47,1.04
1739,92.2,0.0,100.0,647.75,2.17,42.72,0.42,1.02
1740,89.13,0.03,97.0,632.73,1.75,43.59,0.52,0.77
1741,85.22,0.02,98.0,423.88,2.65,29.95,0.66,0.76
1742,72.0,0.0,100.0,478.83,5.2,26.0,0.5,1.07
1743,94.81,0.01,99.0,532.51,1.48,43.94,0.3,0.86
1744,92.59,0.02,98.0,424.6,1.52,40.77,0.51,0.76
1745,92.53,0.01,99.0,601.83,1.83,39.0,0.37,1.19
1746,81.8,0.0,100.0,620.43,3.73,29.0,0.5,0.99
1747,90.53,0.02,98.0,521.24,1.84,39.89,0.44,1.12
1748,87.64,0.01,99.0,483.18,2.57,44.64,0.5,1.05
1749,83.38,0.0,100.0,550.27,3.49,37.88,0.48,0.57
1750,90.37,0.0,100.0,519.74,2.44,46.33,0.38,1.05
1751,84.8,0.02,98.0,363.91,2.71,36.95,0.58,0.94
1752,90.8,0.0,100.0,603.05,2.38,40.39,0.46,1.04
1753,75.33,0.0,100.0,342.29,4.7,37.12,0.69,1.18
1754,80.07,0.01,99.0,327.49,3.72,41.97,0.62,0.85
1755,88.47,0.01,99.0,472.77,2.44,40.68,0.51,0.71
1756,89.13,0.02,98.0,540.86,2.05,45.98,0.33,0.73
1757,95.11,0.01,99.0,523.6,1.44,43.51,0.49,0.76
1758,85.79,0.02,98.0,377.65,2.56,38.54,0.66,0.87
1759,86.4,0.0,100.0,474.19,3.04,37.42,0.49,1.19
1760,91.4,0.0,100.0,684.61,2.29,41.11,0.71,0.74
1761,87.2,0.0,100.0,475.52,2.92,38.3,0.46,0.6
1762,82.87,0.01,99.0,306.37,3.29,29.51,0.56,0.82
1763,87.4,0.02,98.0,517.59,2.32,38.96,0.52,1.17
1764,88.8,0.0,100.0,511.77,2.68,39.95,0.32,0.92
1765,91.47,0.0,100.0,418.61,2.28,42.0,0.48,0.9
1766,84.71,0.0,100.0,473.97,3.29,31.1,0.5,0.39
1767,90.25,0.03,97.0,440.63,1.89,43.94,0.68,0.37
1768,87.93,0.02,98.0,436.0,2.23,41.95,0.27,0.63
1769,87.47,0.02,98.0,651.22,2.31,38.85,0.64,0.73
1770,76.4,0.02,98.0,453.81,4.0,35.9,0.68,0.34
1771,72.0,0.0,100.0,445.28,5.2,22.6,0.51,0.33
1772,86.77,0.0,100.0,349.77,2.98,39.16,0.38,0.33
1773,94.44,0.0,100.0,432.23,1.83,39.41,0.59,0.32
1774,90.13,0.0,100.0,487.67,2.48,44.44,0.69,0.34
1775,86.1,0.02,98.0,591.25,2.51,41.45,0.26,0.67
1776,79.67,0.0,100.0,537.72,4.05,44.81,0.64,0.75
1777,87.33,0.02,98.0,508.74,2.33,39.52,0.68,0.82
1778,87.33,0.02,98.0,610.17,2.33,44.69,0.49,0.99
1779,91.51,0.02,98.0,427.1,1.69,37.57,0.29,1.12
1780,86.33,0.03,97.0,433.61,2.19,37.2,0.54,0.84
1781,82.37,0.02,98.0,431.52,3.09,36.33,0.47,0.51
1782,89.0,0.01,99.0,495.29,2.36,38.65,0.32,0.7
1783,91.36,0.01,99.0,476.41,2.01,40.61,0.38,0.76
1784,81.33,0.0,100.0,396.49,3.8,40.38,0.55,0.62
1785,92.6,0.0,100.0,418.76,2.11,37.64,0.32,0.56
1786,84.13,0.02,98.0,206.02,2.82,39.32,0.57,0.37
1787,86.2,0.03,97.0,306.28,2.21,37.81,0.51,0.34
1788,94.79,0.0,100.0,381.25,1.78,37.76,0.39,0.38
1789,94.69,0.0,100.0,405.5,1.8,42.54,0.47,0.35
1790,94.69,0.0,100.0,302.48,1.8,37.59,0.56,0.37
1791,80.89,0.01,99.0,307.67,3.59,33.31,0.54,0.49
1792,73.48,0.02,98.0,575.46,4.45,31.04,0.56,0.62
1793,76.0,0.0,100.0,536.67,4.6,41.91,0.65,0.36
1794,90.73,0.0,100.0,546.65,2.39,42.22,0.44,0.53
1795,90.07,0.02,98.0,468.09,1.91,41.17,0.42,0.56
1796,73.0,0.03,97.0,418.78,4.25,48.26,0.62,0.57
1797,88.33,0.0,100.0,525.59,2.75,34.92,0.39,0.34
1798,88.51,0.0,100.0,672.62,2.72,34.04,0.66,0.45
1799,48.6,0.01,99.0,668.37,8.48,20.95,0.63,0.67
1800,86.33,0.01,99.0,572.98,2.77,40.81,0.61,0.42
1801,84.93,0.01,99.0,345.69,2.98,35.68,0.6,0.45
1802,78.8,0.0,100.0,385.12,4.18,29.47,0.27,0.37
1803,88.53,0.01,99.0,428.4,2.43,33.92,0.31,0.38
1804,91.6,0.0,100.0,523.42,2.26,38.95,0.42,0.35
1805,94.18,0.0,100.0,360.97,1.87,35.59,0.3,0.47
1806,77.79,0.01,99.0,438.34,4.06,30.3,0.37,0.38
1807,85.8,0.03,97.0,508.66,2.27,35.38,0.49,0.41
1808,49.73,0.02,98.0,499.79,8.08,18.67,0.67,0.41
1809,87.73,0.0,100.0,423.54,2.84,39.64,0.66,0.54
1810,88.73,0.02,98.0,635.91,2.11,38.34,0.49,0.58
1811,89.97,0.0,100.0,345.65,2.5,41.14,0.63,0.37
1812,72.78,0.02,98.0,609.21,4.55,25.79,0.46,0.38
1813,80.12,0.04,96.0,571.47,2.86,45.37,0.53,0.35
1814,84.4,0.01,99.0,541.99,3.06,40.57,0.49,0.38
1815,91.67,0.01,99.0,319.55,1.96,42.42,0.49,0.37
1816,88.59,0.01,99.0,309.29,2.43,37.88,0.32,0.43
1817,90.09,0.0,100.0,391.56,2.49,41.38,0.51,0.37
1818,92.36,0.01,99.0,353.28,1.86,41.23,0.54,0.36
1819,93.29,0.0,100.0,375.45,2.01,35.88,0.55,0.45
1820,91.9,0.01,99.0,575.11,1.92,38.29,0.38,0.63
1821,90.17,0.01,99.0,350.9,2.19,44.14,0.59,0.37
1822,49.2,0.02,98.0,406.42,8.16,19.11,0.65,0.35
1823,92.17,0.0,100.0,395.43,2.17,37.64,0.32,0.37
1824,94.07,0.01,99.0,471.42,1.6,38.92,0.44,0.37
1825,88.73,0.01,99.0,514.32,2.4,46.41,0.7,0.64
1826,87.69,0.0,100.0,483.6,2.85,35.96,0.25,1.1
1827,76.4,0.02,98.0,511.12,4.0,41.02,0.72,0.73
1828,79.2,0.02,98.0,546.19,3.57,27.81,0.36,0.56
1829,90.3,0.01,99.0,293.55,2.17,36.63,0.36,0.67
1830,87.67,0.01,99.0,582.39,2.57,40.67,0.69,0.8
1831,92.13,0.0,100.0,391.85,2.18,41.52,0.4,0.79
1832,79.34,0.03,97.0,466.08,3.27,29.01,0.37,1.11
1833,93.53,0.01,99.0,515.8,1.68,42.85,0.48,1.03
1834,64.0,0.01,99.0,520.95,6.15,23.56,0.43,1.12
1835,85.9,0.03,97.0,620.63,2.25,38.82,0.71,0.95
1836,79.69,0.05,95.0,274.79,2.63,36.72,0.33,0.81
1837,87.38,0.0,100.0,265.1,2.89,39.72,0.46,0.41
1838,98.0,0.0,100.0,431.97,1.3,41.0,0.56,0.52
1839,89.07,0.0,100.0,439.85,2.64,39.16,0.4,0.57
1840,90.4,0.01,99.0,420.09,2.15,37.86,0.52,0.64
1841,89.53,0.01,99.0,514.23,2.28,37.33,0.65,0.72
1842,88.0,0.0,100.0,576.53,2.8,45.27,0.49,0.72
1843,85.4,0.01,99.0,462.78,2.91,28.12,0.55,0.78
1844,86.84,0.01,99.0,269.64,2.69,39.66,0.68,0.63
1845,80.4,0.0,100.0,666.23,3.94,29.95,0.58,0.7
1846,90.6,0.02,98.0,383.63,1.83,33.0,0.15,0.63
1847,89.73,0.02,98.0,288.33,1.96,39.27,0.61,0.61
1848,68.0,0.0,100.0,485.19,5.8,23.61,0.35,0.61
1849,85.47,0.03,97.0,552.69,2.32,35.59,0.46,0.8
1850,85.6,0.04,96.0,390.46,2.0,43.86,0.4,0.52
1851,74.0,0.02,98.0,255.53,4.37,46.15,0.72,0.35
1852,96.4,0.0,100.0,363.01,1.54,41.2,0.39,0.71
1853,82.47,0.02,98.0,373.29,3.07,30.35,0.21,0.85
1854,91.73,0.0,100.0,325.48,2.24,40.9,0.7,0.81
1855,77.67,0.0,100.0,406.08,4.35,28.63,0.3,0.9
1856,95.2,0.0,100.0,346.8,1.72,33.09,0.45,0.68
1857,91.07,0.01,99.0,279.95,2.05,36.88,0.35,0.92
1858,82.74,0.0,100.0,519.42,3.59,32.33,0.44,0.8
1859,86.27,0.01,99.0,537.49,2.78,31.42,0.18,0.97
1860,78.2,0.01,99.0,448.78,4.0,38.44,0.47,0.93
1861,79.2,0.0,100.0,331.92,4.12,35.95,0.5,0.63
1862,91.09,0.01,99.0,347.8,2.05,37.12,0.41,0.4
1863,89.08,0.01,99.0,223.29,2.35,37.19,0.66,0.35
1864,93.34,0.0,100.0,486.16,2.0,43.96,0.36,0.34
1865,77.33,0.0,100.0,571.25,4.4,36.71,0.67,0.34
1866,85.67,0.01,99.0,400.73,2.87,37.09,0.48,0.8
1867,71.2,0.0,100.0,574.7,5.32,35.84,0.6,0.88
1868,91.8,0.01,99.0,553.09,1.94,34.8,0.52,0.66
1869,92.67,0.0,100.0,474.3,2.1,34.63,0.39,0.59
1870,82.13,0.01,99.0,409.46,3.4,30.18,0.43,0.72
1871,94.01,0.0,100.0,337.47,1.9,38.25,0.55,0.75
1872,89.36,0.0,100.0,481.31,2.6,36.22,0.46,0.51
1873,75.6,0.02,98.0,417.34,4.12,36.13,0.74,0.52
1874,86.18,0.02,98.0,460.49,2.5,38.01,0.7,0.56
1875,91.56,0.01,99.0,335.77,1.98,42.42,0.39,0.81
1876,80.0,0.0,100.0,331.75,4.0,37.04,0.45,0.8
1877,85.47,0.02,98.0,456.1,2.61,36.34,0.6,0.68
1878,76.93,0.0,100.0,632.42,4.46,41.14,0.69,0.7
1879,92.8,0.01,99.0,448.2,1.79,36.3,0.53,0.63
1880,84.27,0.02,98.0,384.37,2.8,30.68,0.48,0.58
1881,85.8,0.01,99.0,568.06,2.85,37.41,0.49,0.59
1882,79.49,0.0,100.0,217.32,4.08,25.29,0.28,1.05
1883,91.7,0.01,99.0,292.79,1.95,38.5,0.45,0.41
1884,92.67,0.0,100.0,594.56,2.1,40.29,0.49,0.35
1885,88.07,0.02,98.0,373.78,2.21,37.19,0.67,0.77
1886,89.4,0.01,99.0,425.82,2.3,32.11,0.72,0.89
1887,77.67,0.01,99.0,657.1,4.08,34.17,0.54,0.74
1888,78.4,0.0,100.0,473.95,4.24,41.74,0.73,0.77
1889,51.73,0.0,100.0,735.34,8.24,22.43,0.71,0.76
1890,91.67,0.02,98.0,473.48,1.66,41.55,0.57,0.65
1891,85.87,0.01,99.0,366.93,2.84,29.08,0.47,0.72
1892,77.4,0.01,99.0,470.26,4.12,39.53,0.73,0.83
1893,92.93,0.01,99.0,580.32,1.77,36.54,0.51,0.87
1894,75.8,0.01,99.0,335.3,4.36,33.78,0.69,0.75
1895,90.28,0.01,99.0,424.76,2.17,42.03,0.55,0.75
1896,89.33,0.03,97.0,410.23,1.72,39.93,0.47,0.81
1897,80.0,0.0,100.0,200.0,4.0,42.96,0.73,0.95
1898,88.11,0.01,99.0,398.84,2.5,39.86,0.41,1.04
1899,92.31,0.01,99.0,304.03,1.86,39.21,0.47,0.67
1900,81.07,0.02,98.0,451.43,3.29,39.53,0.63,0.33
1901,94.0,0.0,100.0,269.51,1.9,39.37,0.5,0.34
1902,78.53,0.02,98.0,433.58,3.67,43.35,0.65,0.68
1903,86.53,0.01,99.0,471.08,2.74,34.38,0.41,0.57
1904,88.0,0.0,100.0,400.04,2.8,38.13,0.68,0.39
1905,83.67,0.01,99.0,506.7,3.17,39.06,0.38,0.52
1906,89.73,0.0,100.0,615.78,2.54,40.6,0.46,0.65
1907,92.37,0.02,98.0,519.71,1.56,44.13,0.31,0.77
1908,91.87,0.0,100.0,458.58,2.22,44.66,0.68,1.03
1909,95.72,0.0,100.0,220.06,1.64,38.69,0.42,0.72
1910,93.5,0.0,100.0,348.48,1.98,40.28,0.47,0.6
1911,94.53,0.0,100.0,342.92,1.82,42.6,0.61,0.66
1912,91.77,0.01,99.0,352.26,1.94,35.78,0.42,0.75
1913,89.32,0.01,99.0,283.96,2.32,33.85,0.7,0.56
1914,90.0,0.02,98.0,287.25,1.92,43.19,0.52,0.46
1915,51.27,0.01,99.0,453.63,8.08,20.13,0.5,0.5
1916,86.2,0.0,100.0,453.46,3.07,43.53,0.47,0.64
1917,77.6,0.0,100.0,663.5,4.36,42.35,0.59,0.5
1918,72.0,0.0,100.0,520.94,5.2,27.78,0.48,0.36
1919,96.22,0.0,100.0,444.7,1.57,41.84,0.42,0.35
1920,93.33,0.0,100.0,505.45,2.0,41.93,0.53,0.64
1921,97.73,0.0,100.0,346.83,1.34,38.92,0.52,0.68
1922,89.43,0.0,100.0,434.13,2.59,39.25,0.58,0.73
1923,83.34,0.01,99.0,433.34,3.22,38.46,0.51,0.76
1924,87.93,0.01,99.0,376.88,2.53,43.75,0.7,0.71
1925,77.14,0.0,100.0,340.59,4.43,27.35,0.24,0.38
1926,80.0,0.02,98.0,547.72,3.45,30.23,0.51,0.53
1927,85.85,0.02,98.0,322.28,2.55,42.79,0.32,0.5
1928,89.84,0.01,99.0,323.95,2.24,42.03,0.65,0.68
1929,88.93,0.02,98.0,461.83,2.08,36.04,0.67,0.43
1930,60.0,0.02,98.0,413.54,6.51,28.08,0.43,0.44
1931,70.47,0.01,99.0,476.33,5.17,30.37,0.6,0.81
1932,91.37,0.01,99.0,411.14,2.01,38.4,0.29,0.79
1933,82.0,0.02,98.0,513.78,3.14,29.03,0.47,0.67
1934,93.13,0.0,100.0,368.06,2.03,39.14,0.24,0.95
1935,52.8,0.0,100.0,339.72,8.08,18.91,0.62,0.86
1936,50.73,0.01,99.0,385.25,8.16,20.62,0.57,0.75
1937,90.2,0.01,99.0,386.84,2.18,40.27,0.28,0.36
1938,92.93,0.0,100.0,498.44,2.06,43.02,0.52,0.59
1939,98.28,0.0,100.0,434.62,1.26,39.71,0.47,0.63
1940,88.53,0.02,98.0,369.16,2.14,44.99,0.48,0.48
1941,86.53,0.01,99.0,415.69,2.74,42.63,0.46,0.67
1942,82.67,0.02,98.0,401.02,3.04,32.99,0.61,0.58
1943,91.32,0.0,100.0,447.37,2.3,42.33,0.28,0.58
1944,82.88,0.01,99.0,309.53,3.29,38.73,0.64,0.58
1945,88.2,0.01,99.0,663.45,2.48,45.47,0.65,0.4
1946,77.67,0.01,99.0,374.99,4.08,44.22,0.51,0.33
1947,96.07,0.0,100.0,496.9,1.59,45.5,0.48,0.82
1948,95.27,0.0,100.0,552.1,1.71,43.4,0.41,0.83
1949,89.6,0.0,100.0,529.36,2.56,39.39,0.7,1.1
1950,87.8,0.01,99.0,288.48,2.55,43.8,0.5,0.6
1951,54.8,0.0,100.0,346.86,7.78,22.51,0.47,0.39
1952,96.82,0.0,100.0,395.84,1.48,40.67,0.15,0.53
1953,87.07,0.0,100.0,420.94,2.94,38.13,0.65,1.2
1954,77.31,0.01,99.0,603.59,4.13,40.74,0.54,0.68
1955,92.33,0.0,100.0,321.53,2.15,40.89,0.42,0.75
1956,87.72,0.0,100.0,502.78,2.84,39.87,0.52,0.6
1957,93.92,0.01,99.0,386.86,1.62,35.88,0.34,0.56
1958,88.87,0.01,99.0,480.91,2.38,41.6,0.7,0.69
1959,84.51,0.0,100.0,413.03,3.32,46.72,0.45,0.56
1960,92.97,0.02,98.0,289.75,1.46,41.21,0.37,0.61
1961,87.6,0.0,100.0,452.18,2.86,36.97,0.41,0.59
1962,87.8,0.01,99.0,314.67,2.55,38.94,0.68,0.52
1963,92.8,0.0,100.0,522.54,2.08,38.25,0.41,0.92
1964,77.4,0.01,99.0,500.0,4.12,35.94,0.48,0.77
1965,94.65,0.01,99.0,594.66,1.51,35.35,0.41,0.58
1966,92.93,0.0,100.0,405.75,2.06,37.83,0.55,0.73
1967,94.4,0.0,100.0,428.33,1.84,35.74,0.44,0.82
1968,93.33,0.01,99.0,558.04,1.71,38.91,0.46,0.86
1969,89.19,0.03,97.0,435.58,1.74,40.35,0.26,0.9
1970,84.5,0.03,97.0,458.51,2.47,37.79,0.56,0.94
1971,84.53,0.0,100.0,250.04,3.32,35.91,0.64,0.72
1972,85.84,0.02,98.0,428.03,2.55,41.06,0.51,0.38
1973,91.27,0.01,99.0,426.13,2.02,37.62,0.72,0.35
1974,91.33,0.0,100.0,244.7,2.3,44.11,0.71,0.33
1975,75.13,0.0,100.0,331.69,4.73,22.7,0.26,0.74
1976,94.27,0.0,100.0,639.91,1.86,40.13,0.58,0.82
1977,92.0,0.01,99.0,266.98,1.91,38.75,0.56,0.93
1978,79.73,0.0,100.0,522.44,4.04,38.76,0.75,1.03
1979,89.35,0.03,97.0,397.08,1.72,41.36,0.27,1.05
1980,80.56,0.0,100.0,237.67,3.92,29.52,0.52,0.96
1981,89.37,0.01,99.0,427.31,2.31,35.97,0.53,0.98
1982,73.33,0.06,94.0,312.83,3.34,33.48,0.52,1.11
1983,94.72,0.01,99.0,185.83,1.5,43.67,0.49,1.21
1984,70.4,0.0,100.0,458.19,5.44,40.27,0.61,0.93
1985,92.67,0.01,99.0,368.25,1.81,35.15,0.54,0.83
1986,100.0,0.01,99.0,246.91,1.0,22.14,0.13,0.95
1987,78.22,0.04,96.0,375.39,3.15,32.97,0.45,0.77
1988,93.02,0.01,99.0,546.9,1.75,42.96,0.46,0.91
1989,90.3,0.01,99.0,584.02,2.17,43.58,0.39,0.61
1990,77.4,0.01,99.0,530.38,4.12,43.41,0.52,0.73
1991,92.73,0.01,99.0,622.24,1.8,36.55,0.49,0.8
1992,14.67,0.12,88.0,329.46,11.45,12.79,0.48,0.59
1993,90.27,0.0,100.0,389.82,2.46,35.91,0.43,0.46
1994,96.0,0.0,100.0,627.52,1.6,37.6,0.32,0.46
1995,89.2,0.02,98.0,386.2,2.04,39.83,0.42,0.59
1996,79.06,0.04,96.0,339.2,3.02,34.5,0.41,0.9
1997,82.39,0.02,98.0,573.02,3.08,35.99,0.59,0.72
1998,75.49,0.0,100.0,395.98,4.68,41.75,0.56,0.95
1999,93.8,0.01,99.0,663.41,1.64,44.2,0.46,0.67
2000,75.76,0.0,100.0,409.09,4.64,26.87,0.32,0.48
